日期,月份,方案,EV回退,主队,客队,真实总进球,下注选项,命中概率,期望收益EV,排序分数,总下注额,下注分配,是否命中,本场收益,是否止损,累计收益,当前倍投层级
2015-02-01,2015-02,方案B（P：按命中概率选）,否,HOME,AWAY,1,2/3,0.47041629234311444,-0.24982336153531448,0.47041629234311444,100,"{2: 50.0, 3: 50.0}",未命中,-100.0,否,-100.0,1
2015-02-01,2015-02,方案B（P：按命中概率选）,否,HOME,AWAY,3,2/3,0.47041629234311444,-0.1261244788224627,0.47041629234311444,300,"{2: 150.0, 3: 150.0}",命中,187.5,否,87.5,0
2015-02-01,2015-02,方案B（P：按命中概率选）,否,HOME,AWAY,0,2/3,0.47041629234311444,-0.2408957530674889,0.47041629234311444,100,"{2: 50.0, 3: 50.0}",未命中,-100.0,否,-12.5,1
2015-02-01,2015-02,方案B（P：按命中概率选）,否,HOME,AWAY,2,2/3,0.47041629234311444,-0.2215812155169048,0.47041629234311444,300,"{2: 150.0, 3: 150.0}",命中,210.0,否,197.5,0
2015-02-01,2015-02,方案B（P：按命中概率选）,否,HOME,AWAY,3,2/3,0.47041629234311444,-0.23806295422673662,0.47041629234311444,100,"{2: 50.0, 3: 50.0}",命中,82.5,否,280.0,0
2015-02-01,2015-02,方案B（P：按命中概率选）,否,HOME,AWAY,2,2/3,0.47041629234311444,-0.2453595573014017,0.47041629234311444,100,"{2: 50.0, 3: 50.0}",命中,52.499999999999986,否,332.5,0
2015-02-01,2015-02,方案B（P：按命中概率选）,否,HOME,AWAY,0,2/3,0.47041629234311444,-0.23668947600091728,0.47041629234311444,100,"{2: 50.0, 3: 50.0}",未命中,-100.0,否,232.5,1
2015-02-01,2015-02,方案B（P：按命中概率选）,否,HOME,AWAY,3,2/3,0.47041629234311444,-0.1734236352241152,0.47041629234311444,300,"{2: 150.0, 3: 150.0}",命中,202.5,否,435.0,0
2015-02-01,2015-02,方案B（P：按命中概率选）,否,HOME,AWAY,4,2/3,0.47041629234311444,-0.2487074104768363,0.47041629234311444,100,"{2: 50.0, 3: 50.0}",未命中,-100.0,否,335.0,1
2015-02-01,2015-02,方案B（P：按命中概率选）,否,HOME,AWAY,1,2/3,0.47041629234311444,-0.2243281719685435,0.47041629234311444,300,"{2: 150.0, 3: 150.0}",未命中,-300.0,否,35.0,2
2015-02-01,2015-02,方案B（P：按命中概率选）,否,HOME,AWAY,3,2/3,0.47041629234311444,-0.07908284958815126,0.47041629234311444,900,"{2: 450.0, 3: 450.0}",命中,652.5,否,687.5,0
2015-02-01,2015-02,方案B（P：按命中概率选）,否,HOME,AWAY,0,2/3,0.47041629234311444,-0.24450113341026458,0.47041629234311444,100,"{2: 50.0, 3: 50.0}",未命中,-100.0,否,587.5,1
2015-02-01,2015-02,方案B（P：按命中概率选）,否,HOME,AWAY,1,2/3,0.47041629234311444,-0.24647550835987986,0.47041629234311444,300,"{2: 150.0, 3: 150.0}",未命中,-300.0,否,287.5,2
2015-02-01,2015-02,方案B（P：按命中概率选）,否,HOME,AWAY,2,2/3,0.47041629234311444,-0.20947743865187218,0.47041629234311444,900,"{2: 450.0, 3: 450.0}",命中,337.5,否,625.0,0
2015-02-01,2015-02,方案B（P：按命中概率选）,否,HOME,AWAY,0,2/3,0.47041629234311444,-0.24982336153531448,0.47041629234311444,100,"{2: 50.0, 3: 50.0}",未命中,-100.0,否,525.0,1
2015-02-01,2015-02,方案B（P：按命中概率选）,否,HOME,AWAY,2,2/3,0.47041629234311444,-0.24759145941835803,0.47041629234311444,300,"{2: 150.0, 3: 150.0}",命中,142.5,否,667.5,0
2015-03-01,2015-03,方案B（P：按命中概率选）,否,HOME,AWAY,0,2/3,0.4689664628917714,-0.19344695819175484,0.4689664628917714,100,"{2: 50.0, 3: 50.0}",未命中,-100.0,否,567.5,1
2015-03-01,2015-03,方案B（P：按命中概率选）,否,HOME,AWAY,2,2/3,0.4689664628917714,-0.15324683391074578,0.4689664628917714,300,"{2: 150.0, 3: 150.0}",命中,262.5,否,830.0,0
2015-03-01,2015-03,方案B（P：按命中概率选）,否,HOME,AWAY,2,2/3,0.4689664628917714,-0.19016167388367244,0.4689664628917714,100,"{2: 50.0, 3: 50.0}",命中,75.0,否,905.0,0
2015-03-01,2015-03,方案B（P：按命中概率选）,否,HOME,AWAY,5,2/3,0.4689664628917714,-0.19344695819175484,0.4689664628917714,100,"{2: 50.0, 3: 50.0}",未命中,-100.0,否,805.0,1
2015-03-01,2015-03,方案B（P：按命中概率选）,否,HOME,AWAY,2,2/3,0.4689664628917714,-0.19344695819175484,0.4689664628917714,300,"{2: 150.0, 3: 150.0}",命中,150.0,否,955.0,0
2015-03-01,2015-03,方案B（P：按命中概率选）,否,HOME,AWAY,6,2/3,0.4689664628917714,-0.1675845283671058,0.4689664628917714,100,"{2: 50.0, 3: 50.0}",未命中,-100.0,否,855.0,1
2015-03-01,2015-03,方案B（P：按命中概率选）,否,HOME,AWAY,6,2/3,0.4689664628917714,-0.20081523162393977,0.4689664628917714,300,"{2: 150.0, 3: 150.0}",未命中,-300.0,否,555.0,2
2015-03-01,2015-03,方案B（P：按命中概率选）,否,HOME,AWAY,2,2/3,0.4689664628917714,-0.20081523162393977,0.4689664628917714,900,"{2: 450.0, 3: 450.0}",命中,540.0000000000001,否,1095.0,0
2015-03-01,2015-03,方案B（P：按命中概率选）,否,HOME,AWAY,3,2/3,0.4689664628917714,-0.1953887396518037,0.4689664628917714,100,"{2: 50.0, 3: 50.0}",命中,85.0,否,1180.0,0
2015-03-01,2015-03,方案B（P：按命中概率选）,否,HOME,AWAY,3,2/3,0.4689664628917714,-0.19190402913971627,0.4689664628917714,100,"{2: 50.0, 3: 50.0}",命中,75.0,否,1255.0,0
2015-03-01,2015-03,方案B（P：按命中概率选）,否,HOME,AWAY,2,2/3,0.4689664628917714,-0.19344695819175484,0.4689664628917714,100,"{2: 50.0, 3: 50.0}",命中,50.0,否,1305.0,0
2015-03-01,2015-03,方案B（P：按命中概率选）,否,HOME,AWAY,2,2/3,0.4689664628917714,-0.19190402913971627,0.4689664628917714,100,"{2: 50.0, 3: 50.0}",命中,70.0,否,1375.0,0
2015-03-01,2015-03,方案B（P：按命中概率选）,否,HOME,AWAY,2,2/3,0.4689664628917714,-0.18172279661946067,0.4689664628917714,100,"{2: 50.0, 3: 50.0}",命中,52.499999999999986,否,1427.5,0
2015-03-01,2015-03,方案B（P：按命中概率选）,否,HOME,AWAY,1,2/3,0.4689664628917714,-0.18714928859159685,0.4689664628917714,100,"{2: 50.0, 3: 50.0}",未命中,-100.0,否,1327.5,1
2015-03-01,2015-03,方案B（P：按命中概率选）,否,HOME,AWAY,0,2/3,0.4689664628917714,-0.2034287645080055,0.4689664628917714,300,"{2: 150.0, 3: 150.0}",未命中,-300.0,否,1027.5,2
2015-03-01,2015-03,方案B（P：按命中概率选）,否,HOME,AWAY,1,2/3,0.4689664628917714,-0.17756633468335625,0.4689664628917714,900,"{2: 450.0, 3: 450.0}",未命中,-900.0,否,127.5,3
2015-04-01,2015-04,方案B（P：按命中概率选）,否,HOME,AWAY,1,1/2,0.4721329001992603,-0.18195531503763296,0.4721329001992603,2700,"{1: 1350.0, 2: 1350.0}",命中,2497.5,否,2625.0,0
2015-04-01,2015-04,方案B（P：按命中概率选）,否,HOME,AWAY,2,1/2,0.4721329001992603,-0.24926615418766263,0.4721329001992603,100,"{1: 50.0, 2: 50.0}",命中,50.0,否,2675.0,0
2015-04-01,2015-04,方案B（P：按命中概率选）,否,HOME,AWAY,2,1/2,0.4721329001992603,-0.14888474477592806,0.4721329001992603,100,"{1: 50.0, 2: 50.0}",命中,60.000000000000014,否,2735.0,0
2015-04-01,2015-04,方案B（P：按命中概率选）,否,HOME,AWAY,4,1/2,0.4721329001992603,-0.21502588529933786,0.4721329001992603,100,"{1: 50.0, 2: 50.0}",未命中,-100.0,否,2635.0,1
2015-04-01,2015-04,方案B（P：按命中概率选）,否,HOME,AWAY,2,1/2,0.4721329001992603,-0.05913695924255513,0.4721329001992603,300,"{1: 150.0, 2: 150.0}",命中,210.0,否,2845.0,0
2015-04-01,2015-04,方案B（P：按命中概率选）,否,HOME,AWAY,3,1/2,0.4721329001992603,-0.16600487922009044,0.4721329001992603,100,"{1: 50.0, 2: 50.0}",未命中,-100.0,否,2745.0,1
2015-04-01,2015-04,方案B（P：按命中概率选）,否,HOME,AWAY,1,1/2,0.4721329001992603,-0.22799890643093923,0.4721329001992603,300,"{1: 150.0, 2: 150.0}",命中,240.0,否,2985.0,0
2015-04-01,2015-04,方案B（P：按命中概率选）,否,HOME,AWAY,2,1/2,0.4721329001992603,-0.17780820172507195,0.4721329001992603,100,"{1: 50.0, 2: 50.0}",命中,55.0,否,3040.0,0
2015-04-01,2015-04,方案B（P：按命中概率选）,否,HOME,AWAY,2,1/2,0.4721329001992603,-0.22682920780431948,0.4721329001992603,100,"{1: 50.0, 2: 50.0}",命中,52.499999999999986,否,3092.5,0
2015-04-01,2015-04,方案B（P：按命中概率选）,否,HOME,AWAY,2,1/2,0.4721329001992603,-0.20556196004759597,0.4721329001992603,100,"{1: 50.0, 2: 50.0}",命中,52.499999999999986,否,3145.0,0
2015-04-01,2015-04,方案B（P：按命中概率选）,否,HOME,AWAY,1,1/2,0.4721329001992603,-0.16483518059347058,0.4721329001992603,100,"{1: 50.0, 2: 50.0}",命中,97.5,否,3242.5,0
2015-04-01,2015-04,方案B（P：按命中概率选）,否,HOME,AWAY,3,1/2,0.4721329001992603,-0.05913695924255513,0.4721329001992603,100,"{1: 50.0, 2: 50.0}",未命中,-100.0,否,3142.5,1
2015-04-01,2015-04,方案B（P：按命中概率选）,否,HOME,AWAY,1,1/2,0.4721329001992603,-0.2333157183701201,0.4721329001992603,300,"{1: 150.0, 2: 150.0}",命中,232.5,否,3375.0,0
2015-04-01,2015-04,方案B（P：按命中概率选）,否,HOME,AWAY,3,1/2,0.4721329001992603,-0.24926615418766263,0.4721329001992603,100,"{1: 50.0, 2: 50.0}",未命中,-100.0,否,3275.0,1
2015-04-01,2015-04,方案B（P：按命中概率选）,否,HOME,AWAY,3,1/2,0.4721329001992603,-0.22448981055107986,0.4721329001992603,300,"{1: 150.0, 2: 150.0}",未命中,-300.0,否,2975.0,2
2015-04-01,2015-04,方案B（P：按命中概率选）,否,HOME,AWAY,0,1/2,0.4721329001992603,-0.22034269723851874,0.4721329001992603,900,"{1: 450.0, 2: 450.0}",未命中,-900.0,否,2075.0,3
2015-05-01,2015-05,方案B（P：按命中概率选）,否,HOME,AWAY,2,2/3,0.4592369158468991,-0.21405894890867316,0.4592369158468991,2700,"{2: 1350.0, 3: 1350.0}",命中,1822.5,否,3897.5,0
2015-05-01,2015-05,方案B（P：按命中概率选）,否,HOME,AWAY,2,2/3,0.4592369158468991,-0.1963353972679267,0.4592369158468991,100,"{2: 50.0, 3: 50.0}",命中,75.0,否,3972.5,0
2015-05-01,2015-05,方案B（P：按命中概率选）,否,HOME,AWAY,3,2/3,0.4592369158468991,-0.20190846961718356,0.4592369158468991,100,"{2: 50.0, 3: 50.0}",命中,72.50000000000001,否,4045.0,0
2015-05-01,2015-05,方案B（P：按命中概率选）,否,HOME,AWAY,3,2/3,0.4592369158468991,-0.21405894890867316,0.4592369158468991,100,"{2: 50.0, 3: 50.0}",命中,75.0,否,4120.0,0
2015-05-01,2015-05,方案B（P：按命中概率选）,否,HOME,AWAY,2,2/3,0.4592369158468991,-0.20190846961718356,0.4592369158468991,100,"{2: 50.0, 3: 50.0}",命中,75.0,否,4195.0,0
2015-05-01,2015-05,方案B（P：按命中概率选）,否,HOME,AWAY,3,2/3,0.4592369158468991,-0.184184917976437,0.4592369158468991,100,"{2: 50.0, 3: 50.0}",命中,72.50000000000001,否,4267.5,0
2015-05-01,2015-05,方案B（P：按命中概率选）,否,HOME,AWAY,4,2/3,0.4592369158468991,-0.21963202125793013,0.4592369158468991,100,"{2: 50.0, 3: 50.0}",未命中,-100.0,否,4167.5,1
2015-05-01,2015-05,方案B（P：按命中概率选）,否,HOME,AWAY,0,2/3,0.4592369158468991,-0.2203015776532472,0.4592369158468991,300,"{2: 150.0, 3: 150.0}",未命中,-300.0,否,3867.5,2
2015-05-01,2015-05,方案B（P：按命中概率选）,否,HOME,AWAY,5,2/3,0.4592369158468991,-0.2081510983617576,0.4592369158468991,900,"{2: 450.0, 3: 450.0}",未命中,-900.0,否,2967.5,3
2015-05-01,2015-05,方案B（P：按命中概率选）,否,HOME,AWAY,2,2/3,0.4592369158468991,-0.22097113404856428,0.4592369158468991,2700,"{2: 1350.0, 3: 1350.0}",命中,1552.5,否,4520.0,0
2015-05-01,2015-05,方案B（P：按命中概率选）,否,HOME,AWAY,3,2/3,0.4592369158468991,-0.20458669519845196,0.4592369158468991,100,"{2: 50.0, 3: 50.0}",命中,92.5,否,4612.5,0
2015-05-01,2015-05,方案B（P：按命中概率选）,否,HOME,AWAY,1,2/3,0.4592369158468991,-0.2157328398969659,0.4592369158468991,100,"{2: 50.0, 3: 50.0}",未命中,-100.0,否,4512.5,1
2015-05-01,2015-05,方案B（P：按命中概率选）,否,HOME,AWAY,3,2/3,0.4592369158468991,-0.1428299641480284,0.4592369158468991,300,"{2: 150.0, 3: 150.0}",命中,217.5,否,4730.0,0
2015-05-01,2015-05,方案B（P：按命中概率选）,否,HOME,AWAY,3,2/3,0.4592369158468991,-0.20257802601250074,0.4592369158468991,100,"{2: 50.0, 3: 50.0}",命中,77.49999999999999,否,4807.5,0
2015-05-01,2015-05,方案B（P：按命中概率选）,否,HOME,AWAY,6,2/3,0.4592369158468991,-0.21996679945558872,0.4592369158468991,100,"{2: 50.0, 3: 50.0}",未命中,-100.0,否,4707.5,1
2015-05-01,2015-05,方案B（P：按命中概率选）,否,HOME,AWAY,5,2/3,0.4592369158468991,-0.020773771848754063,0.4592369158468991,300,"{2: 150.0, 3: 150.0}",未命中,-300.0,否,4407.5,2
2015-06-01,2015-06,方案B（P：按命中概率选）,否,HOME,AWAY,2,2/3,0.46781501200599646,0.06727050940639767,0.46781501200599646,900,"{2: 450.0, 3: 450.0}",命中,1394.9999999999998,否,5802.5,0
2015-06-01,2015-06,方案B（P：按命中概率选）,否,HOME,AWAY,0,2/3,0.46781501200599646,-0.20386277375089623,0.46781501200599646,100,"{2: 50.0, 3: 50.0}",未命中,-100.0,否,5702.5,1
2015-06-01,2015-06,方案B（P：按命中概率选）,否,HOME,AWAY,6,2/3,0.46781501200599646,-0.155627140630207,0.46781501200599646,300,"{2: 150.0, 3: 150.0}",未命中,-300.0,否,5402.5,2
2015-06-01,2015-06,方案B（P：按命中概率选）,否,HOME,AWAY,1,2/3,0.46781501200599646,-0.18055511640317312,0.46781501200599646,900,"{2: 450.0, 3: 450.0}",未命中,-900.0,否,4502.5,3
2015-06-01,2015-06,方案B（P：按命中概率选）,否,HOME,AWAY,7,2/3,0.46781501200599646,-0.13769977138681555,0.46781501200599646,2700,"{2: 1350.0, 3: 1350.0}",未命中,-2700.0,否,1802.5,4
2015-06-01,2015-06,方案B（P：按命中概率选）,否,HOME,AWAY,3,2/3,0.46781501200599646,-0.1252357835003326,0.46781501200599646,8100,"{2: 4050.0, 3: 4050.0}",命中,6075.0,否,7877.5,0
2015-06-01,2015-06,方案B（P：按命中概率选）,否,HOME,AWAY,3,2/3,0.46781501200599646,-0.19524184879607887,0.46781501200599646,100,"{2: 50.0, 3: 50.0}",命中,100.0,否,7977.5,0
2015-06-01,2015-06,方案B（P：按命中概率选）,否,HOME,AWAY,5,2/3,0.46781501200599646,-0.13223639002990728,0.46781501200599646,100,"{2: 50.0, 3: 50.0}",未命中,-100.0,否,7877.5,1
2015-06-01,2015-06,方案B（P：按命中概率选）,否,HOME,AWAY,7,2/3,0.46781501200599646,-0.13769977138681555,0.46781501200599646,300,"{2: 150.0, 3: 150.0}",未命中,-300.0,否,7577.5,2
2015-06-01,2015-06,方案B（P：按命中概率选）,否,HOME,AWAY,4,2/3,0.46781501200599646,-0.10884563942960734,0.46781501200599646,900,"{2: 450.0, 3: 450.0}",未命中,-900.0,否,6677.5,3
2015-06-01,2015-06,方案B（P：按命中概率选）,否,HOME,AWAY,4,2/3,0.46781501200599646,-0.14316315274372404,0.46781501200599646,2700,"{2: 1350.0, 3: 1350.0}",未命中,-2700.0,否,3977.5,4
2015-06-01,2015-06,方案B（P：按命中概率选）,否,HOME,AWAY,2,2/3,0.46781501200599646,-0.17808309213902063,0.46781501200599646,8100,"{2: 4050.0, 3: 4050.0}",命中,4050.0,否,8027.5,0
2015-06-01,2015-06,方案B（P：按命中概率选）,否,HOME,AWAY,3,2/3,0.46781501200599646,-0.1197724021434241,0.46781501200599646,100,"{2: 50.0, 3: 50.0}",命中,77.49999999999999,否,8105.0,0
2015-06-01,2015-06,方案B（P：按命中概率选）,否,HOME,AWAY,7,2/3,0.46781501200599646,-0.16809112851669006,0.46781501200599646,100,"{2: 50.0, 3: 50.0}",未命中,-100.0,否,8005.0,1
2015-06-01,2015-06,方案B（P：按命中概率选）,否,HOME,AWAY,4,2/3,0.46781501200599646,-0.20232554857823004,0.46781501200599646,300,"{2: 150.0, 3: 150.0}",未命中,-300.0,否,7705.0,2
2015-06-01,2015-06,方案B（P：按命中概率选）,否,HOME,AWAY,2,2/3,0.46781501200599646,-0.16715632942520386,0.46781501200599646,900,"{2: 450.0, 3: 450.0}",命中,450.0,否,8155.0,0
2015-07-01,2015-07,方案B（P：按命中概率选）,否,HOME,AWAY,7,2/3,0.4683645623063804,-0.20866425956844448,0.4683645623063804,100,"{2: 50.0, 3: 50.0}",未命中,-100.0,否,8055.0,1
2015-07-01,2015-07,方案B（P：按命中概率选）,否,HOME,AWAY,0,2/3,0.4683645623063804,-0.2015886986672919,0.4683645623063804,300,"{2: 150.0, 3: 150.0}",未命中,-300.0,否,7755.0,2
2015-07-01,2015-07,方案B（P：按命中概率选）,否,HOME,AWAY,2,2/3,0.4683645623063804,-0.187688039197771,0.4683645623063804,900,"{2: 450.0, 3: 450.0}",命中,472.4999999999999,否,8227.5,0
2015-07-01,2015-07,方案B（P：按命中概率选）,否,HOME,AWAY,2,2/3,0.4683645623063804,-0.20622225182379883,0.4683645623063804,100,"{2: 50.0, 3: 50.0}",命中,62.5,否,8290.0,0
2015-07-01,2015-07,方案B（P：按命中概率选）,否,HOME,AWAY,4,2/3,0.4683645623063804,-0.15450178010386972,0.4683645623063804,100,"{2: 50.0, 3: 50.0}",未命中,-100.0,否,8190.0,1
2015-07-01,2015-07,方案B（P：按命中概率选）,否,HOME,AWAY,1,2/3,0.4683645623063804,-0.20785025698689596,0.4683645623063804,300,"{2: 150.0, 3: 150.0}",未命中,-300.0,否,7890.0,2
2015-07-01,2015-07,方案B（P：按命中概率选）,否,HOME,AWAY,3,2/3,0.4683645623063804,-0.20785025698689596,0.4683645623063804,900,"{2: 450.0, 3: 450.0}",命中,742.5,否,8632.5,0
2015-07-02,2015-07,方案B（P：按命中概率选）,否,HOME,AWAY,2,2/3,0.4683645623063804,-0.19776914809233348,0.4683645623063804,100,"{2: 50.0, 3: 50.0}",命中,55.0,否,8687.5,0
2015-07-02,2015-07,方案B（P：按命中概率选）,否,HOME,AWAY,2,2/3,0.4683645623063804,-0.19369913518459092,0.4683645623063804,100,"{2: 50.0, 3: 50.0}",命中,67.5,否,8755.0,0
2015-07-02,2015-07,方案B（P：按命中概率选）,否,HOME,AWAY,3,2/3,0.4683645623063804,-0.20403070641193755,0.4683645623063804,100,"{2: 50.0, 3: 50.0}",命中,90.0,否,8845.0,0
2015-07-02,2015-07,方案B（P：按命中概率选）,否,HOME,AWAY,3,2/3,0.4683645623063804,-0.17760693030320862,0.4683645623063804,100,"{2: 50.0, 3: 50.0}",命中,104.99999999999997,否,8950.0,0
2015-07-02,2015-07,方案B（P：按命中概率选）,否,HOME,AWAY,5,2/3,0.4683645623063804,-0.19833268834109785,0.4683645623063804,100,"{2: 50.0, 3: 50.0}",未命中,-100.0,否,8850.0,1
2015-07-02,2015-07,方案B（P：按命中概率选）,否,HOME,AWAY,1,2/3,0.4683645623063804,-0.198583150673882,0.4683645623063804,300,"{2: 150.0, 3: 150.0}",未命中,-300.0,否,8550.0,2
2015-07-02,2015-07,方案B（P：按命中概率选）,否,HOME,AWAY,1,2/3,0.4683645623063804,-0.2124838101434029,0.4683645623063804,900,"{2: 450.0, 3: 450.0}",未命中,-900.0,否,7650.0,3
2015-07-02,2015-07,方案B（P：按命中概率选）,否,HOME,AWAY,1,2/3,0.4683645623063804,-0.198583150673882,0.4683645623063804,2700,"{2: 1350.0, 3: 1350.0}",未命中,-2700.0,否,4950.0,4
2015-07-02,2015-07,方案B（P：按命中概率选）,否,HOME,AWAY,1,2/3,0.4683645623063804,-0.198583150673882,0.4683645623063804,8100,"{2: 4050.0, 3: 4050.0}",未命中,-8100.0,否,-3150.0,5
2015-08-01,2015-08,方案B（P：按命中概率选）,否,HOME,AWAY,0,2/3,0.4695612181090995,-0.20386973220372817,0.4695612181090995,24300,"{2: 12150.0, 3: 12150.0}",未命中,-24300.0,否,-27450.0,6
2015-08-01,2015-08,方案B（P：按命中概率选）,否,HOME,AWAY,2,2/3,0.4695612181090995,-0.19119031137269937,0.4695612181090995,72900,"{2: 36450.0, 3: 36450.0}",命中,40095.0,否,12645.0,0
2015-08-01,2015-08,方案B（P：按命中概率选）,否,HOME,AWAY,5,2/3,0.4695612181090995,-0.2019889514471256,0.4695612181090995,100,"{2: 50.0, 3: 50.0}",未命中,-100.0,否,12545.0,1
2015-08-01,2015-08,方案B（P：按命中概率选）,否,HOME,AWAY,1,2/3,0.4695612181090995,-0.12660979460665933,0.4695612181090995,300,"{2: 150.0, 3: 150.0}",未命中,-300.0,否,12245.0,2
2015-08-01,2015-08,方案B（P：按命中概率选）,否,HOME,AWAY,3,2/3,0.4695612181090995,-0.20362670997113352,0.4695612181090995,900,"{2: 450.0, 3: 450.0}",命中,675.0,否,12920.0,0
2015-08-01,2015-08,方案B（P：按命中概率选）,否,HOME,AWAY,0,2/3,0.4695612181090995,-0.18767177209208885,0.4695612181090995,100,"{2: 50.0, 3: 50.0}",未命中,-100.0,否,12820.0,1
2015-08-01,2015-08,方案B（P：按命中概率选）,否,HOME,AWAY,4,2/3,0.4695612181090995,-0.19401148250760325,0.4695612181090995,300,"{2: 150.0, 3: 150.0}",未命中,-300.0,否,12520.0,2
2015-08-01,2015-08,方案B（P：按命中概率选）,否,HOME,AWAY,0,2/3,0.4695612181090995,-0.17241420235875093,0.4695612181090995,900,"{2: 450.0, 3: 450.0}",未命中,-900.0,否,11620.0,3
2015-08-01,2015-08,方案B（P：按命中概率选）,否,HOME,AWAY,1,2/3,0.4695612181090995,-0.19307109212930196,0.4695612181090995,2700,"{2: 1350.0, 3: 1350.0}",未命中,-2700.0,否,8920.0,4
2015-08-01,2015-08,方案B（P：按命中概率选）,否,HOME,AWAY,0,2/3,0.4695612181090995,-0.20738827148433858,0.4695612181090995,8100,"{2: 4050.0, 3: 4050.0}",未命中,-8100.0,否,820.0,5
2015-08-01,2015-08,方案B（P：按命中概率选）,否,HOME,AWAY,3,2/3,0.4695612181090995,-0.2109068107649491,0.4695612181090995,24300,"{2: 12150.0, 3: 12150.0}",命中,18832.499999999996,否,19652.499999999996,0
2015-08-01,2015-08,方案B（P：按命中概率选）,否,HOME,AWAY,0,2/3,0.4695612181090995,-0.18321284243317715,0.4695612181090995,100,"{2: 50.0, 3: 50.0}",未命中,-100.0,否,19552.499999999996,1
2015-08-01,2015-08,方案B（P：按命中概率选）,否,HOME,AWAY,2,2/3,0.4695612181090995,-0.1956492410316112,0.4695612181090995,300,"{2: 150.0, 3: 150.0}",命中,172.5,否,19724.999999999996,0
2015-08-01,2015-08,方案B（P：按命中概率选）,否,HOME,AWAY,3,2/3,0.4695612181090995,-0.19822738993392042,0.4695612181090995,100,"{2: 50.0, 3: 50.0}",命中,77.49999999999999,否,19802.499999999996,0
2015-08-01,2015-08,方案B（P：按命中概率选）,否,HOME,AWAY,2,2/3,0.4695612181090995,-0.19119031137269937,0.4695612181090995,100,"{2: 50.0, 3: 50.0}",命中,55.0,否,19857.499999999996,0
2015-08-01,2015-08,方案B（P：按命中概率选）,否,HOME,AWAY,3,2/3,0.4695612181090995,-0.2045671003494347,0.4695612181090995,100,"{2: 50.0, 3: 50.0}",命中,77.49999999999999,否,19934.999999999996,0
2015-09-01,2015-09,方案B（P：按命中概率选）,否,HOME,AWAY,4,2/3,0.4630799591564182,-0.20057351968392445,0.4630799591564182,100,"{2: 50.0, 3: 50.0}",未命中,-100.0,否,19834.999999999996,1
2015-09-01,2015-09,方案B（P：按命中概率选）,否,HOME,AWAY,0,2/3,0.4630799591564182,-0.18246874282724435,0.4630799591564182,300,"{2: 150.0, 3: 150.0}",未命中,-300.0,否,19534.999999999996,2
2015-09-01,2015-09,方案B（P：按命中概率选）,否,HOME,AWAY,2,2/3,0.4630799591564182,-0.18801081618726134,0.4630799591564182,900,"{2: 450.0, 3: 450.0}",命中,495.0,否,20029.999999999996,0
2015-09-01,2015-09,方案B（P：按命中概率选）,否,HOME,AWAY,1,2/3,0.4630799591564182,-0.2077148483329483,0.4630799591564182,100,"{2: 50.0, 3: 50.0}",未命中,-100.0,否,19929.999999999996,1
2015-09-01,2015-09,方案B（P：按命中概率选）,否,HOME,AWAY,0,2/3,0.4630799591564182,-0.20057351968392445,0.4630799591564182,300,"{2: 150.0, 3: 150.0}",未命中,-300.0,否,19629.999999999996,2
2015-09-01,2015-09,方案B（P：按命中概率选）,否,HOME,AWAY,1,2/3,0.4630799591564182,-0.20512988852618896,0.4630799591564182,900,"{2: 450.0, 3: 450.0}",未命中,-900.0,否,18729.999999999996,3
2015-09-01,2015-09,方案B（P：按命中概率选）,否,HOME,AWAY,5,2/3,0.4630799591564182,0.053386208568473315,0.4630799591564182,2700,"{2: 1350.0, 3: 1350.0}",未命中,-2700.0,否,16029.999999999996,4
2015-09-01,2015-09,方案B（P：按命中概率选）,否,HOME,AWAY,4,2/3,0.4630799591564182,-0.207221996074072,0.4630799591564182,8100,"{2: 4050.0, 3: 4050.0}",未命中,-8100.0,否,7929.999999999996,5
2015-09-01,2015-09,方案B（P：按命中概率选）,否,HOME,AWAY,4,2/3,0.4630799591564182,-0.21522833072847058,0.4630799591564182,24300,"{2: 12150.0, 3: 12150.0}",未命中,-24300.0,否,-16370.000000000004,6
2015-09-02,2015-09,方案B（P：按命中概率选）,否,HOME,AWAY,5,2/3,0.4630799591564182,-0.2202775518296114,0.4630799591564182,72900,"{2: 36450.0, 3: 36450.0}",未命中,-72900.0,否,-89270.0,7
2015-09-02,2015-09,方案B（P：按命中概率选）,否,HOME,AWAY,2,2/3,0.4630799591564182,-0.20820770059182458,0.4630799591564182,218700,"{2: 109350.0, 3: 109350.0}",命中,142154.99999999997,否,52884.99999999997,0
2015-09-02,2015-09,方案B（P：按命中概率选）,否,HOME,AWAY,3,2/3,0.4630799591564182,-0.20820770059182458,0.4630799591564182,100,"{2: 50.0, 3: 50.0}",命中,77.49999999999999,否,52962.49999999997,0
2015-09-02,2015-09,方案B（P：按命中概率选）,否,HOME,AWAY,0,2/3,0.4630799591564182,-0.20919340510957718,0.4630799591564182,100,"{2: 50.0, 3: 50.0}",未命中,-100.0,否,52862.49999999997,1
2015-09-02,2015-09,方案B（P：按命中概率选）,否,HOME,AWAY,1,2/3,0.4630799591564182,-0.20217277497293118,0.4630799591564182,300,"{2: 150.0, 3: 150.0}",未命中,-300.0,否,52562.49999999997,2
2015-09-02,2015-09,方案B（P：按命中概率选）,否,HOME,AWAY,2,2/3,0.4630799591564182,-0.2132569216929654,0.4630799591564182,900,"{2: 450.0, 3: 450.0}",命中,607.5,否,53169.99999999997,0
2015-09-02,2015-09,方案B（P：按命中概率选）,否,HOME,AWAY,2,2/3,0.4630799591564182,-0.20820770059182458,0.4630799591564182,100,"{2: 50.0, 3: 50.0}",命中,64.99999999999999,否,53234.99999999997,0
2015-10-01,2015-10,方案B（P：按命中概率选）,否,HOME,AWAY,2,2/3,0.46503473568962717,-0.049834675550445184,0.46503473568962717,100,"{2: 50.0, 3: 50.0}",命中,115.0,否,53349.99999999997,0
2015-10-01,2015-10,方案B（P：按命中概率选）,否,HOME,AWAY,2,2/3,0.46503473568962717,-0.19643056420917182,0.46503473568962717,100,"{2: 50.0, 3: 50.0}",命中,55.0,否,53404.99999999997,0
2015-10-01,2015-10,方案B（P：按命中概率选）,否,HOME,AWAY,3,2/3,0.46503473568962717,-0.18796057953111212,0.46503473568962717,100,"{2: 50.0, 3: 50.0}",命中,82.5,否,53487.49999999997,0
2015-10-01,2015-10,方案B（P：按命中概率选）,否,HOME,AWAY,3,2/3,0.46503473568962717,-0.19643056420917182,0.46503473568962717,100,"{2: 50.0, 3: 50.0}",命中,92.5,否,53579.99999999997,0
2015-10-01,2015-10,方案B（P：按命中概率选）,否,HOME,AWAY,3,2/3,0.46503473568962717,-0.21357413896620625,0.46503473568962717,100,"{2: 50.0, 3: 50.0}",命中,87.5,否,53667.49999999997,0
2015-10-01,2015-10,方案B（P：按命中概率选）,否,HOME,AWAY,5,2/3,0.46503473568962717,-0.18796057953111212,0.46503473568962717,100,"{2: 50.0, 3: 50.0}",未命中,-100.0,否,53567.49999999997,1
2015-10-01,2015-10,方案B（P：按命中概率选）,否,HOME,AWAY,4,2/3,0.46503473568962717,-0.20371963756192513,0.46503473568962717,300,"{2: 150.0, 3: 150.0}",未命中,-300.0,否,53267.49999999997,2
2015-10-01,2015-10,方案B（P：按命中概率选）,否,HOME,AWAY,3,2/3,0.46503473568962717,-0.16057565310805832,0.46503473568962717,900,"{2: 450.0, 3: 450.0}",命中,630.0,否,53897.49999999997,0
2015-10-01,2015-10,方案B（P：按命中概率选）,否,HOME,AWAY,3,2/3,0.46503473568962717,-0.2106218606529402,0.46503473568962717,100,"{2: 50.0, 3: 50.0}",命中,75.0,否,53972.49999999997,0
2015-10-01,2015-10,方案B（P：按命中概率选）,否,HOME,AWAY,1,2/3,0.46503473568962717,-0.2080564326014126,0.46503473568962717,100,"{2: 50.0, 3: 50.0}",未命中,-100.0,否,53872.49999999997,1
2015-10-01,2015-10,方案B（P：按命中概率选）,否,HOME,AWAY,5,2/3,0.46503473568962717,-0.22401909603314052,0.46503473568962717,300,"{2: 150.0, 3: 150.0}",未命中,-300.0,否,53572.49999999997,2
2015-10-01,2015-10,方案B（P：按命中概率选）,否,HOME,AWAY,1,2/3,0.46503473568962717,-0.19840553659804638,0.46503473568962717,900,"{2: 450.0, 3: 450.0}",未命中,-900.0,否,52672.49999999997,3
2015-10-01,2015-10,方案B（P：按命中概率选）,否,HOME,AWAY,2,2/3,0.46503473568962717,-0.2179109340056935,0.46503473568962717,2700,"{2: 1350.0, 3: 1350.0}",命中,1552.5,否,54224.99999999997,0
2015-10-01,2015-10,方案B（P：按命中概率选）,否,HOME,AWAY,2,2/3,0.46503473568962717,-0.22283818470783412,0.46503473568962717,100,"{2: 50.0, 3: 50.0}",命中,60.000000000000014,否,54284.99999999997,0
2015-10-01,2015-10,方案B（P：按命中概率选）,否,HOME,AWAY,3,2/3,0.46503473568962717,-0.2019482705739657,0.46503473568962717,100,"{2: 50.0, 3: 50.0}",命中,90.0,否,54374.99999999997,0
2015-10-01,2015-10,方案B（P：按命中概率选）,否,HOME,AWAY,2,2/3,0.46503473568962717,-0.20253872623661873,0.46503473568962717,100,"{2: 50.0, 3: 50.0}",命中,52.499999999999986,否,54427.49999999997,0
2015-11-01,2015-11,方案B（P：按命中概率选）,否,HOME,AWAY,3,2/3,0.4661841051498091,-0.20592760258373177,0.4661841051498091,100,"{2: 50.0, 3: 50.0}",命中,87.5,否,54514.99999999997,0
2015-11-01,2015-11,方案B（P：按命中概率选）,否,HOME,AWAY,4,2/3,0.4661841051498091,-0.211426605232506,0.4661841051498091,100,"{2: 50.0, 3: 50.0}",未命中,-100.0,否,54414.99999999997,1
2015-11-01,2015-11,方案B（P：按命中概率选）,否,HOME,AWAY,3,2/3,0.4661841051498091,-0.21077000790130906,0.4661841051498091,300,"{2: 150.0, 3: 150.0}",命中,247.5,否,54662.49999999997,0
2015-11-01,2015-11,方案B（P：按命中概率选）,否,HOME,AWAY,3,2/3,0.4661841051498091,-0.17317981069028576,0.4661841051498091,100,"{2: 50.0, 3: 50.0}",命中,80.0,否,54742.49999999997,0
2015-11-01,2015-11,方案B（P：按命中概率选）,否,HOME,AWAY,3,2/3,0.4661841051498091,-0.19714561327897306,0.4661841051498091,100,"{2: 50.0, 3: 50.0}",命中,77.49999999999999,否,54819.99999999997,0
2015-11-01,2015-11,方案B（P：按命中概率选）,否,HOME,AWAY,3,2/3,0.4661841051498091,-0.15955541606794976,0.4661841051498091,100,"{2: 50.0, 3: 50.0}",命中,75.0,否,54894.99999999997,0
2015-11-01,2015-11,方案B（P：按命中概率选）,否,HOME,AWAY,3,2/3,0.4661841051498091,-0.17055342136549811,0.4661841051498091,100,"{2: 50.0, 3: 50.0}",命中,70.0,否,54964.99999999997,0
2015-11-01,2015-11,方案B（P：按命中概率选）,否,HOME,AWAY,2,2/3,0.4661841051498091,-0.20592760258373177,0.4661841051498091,100,"{2: 50.0, 3: 50.0}",命中,55.0,否,55019.99999999997,0
2015-11-01,2015-11,方案B（P：按命中概率选）,否,HOME,AWAY,6,2/3,0.4661841051498091,-0.14108861612803647,0.4661841051498091,100,"{2: 50.0, 3: 50.0}",未命中,-100.0,否,54919.99999999997,1
2015-11-01,2015-11,方案B（P：按命中概率选）,否,HOME,AWAY,4,2/3,0.4661841051498091,-0.20658419991492882,0.4661841051498091,300,"{2: 150.0, 3: 150.0}",未命中,-300.0,否,54619.99999999997,2
2015-11-01,2015-11,方案B（P：按命中概率选）,否,HOME,AWAY,1,2/3,0.4661841051498091,-0.21077000790130906,0.4661841051498091,900,"{2: 450.0, 3: 450.0}",未命中,-900.0,否,53719.99999999997,3
2015-11-01,2015-11,方案B（P：按命中概率选）,否,HOME,AWAY,2,2/3,0.4661841051498091,-0.20042859993495776,0.4661841051498091,2700,"{2: 1350.0, 3: 1350.0}",命中,1485.0,否,55204.99999999997,0
2015-11-01,2015-11,方案B（P：按命中概率选）,否,HOME,AWAY,2,2/3,0.4661841051498091,-0.20198801859655036,0.4661841051498091,100,"{2: 50.0, 3: 50.0}",命中,70.0,否,55274.99999999997,0
2015-11-01,2015-11,方案B（P：按命中概率选）,否,HOME,AWAY,1,2/3,0.4661841051498091,-0.2010851972661547,0.4661841051498091,100,"{2: 50.0, 3: 50.0}",未命中,-100.0,否,55174.99999999997,1
2015-11-01,2015-11,方案B（P：按命中概率选）,否,HOME,AWAY,3,2/3,0.4661841051498091,-0.20198801859655036,0.4661841051498091,300,"{2: 150.0, 3: 150.0}",命中,217.5,否,55392.49999999997,0
2015-11-01,2015-11,方案B（P：按命中概率选）,否,HOME,AWAY,3,2/3,0.4661841051498091,-0.20395781059014118,0.4661841051498091,100,"{2: 50.0, 3: 50.0}",命中,80.0,否,55472.49999999997,0
2015-12-01,2015-12,方案B（P：按命中概率选）,否,HOME,AWAY,0,2/3,0.46503473568962717,-0.19111646324529308,0.46503473568962717,100,"{2: 50.0, 3: 50.0}",未命中,-100.0,否,55372.49999999997,1
2015-12-01,2015-12,方案B（P：按命中概率选）,否,HOME,AWAY,2,2/3,0.46503473568962717,-0.1794905948530523,0.46503473568962717,300,"{2: 150.0, 3: 150.0}",命中,240.0,否,55612.49999999997,0
2015-12-01,2015-12,方案B（P：按命中概率选）,否,HOME,AWAY,4,2/3,0.46503473568962717,-0.13062529863347683,0.46503473568962717,100,"{2: 50.0, 3: 50.0}",未命中,-100.0,否,55512.49999999997,1
2015-12-01,2015-12,方案B（P：按命中概率选）,否,HOME,AWAY,0,2/3,0.46503473568962717,-0.16668381513550523,0.46503473568962717,300,"{2: 150.0, 3: 150.0}",未命中,-300.0,否,55212.49999999997,2
2015-12-01,2015-12,方案B（P：按命中概率选）,否,HOME,AWAY,4,2/3,0.46503473568962717,-0.2118027719782466,0.46503473568962717,900,"{2: 450.0, 3: 450.0}",未命中,-900.0,否,54312.49999999997,3
2015-12-01,2015-12,方案B（P：按命中概率选）,否,HOME,AWAY,4,2/3,0.46503473568962717,-0.2068755212761061,0.46503473568962717,2700,"{2: 1350.0, 3: 1350.0}",未命中,-2700.0,否,51612.49999999997,4
2015-12-01,2015-12,方案B（P：按命中概率选）,否,HOME,AWAY,3,2/3,0.46503473568962717,-0.21239322764089985,0.46503473568962717,8100,"{2: 4050.0, 3: 4050.0}",命中,6682.5,否,58294.99999999997,0
2015-12-01,2015-12,方案B（P：按命中概率选）,否,HOME,AWAY,2,2/3,0.46503473568962717,-0.11289126821378925,0.46503473568962717,100,"{2: 50.0, 3: 50.0}",命中,104.99999999999997,否,58399.99999999997,0
2015-12-01,2015-12,方案B（P：按命中概率选）,否,HOME,AWAY,4,2/3,0.46503473568962717,-0.1495402403784709,0.46503473568962717,100,"{2: 50.0, 3: 50.0}",未命中,-100.0,否,58299.99999999997,1
2015-12-01,2015-12,方案B（P：按命中概率选）,否,HOME,AWAY,2,2/3,0.46503473568962717,-0.2179109340056935,0.46503473568962717,300,"{2: 150.0, 3: 150.0}",命中,172.5,否,58472.49999999997,0
2015-12-01,2015-12,方案B（P：按命中概率选）,否,HOME,AWAY,1,2/3,0.46503473568962717,-0.17279197716295225,0.46503473568962717,100,"{2: 50.0, 3: 50.0}",未命中,-100.0,否,58372.49999999997,1
2015-12-01,2015-12,方案B（P：按命中概率选）,否,HOME,AWAY,3,2/3,0.46503473568962717,-0.12510759226868307,0.46503473568962717,300,"{2: 150.0, 3: 150.0}",命中,225.0,否,58597.49999999997,0
2015-12-01,2015-12,方案B（P：按命中概率选）,否,HOME,AWAY,3,2/3,0.46503473568962717,-0.19840553659804638,0.46503473568962717,100,"{2: 50.0, 3: 50.0}",命中,75.0,否,58672.49999999997,0
2015-12-01,2015-12,方案B（P：按命中概率选）,否,HOME,AWAY,2,2/3,0.46503473568962717,-0.21239322764089985,0.46503473568962717,100,"{2: 50.0, 3: 50.0}",命中,57.5,否,58729.99999999997,0
2015-12-01,2015-12,方案B（P：按命中概率选）,否,HOME,AWAY,2,2/3,0.46503473568962717,-0.15446749108061142,0.46503473568962717,100,"{2: 50.0, 3: 50.0}",命中,92.5,否,58822.49999999997,0
2015-12-01,2015-12,方案B（P：按命中概率选）,否,HOME,AWAY,0,2/3,0.46503473568962717,-0.18500830121784606,0.46503473568962717,100,"{2: 50.0, 3: 50.0}",未命中,-100.0,否,58722.49999999997,1
2016-01-01,2016-01,方案B（P：按命中概率选）,否,HOME,AWAY,1,2/3,0.4679580007632552,-0.20369146870119403,0.4679580007632552,300,"{2: 150.0, 3: 150.0}",未命中,-300.0,否,58422.49999999997,2
2016-01-01,2016-01,方案B（P：按命中概率选）,否,HOME,AWAY,3,2/3,0.4679580007632552,-0.19667209868974522,0.4679580007632552,900,"{2: 450.0, 3: 450.0}",命中,765.0,否,59187.49999999997,0
2016-01-01,2016-01,方案B（P：按命中概率选）,否,HOME,AWAY,0,2/3,0.4679580007632552,-0.1826333586668476,0.4679580007632552,100,"{2: 50.0, 3: 50.0}",未命中,-100.0,否,59087.49999999997,1
2016-01-02,2016-01,方案B（P：按命中概率选）,否,HOME,AWAY,3,2/3,0.4679580007632552,-0.19433230868592888,0.4679580007632552,300,"{2: 150.0, 3: 150.0}",命中,292.5,否,59379.99999999997,0
2016-01-02,2016-01,方案B（P：按命中概率选）,否,HOME,AWAY,3,2/3,0.4679580007632552,-0.16859461864394987,0.4679580007632552,100,"{2: 50.0, 3: 50.0}",命中,75.0,否,59454.99999999997,0
2016-01-02,2016-01,方案B（P：按命中概率选）,否,HOME,AWAY,2,2/3,0.4679580007632552,-0.2052513287037382,0.4679580007632552,100,"{2: 50.0, 3: 50.0}",命中,50.0,否,59504.99999999997,0
2016-01-02,2016-01,方案B（P：按命中概率选）,否,HOME,AWAY,3,2/3,0.4679580007632552,-0.18809286867575215,0.4679580007632552,100,"{2: 50.0, 3: 50.0}",命中,77.49999999999999,否,59582.49999999997,0
2016-01-02,2016-01,方案B（P：按命中概率选）,否,HOME,AWAY,2,2/3,0.4679580007632552,-0.2083710487088266,0.4679580007632552,100,"{2: 50.0, 3: 50.0}",命中,57.5,否,59639.99999999997,0
2016-01-02,2016-01,方案B（P：按命中概率选）,否,HOME,AWAY,1,2/3,0.4679580007632552,-0.11321958855363135,0.4679580007632552,100,"{2: 50.0, 3: 50.0}",未命中,-100.0,否,59539.99999999997,1
2016-01-02,2016-01,方案B（P：按命中概率选）,否,HOME,AWAY,0,2/3,0.4679580007632552,-0.19901188869356146,0.4679580007632552,300,"{2: 150.0, 3: 150.0}",未命中,-300.0,否,59239.99999999997,2
2016-01-02,2016-01,方案B（P：按命中概率选）,否,HOME,AWAY,3,2/3,0.4679580007632552,-0.20213160869864988,0.4679580007632552,900,"{2: 450.0, 3: 450.0}",命中,742.5,否,59982.49999999997,0
2016-01-02,2016-01,方案B（P：按命中概率选）,否,HOME,AWAY,4,2/3,0.4679580007632552,-0.1561157386235964,0.4679580007632552,100,"{2: 50.0, 3: 50.0}",未命中,-100.0,否,59882.49999999997,1
2016-01-02,2016-01,方案B（P：按命中概率选）,否,HOME,AWAY,3,2/3,0.4679580007632552,-0.19433230868592888,0.4679580007632552,300,"{2: 150.0, 3: 150.0}",命中,292.5,否,60174.99999999997,0
2016-01-02,2016-01,方案B（P：按命中概率选）,否,HOME,AWAY,3,2/3,0.4679580007632552,-0.2005717486961056,0.4679580007632552,100,"{2: 50.0, 3: 50.0}",命中,77.49999999999999,否,60252.49999999997,0
2016-01-02,2016-01,方案B（P：按命中概率选）,否,HOME,AWAY,2,2/3,0.4679580007632552,-0.20759111870755453,0.4679580007632552,100,"{2: 50.0, 3: 50.0}",命中,60.000000000000014,否,60312.49999999997,0
2016-01-02,2016-01,方案B（P：按命中概率选）,否,HOME,AWAY,0,2/3,0.4679580007632552,-0.21539041872027542,0.4679580007632552,100,"{2: 50.0, 3: 50.0}",未命中,-100.0,否,60212.49999999997,1
2016-02-01,2016-02,方案B（P：按命中概率选）,否,HOME,AWAY,2,2/3,0.46543177847913697,0.0735551416762199,0.46543177847913697,300,"{2: 150.0, 3: 150.0}",命中,495.0,否,60707.49999999997,0
2016-02-01,2016-02,方案B（P：按命中概率选）,否,HOME,AWAY,2,2/3,0.46543177847913697,-0.2050915151764212,0.46543177847913697,100,"{2: 50.0, 3: 50.0}",命中,62.5,否,60769.99999999997,0
2016-02-01,2016-02,方案B（P：按命中概率选）,否,HOME,AWAY,3,2/3,0.46543177847913697,-0.20754115611578516,0.46543177847913697,100,"{2: 50.0, 3: 50.0}",命中,90.0,否,60859.99999999997,0
2016-02-01,2016-02,方案B（P：按命中概率选）,否,HOME,AWAY,3,2/3,0.46543177847913697,-0.1928433104796019,0.46543177847913697,100,"{2: 50.0, 3: 50.0}",命中,80.0,否,60939.99999999997,0
2016-02-01,2016-02,方案B（P：按命中概率选）,否,HOME,AWAY,5,2/3,0.46543177847913697,-0.17447100343437283,0.46543177847913697,100,"{2: 50.0, 3: 50.0}",未命中,-100.0,否,60839.99999999997,1
2016-02-01,2016-02,方案B（P：按命中概率选）,否,HOME,AWAY,4,2/3,0.46543177847913697,-0.19896741282801167,0.46543177847913697,300,"{2: 150.0, 3: 150.0}",未命中,-300.0,否,60539.99999999997,2
2016-02-01,2016-02,方案B（P：按命中概率选）,否,HOME,AWAY,4,2/3,0.46543177847913697,-0.20202946400221644,0.46543177847913697,900,"{2: 450.0, 3: 450.0}",未命中,-900.0,否,59639.99999999997,3
2016-02-01,2016-02,方案B（P：按命中概率选）,否,HOME,AWAY,6,2/3,0.46543177847913697,-0.16773449085112213,0.46543177847913697,2700,"{2: 1350.0, 3: 1350.0}",未命中,-2700.0,否,56939.99999999997,4
2016-02-01,2016-02,方案B（P：按命中概率选）,否,HOME,AWAY,1,2/3,0.46543177847913697,-0.19896741282801167,0.46543177847913697,8100,"{2: 4050.0, 3: 4050.0}",未命中,-8100.0,否,48839.99999999997,5
2016-02-01,2016-02,方案B（P：按命中概率选）,否,HOME,AWAY,4,2/3,0.46543177847913697,-0.20019223329769353,0.46543177847913697,24300,"{2: 12150.0, 3: 12150.0}",未命中,-24300.0,否,24539.99999999997,6
2016-02-01,2016-02,方案B（P：按命中概率选）,否,HOME,AWAY,0,2/3,0.46543177847913697,-0.1995798230628525,0.46543177847913697,72900,"{2: 36450.0, 3: 36450.0}",未命中,-72900.0,否,-48360.00000000003,7
2016-02-01,2016-02,方案B（P：按命中概率选）,否,HOME,AWAY,5,2/3,0.46543177847913697,-0.1995798230628525,0.46543177847913697,218700,"{2: 109350.0, 3: 109350.0}",未命中,-218700.0,是,-267060.0,0
2016-02-01,2016-02,方案B（P：按命中概率选）,否,HOME,AWAY,0,2/3,0.46543177847913697,-0.1603855680330305,0.46543177847913697,100,"{2: 50.0, 3: 50.0}",未命中,-100.0,否,-267160.0,1
2016-02-01,2016-02,方案B（P：按命中概率选）,否,HOME,AWAY,3,2/3,0.46543177847913697,-0.21182802775967202,0.46543177847913697,300,"{2: 150.0, 3: 150.0}",命中,247.5,否,-266912.5,0
2016-02-01,2016-02,方案B（P：按命中概率选）,否,HOME,AWAY,0,2/3,0.46543177847913697,-0.20876597658546714,0.46543177847913697,100,"{2: 50.0, 3: 50.0}",未命中,-100.0,否,-267012.5,1
2016-02-01,2016-02,方案B（P：按命中概率选）,否,HOME,AWAY,1,2/3,0.46543177847913697,-0.19774259235832958,0.46543177847913697,300,"{2: 150.0, 3: 150.0}",未命中,-300.0,否,-267312.5,2
2016-03-01,2016-03,方案B（P：按命中概率选）,否,HOME,AWAY,0,2/3,0.46873715992698084,-0.18599331007318542,0.46873715992698084,900,"{2: 450.0, 3: 450.0}",未命中,-900.0,否,-268212.5,3
2016-03-01,2016-03,方案B（P：按命中概率选）,否,HOME,AWAY,6,2/3,0.46873715992698084,-0.19771173907135986,0.46873715992698084,2700,"{2: 1350.0, 3: 1350.0}",未命中,-2700.0,否,-270912.5,4
2016-03-01,2016-03,方案B（P：按命中概率选）,否,HOME,AWAY,2,2/3,0.46873715992698084,-0.2065398316946495,0.46873715992698084,8100,"{2: 4050.0, 3: 4050.0}",命中,4860.0,否,-266052.5,0
2016-03-01,2016-03,方案B（P：按命中概率选）,否,HOME,AWAY,6,2/3,0.46873715992698084,-0.1734266301823817,0.46873715992698084,100,"{2: 50.0, 3: 50.0}",未命中,-100.0,否,-266152.5,1
2016-03-01,2016-03,方案B（P：按命中概率选）,否,HOME,AWAY,5,2/3,0.46873715992698084,-0.10430989078296093,0.46873715992698084,300,"{2: 150.0, 3: 150.0}",未命中,-300.0,否,-266452.5,2
2016-03-01,2016-03,方案B（P：按命中概率选）,否,HOME,AWAY,1,2/3,0.46873715992698084,-0.1836056408939326,0.46873715992698084,900,"{2: 450.0, 3: 450.0}",未命中,-900.0,否,-267352.5,3
2016-03-01,2016-03,方案B（P：按命中概率选）,否,HOME,AWAY,4,2/3,0.46873715992698084,-0.20364949531976473,0.46873715992698084,2700,"{2: 1350.0, 3: 1350.0}",未命中,-2700.0,否,-270052.5,4
2016-03-01,2016-03,方案B（P：按命中概率选）,否,HOME,AWAY,2,2/3,0.46873715992698084,-0.2065398316946495,0.46873715992698084,8100,"{2: 4050.0, 3: 4050.0}",命中,4860.0,否,-265192.5,0
2016-03-01,2016-03,方案B（P：按命中概率选）,否,HOME,AWAY,3,2/3,0.46873715992698084,-0.19991090805225054,0.46873715992698084,100,"{2: 50.0, 3: 50.0}",命中,97.5,否,-265095.0,0
2016-03-01,2016-03,方案B（P：按命中概率选）,否,HOME,AWAY,2,2/3,0.46873715992698084,-0.01973613511785144,0.46873715992698084,100,"{2: 50.0, 3: 50.0}",命中,129.99999999999997,否,-264965.0,0
2016-03-01,2016-03,方案B（P：按命中概率选）,否,HOME,AWAY,0,2/3,0.46873715992698084,-0.18599331007318542,0.46873715992698084,100,"{2: 50.0, 3: 50.0}",未命中,-100.0,否,-265065.0,1
2016-03-01,2016-03,方案B（P：按命中概率选）,否,HOME,AWAY,1,2/3,0.46873715992698084,-0.19821440626699205,0.46873715992698084,300,"{2: 150.0, 3: 150.0}",未命中,-300.0,否,-265365.0,2
2016-03-01,2016-03,方案B（P：按命中概率选）,否,HOME,AWAY,5,2/3,0.46873715992698084,-0.19397315180384578,0.46873715992698084,900,"{2: 450.0, 3: 450.0}",未命中,-900.0,否,-266265.0,3
2016-03-01,2016-03,方案B（P：按命中概率选）,否,HOME,AWAY,3,2/3,0.46873715992698084,-0.1671432902369797,0.46873715992698084,2700,"{2: 1350.0, 3: 1350.0}",命中,2025.0,否,-264240.0,0
2016-03-01,2016-03,方案B（P：按命中概率选）,否,HOME,AWAY,4,2/3,0.46873715992698084,0.027137580874846634,0.46873715992698084,100,"{2: 50.0, 3: 50.0}",未命中,-100.0,否,-264340.0,1
2016-03-01,2016-03,方案B（P：按命中概率选）,否,HOME,AWAY,5,2/3,0.46873715992698084,-0.19397315180384578,0.46873715992698084,300,"{2: 150.0, 3: 150.0}",未命中,-300.0,否,-264640.0,2
2016-04-01,2016-04,方案B（P：按命中概率选）,否,HOME,AWAY,3,2/3,0.4697279656095994,-0.17162266118938319,0.4697279656095994,900,"{2: 450.0, 3: 450.0}",命中,675.0,否,-263965.0,0
2016-04-01,2016-04,方案B（P：按命中概率选）,否,HOME,AWAY,2,2/3,0.4697279656095994,-0.19799985601205028,0.4697279656095994,100,"{2: 50.0, 3: 50.0}",命中,64.99999999999999,否,-263900.0,0
2016-04-01,2016-04,方案B（P：按命中概率选）,否,HOME,AWAY,3,2/3,0.4697279656095994,-0.1833658603296231,0.4697279656095994,100,"{2: 50.0, 3: 50.0}",命中,72.50000000000001,否,-263827.5,0
2016-04-01,2016-04,方案B（P：按命中概率选）,否,HOME,AWAY,2,2/3,0.4697279656095994,-0.1999270537068416,0.4697279656095994,100,"{2: 50.0, 3: 50.0}",命中,60.000000000000014,否,-263767.5,0
2016-04-01,2016-04,方案B（P：按命中概率选）,否,HOME,AWAY,3,2/3,0.4697279656095994,-0.18432945917701882,0.4697279656095994,100,"{2: 50.0, 3: 50.0}",命中,75.0,否,-263692.5,0
2016-04-01,2016-04,方案B（P：按命中概率选）,否,HOME,AWAY,5,2/3,0.4697279656095994,-0.029348879721155408,0.4697279656095994,100,"{2: 50.0, 3: 50.0}",未命中,-100.0,否,-263792.5,1
2016-04-01,2016-04,方案B（P：按命中概率选）,否,HOME,AWAY,5,2/3,0.4697279656095994,-0.1989634548594459,0.4697279656095994,300,"{2: 150.0, 3: 150.0}",未命中,-300.0,否,-264092.5,2
2016-04-02,2016-04,方案B（P：按命中概率选）,否,HOME,AWAY,0,2/3,0.4697279656095994,-0.2033896561584725,0.4697279656095994,900,"{2: 450.0, 3: 450.0}",未命中,-900.0,否,-264992.5,3
2016-04-02,2016-04,方案B（P：按命中概率选）,否,HOME,AWAY,2,2/3,0.4697279656095994,-0.20185425140163304,0.4697279656095994,2700,"{2: 1350.0, 3: 1350.0}",命中,1485.0,否,-263507.5,0
2016-04-02,2016-04,方案B（P：按命中概率选）,否,HOME,AWAY,6,2/3,0.4697279656095994,-0.17162266118938319,0.4697279656095994,100,"{2: 50.0, 3: 50.0}",未命中,-100.0,否,-263607.5,1
2016-04-02,2016-04,方案B（P：按命中概率选）,否,HOME,AWAY,2,2/3,0.4697279656095994,-0.1831858473581316,0.4697279656095994,300,"{2: 150.0, 3: 150.0}",命中,142.5,否,-263465.0,0
2016-04-02,2016-04,方案B（P：按命中概率选）,否,HOME,AWAY,3,2/3,0.4697279656095994,-0.1724062470652874,0.4697279656095994,100,"{2: 50.0, 3: 50.0}",命中,110.0,否,-263355.0,0
2016-04-02,2016-04,方案B（P：按命中概率选）,否,HOME,AWAY,2,2/3,0.4697279656095994,-0.19839164895000239,0.4697279656095994,100,"{2: 50.0, 3: 50.0}",命中,50.0,否,-263305.0,0
2016-04-02,2016-04,方案B（P：按命中概率选）,否,HOME,AWAY,0,2/3,0.4697279656095994,-0.18761204865715808,0.4697279656095994,100,"{2: 50.0, 3: 50.0}",未命中,-100.0,否,-263405.0,1
2016-04-02,2016-04,方案B（P：按命中概率选）,否,HOME,AWAY,3,2/3,0.4697279656095994,-0.1939654476509759,0.4697279656095994,300,"{2: 150.0, 3: 150.0}",命中,300.0,否,-263105.0,0
2016-04-02,2016-04,方案B（P：按命中概率选）,否,HOME,AWAY,3,2/3,0.4697279656095994,-0.1616266467724431,0.4697279656095994,100,"{2: 50.0, 3: 50.0}",命中,115.0,否,-262990.0,0
2016-05-01,2016-05,方案B（P：按命中概率选）,否,HOME,AWAY,6,2/3,0.46720616866671627,-0.19624000717867585,0.46720616866671627,100,"{2: 50.0, 3: 50.0}",未命中,-100.0,否,-263090.0,1
2016-05-01,2016-05,方案B（P：按命中概率选）,否,HOME,AWAY,2,2/3,0.46720616866671627,-0.19768710593118322,0.46720616866671627,300,"{2: 150.0, 3: 150.0}",命中,180.0,否,-262910.0,0
2016-05-01,2016-05,方案B（P：按命中概率选）,否,HOME,AWAY,1,2/3,0.46720616866671627,-0.10796698327571663,0.46720616866671627,100,"{2: 50.0, 3: 50.0}",未命中,-100.0,否,-263010.0,1
2016-05-01,2016-05,方案B（P：按命中概率选）,否,HOME,AWAY,1,2/3,0.46720616866671627,-0.14662519280698905,0.46720616866671627,300,"{2: 150.0, 3: 150.0}",未命中,-300.0,否,-263310.0,2
2016-05-01,2016-05,方案B（P：按命中概率选）,否,HOME,AWAY,1,2/3,0.46720616866671627,-0.13897624225802074,0.46720616866671627,900,"{2: 450.0, 3: 450.0}",未命中,-900.0,否,-264210.0,3
2016-05-01,2016-05,方案B（P：按命中概率选）,否,HOME,AWAY,3,2/3,0.46720616866671627,-0.18931460600596117,0.46720616866671627,2700,"{2: 1350.0, 3: 1350.0}",命中,2092.4999999999995,否,-262117.5,0
2016-05-01,2016-05,方案B（P：按命中概率选）,否,HOME,AWAY,3,2/3,0.46720616866671627,-0.18931460600596117,0.46720616866671627,100,"{2: 50.0, 3: 50.0}",命中,77.49999999999999,否,-262040.0,0
2016-05-01,2016-05,方案B（P：按命中概率选）,否,HOME,AWAY,5,2/3,0.46720616866671627,-0.2031654083513903,0.46720616866671627,100,"{2: 50.0, 3: 50.0}",未命中,-100.0,否,-262140.0,1
2016-05-01,2016-05,方案B（P：按命中概率选）,否,HOME,AWAY,6,2/3,0.46720616866671627,-0.1513799458509424,0.46720616866671627,300,"{2: 150.0, 3: 150.0}",未命中,-300.0,否,-262440.0,2
2016-05-01,2016-05,方案B（P：按命中概率选）,否,HOME,AWAY,1,2/3,0.46720616866671627,-0.20388895772764415,0.46720616866671627,900,"{2: 450.0, 3: 450.0}",未命中,-900.0,否,-263340.0,3
2016-05-01,2016-05,方案B（P：按命中概率选）,否,HOME,AWAY,0,2/3,0.46720616866671627,-0.20388895772764415,0.46720616866671627,2700,"{2: 1350.0, 3: 1350.0}",未命中,-2700.0,否,-266040.0,4
2016-05-01,2016-05,方案B（P：按命中概率选）,否,HOME,AWAY,1,2/3,0.46720616866671627,-0.19985775405994466,0.46720616866671627,8100,"{2: 4050.0, 3: 4050.0}",未命中,-8100.0,否,-274140.0,5
2016-05-01,2016-05,方案B（P：按命中概率选）,否,HOME,AWAY,4,2/3,0.46720616866671627,-0.20388895772764415,0.46720616866671627,24300,"{2: 12150.0, 3: 12150.0}",未命中,-24300.0,否,-298440.0,6
2016-05-01,2016-05,方案B（P：按命中概率选）,否,HOME,AWAY,0,2/3,0.46720616866671627,-0.20244185897513667,0.46720616866671627,72900,"{2: 36450.0, 3: 36450.0}",未命中,-72900.0,否,-371340.0,7
2016-05-01,2016-05,方案B（P：按命中概率选）,否,HOME,AWAY,2,2/3,0.46720616866671627,0.2043996188726942,0.46720616866671627,218700,"{2: 109350.0, 3: 109350.0}",命中,437400.0,否,66060.0,0
2016-05-01,2016-05,方案B（P：按命中概率选）,否,HOME,AWAY,5,2/3,0.46720616866671627,-0.18931460600596117,0.46720616866671627,100,"{2: 50.0, 3: 50.0}",未命中,-100.0,否,65960.0,1
2016-06-01,2016-06,方案B（P：按命中概率选）,否,HOME,AWAY,4,2/3,0.4686167628136373,-0.21213806751957232,0.4686167628136373,300,"{2: 150.0, 3: 150.0}",未命中,-300.0,否,65660.0,2
2016-06-01,2016-06,方案B（P：按命中概率选）,否,HOME,AWAY,3,2/3,0.4686167628136373,-0.020088876330769168,0.4686167628136373,900,"{2: 450.0, 3: 450.0}",命中,765.0,否,66425.0,0
2016-06-01,2016-06,方案B（P：按命中概率选）,否,HOME,AWAY,3,2/3,0.4686167628136373,-0.22720074918143918,0.4686167628136373,100,"{2: 50.0, 3: 50.0}",命中,85.0,否,66510.0,0
2016-06-01,2016-06,方案B（P：按命中概率选）,否,HOME,AWAY,7,2/3,0.4686167628136373,-0.19414653109012026,0.4686167628136373,100,"{2: 50.0, 3: 50.0}",未命中,-100.0,否,66410.0,1
2016-06-02,2016-06,方案B（P：按命中概率选）,否,HOME,AWAY,1,2/3,0.4686167628136373,-0.2083723971041056,0.4686167628136373,300,"{2: 150.0, 3: 150.0}",未命中,-300.0,否,66110.0,2
2016-06-02,2016-06,方案B（P：按命中概率选）,否,HOME,AWAY,3,2/3,0.4686167628136373,-0.19833060932952762,0.4686167628136373,900,"{2: 450.0, 3: 450.0}",命中,832.5,否,66942.5,0
2016-06-02,2016-06,方案B（P：按命中概率选）,否,HOME,AWAY,3,2/3,0.4686167628136373,-0.15565301128757147,0.4686167628136373,100,"{2: 50.0, 3: 50.0}",命中,115.0,否,67057.5,0
2016-06-02,2016-06,方案B（P：按命中概率选）,否,HOME,AWAY,5,2/3,0.4686167628136373,-0.19833060932952762,0.4686167628136373,100,"{2: 50.0, 3: 50.0}",未命中,-100.0,否,66957.5,1
2016-06-02,2016-06,方案B（P：按命中概率选）,否,HOME,AWAY,2,2/3,0.4686167628136373,-0.1682052460057939,0.4686167628136373,300,"{2: 150.0, 3: 150.0}",命中,232.5,否,67190.0,0
2016-06-02,2016-06,方案B（P：按命中概率选）,否,HOME,AWAY,3,2/3,0.4686167628136373,-0.20125946409711282,0.4686167628136373,100,"{2: 50.0, 3: 50.0}",命中,82.5,否,67272.5,0
2016-06-02,2016-06,方案B（P：按命中概率选）,否,HOME,AWAY,1,2/3,0.4686167628136373,-0.20376991104075737,0.4686167628136373,100,"{2: 50.0, 3: 50.0}",未命中,-100.0,否,67172.5,1
2016-06-02,2016-06,方案B（P：按命中概率选）,否,HOME,AWAY,5,2/3,0.4686167628136373,-0.19330971544223874,0.4686167628136373,300,"{2: 150.0, 3: 150.0}",未命中,-300.0,否,66872.5,2
2016-06-02,2016-06,方案B（P：按命中概率选）,否,HOME,AWAY,2,2/3,0.4686167628136373,-0.19958583280135,0.4686167628136373,900,"{2: 450.0, 3: 450.0}",命中,585.0,否,67457.5,0
2016-06-02,2016-06,方案B（P：按命中概率选）,否,HOME,AWAY,6,2/3,0.4686167628136373,-0.2004226484492314,0.4686167628136373,100,"{2: 50.0, 3: 50.0}",未命中,-100.0,否,67357.5,1
2016-06-02,2016-06,方案B（P：按命中概率选）,否,HOME,AWAY,1,2/3,0.4686167628136373,-0.20293309539287585,0.4686167628136373,300,"{2: 150.0, 3: 150.0}",未命中,-300.0,否,67057.5,2
2016-06-02,2016-06,方案B（P：按命中概率选）,否,HOME,AWAY,2,2/3,0.4686167628136373,-0.20209627974499433,0.4686167628136373,900,"{2: 450.0, 3: 450.0}",命中,517.5,否,67575.0,0
2016-07-01,2016-07,方案B（P：按命中概率选）,否,HOME,AWAY,4,2/3,0.4702338146597337,-0.19631019006725348,0.4702338146597337,100,"{2: 50.0, 3: 50.0}",未命中,-100.0,否,67475.0,1
2016-07-01,2016-07,方案B（P：按命中概率选）,否,HOME,AWAY,2,2/3,0.4702338146597337,-0.13416757423347403,0.4702338146597337,300,"{2: 150.0, 3: 150.0}",命中,150.0,否,67625.0,0
2016-07-01,2016-07,方案B（P：按命中概率选）,否,HOME,AWAY,7,2/3,0.4702338146597337,-0.20271664530784927,0.4702338146597337,100,"{2: 50.0, 3: 50.0}",未命中,-100.0,否,67525.0,1
2016-07-01,2016-07,方案B（P：按命中概率选）,否,HOME,AWAY,3,2/3,0.4702338146597337,-0.2069449057666426,0.4702338146597337,300,"{2: 150.0, 3: 150.0}",命中,255.0,否,67780.0,0
2016-07-02,2016-07,方案B（P：按命中概率选）,否,HOME,AWAY,3,2/3,0.4702338146597337,-0.17814788946016424,0.4702338146597337,100,"{2: 50.0, 3: 50.0}",命中,77.49999999999999,否,67857.5,0
2016-07-02,2016-07,方案B（P：按命中概率选）,否,HOME,AWAY,4,2/3,0.4702338146597337,-0.18766147549244905,0.4702338146597337,100,"{2: 50.0, 3: 50.0}",未命中,-100.0,否,67757.5,1
2016-07-02,2016-07,方案B（P：按命中概率选）,否,HOME,AWAY,6,2/3,0.4702338146597337,-0.1952531249525552,0.4702338146597337,300,"{2: 150.0, 3: 150.0}",未命中,-300.0,否,67457.5,2
2016-07-02,2016-07,方案B（P：按命中概率选）,否,HOME,AWAY,1,2/3,0.4702338146597337,-0.1941319952854509,0.4702338146597337,900,"{2: 450.0, 3: 450.0}",未命中,-900.0,否,66557.5,3
2016-07-02,2016-07,方案B（P：按命中概率选）,否,HOME,AWAY,2,2/3,0.4702338146597337,-0.20483077553724593,0.4702338146597337,2700,"{2: 1350.0, 3: 1350.0}",命中,1620.0000000000005,否,68177.5,0
2016-07-02,2016-07,方案B（P：按命中概率选）,否,HOME,AWAY,3,2/3,0.4702338146597337,-0.19730319062954582,0.4702338146597337,100,"{2: 50.0, 3: 50.0}",命中,92.5,否,68270.0,0
2016-07-02,2016-07,方案B（P：按命中概率选）,否,HOME,AWAY,4,2/3,0.4702338146597337,-0.18026201968956101,0.4702338146597337,100,"{2: 50.0, 3: 50.0}",未命中,-100.0,否,68170.0,1
2016-07-02,2016-07,方案B（P：按命中概率选）,否,HOME,AWAY,1,2/3,0.4702338146597337,-0.1994813854113484,0.4702338146597337,300,"{2: 150.0, 3: 150.0}",未命中,-300.0,否,67870.0,2
2016-07-02,2016-07,方案B（P：按命中概率选）,否,HOME,AWAY,1,2/3,0.4702338146597337,-0.1930749301707526,0.4702338146597337,900,"{2: 450.0, 3: 450.0}",未命中,-900.0,否,66970.0,3
2016-07-02,2016-07,方案B（P：按命中概率选）,否,HOME,AWAY,5,2/3,0.4702338146597337,-0.19406793073304496,0.4702338146597337,2700,"{2: 1350.0, 3: 1350.0}",未命中,-2700.0,否,64270.0,4
2016-07-02,2016-07,方案B（P：按命中概率选）,否,HOME,AWAY,3,2/3,0.4702338146597337,-0.20370964587014162,0.4702338146597337,8100,"{2: 4050.0, 3: 4050.0}",命中,7492.5,否,71762.5,0
2016-07-02,2016-07,方案B（P：按命中概率选）,否,HOME,AWAY,3,2/3,0.4702338146597337,-0.18561140981545843,0.4702338146597337,100,"{2: 50.0, 3: 50.0}",命中,80.0,否,71842.5,0
2016-08-01,2016-08,方案B（P：按命中概率选）,否,HOME,AWAY,3,1/2,0.4712709011326933,-0.037446413125210576,0.4712709011326933,100,"{1: 50.0, 2: 50.0}",未命中,-100.0,否,71742.5,1
2016-08-01,2016-08,方案B（P：按命中概率选）,否,HOME,AWAY,2,1/2,0.4712709011326933,-0.23772329326911557,0.4712709011326933,300,"{1: 150.0, 2: 150.0}",命中,165.0,否,71907.5,0
2016-08-01,2016-08,方案B（P：按命中概率选）,否,HOME,AWAY,3,1/2,0.4712709011326933,-0.23242215827324708,0.4712709011326933,100,"{1: 50.0, 2: 50.0}",未命中,-100.0,否,71807.5,1
2016-08-01,2016-08,方案B（P：按命中概率选）,否,HOME,AWAY,1,1/2,0.4712709011326933,-0.2771902433133552,0.4712709011326933,300,"{1: 150.0, 2: 150.0}",命中,172.5,否,71980.0,0
2016-08-01,2016-08,方案B（P：按命中概率选）,否,HOME,AWAY,1,1/2,0.4712709011326933,-0.033324780665922815,0.4712709011326933,100,"{1: 50.0, 2: 50.0}",命中,145.00000000000003,否,72125.0,0
2016-08-01,2016-08,方案B（P：按命中概率选）,否,HOME,AWAY,4,1/2,0.4712709011326933,-0.0398054181983718,0.4712709011326933,100,"{1: 50.0, 2: 50.0}",未命中,-100.0,否,72025.0,1
2016-08-01,2016-08,方案B（P：按命中概率选）,否,HOME,AWAY,1,1/2,0.4712709011326933,0.04973075188184395,0.4712709011326933,300,"{1: 150.0, 2: 150.0}",命中,525.0,否,72550.0,0
2016-08-01,2016-08,方案B（P：按命中概率选）,否,HOME,AWAY,5,1/2,0.4712709011326933,-0.005639603150000672,0.4712709011326933,100,"{1: 50.0, 2: 50.0}",未命中,-100.0,否,72450.0,1
2016-08-01,2016-08,方案B（P：按命中概率选）,否,HOME,AWAY,1,1/2,0.4712709011326933,-0.2495050657974328,0.4712709011326933,300,"{1: 150.0, 2: 150.0}",命中,202.5,否,72652.5,0
2016-08-01,2016-08,方案B（P：按命中概率选）,否,HOME,AWAY,4,1/2,0.4712709011326933,0.13514528950277205,0.4712709011326933,100,"{1: 50.0, 2: 50.0}",未命中,-100.0,否,72552.5,1
2016-08-01,2016-08,方案B（P：按命中概率选）,否,HOME,AWAY,2,1/2,0.4712709011326933,-0.22299939081809128,0.4712709011326933,300,"{1: 150.0, 2: 150.0}",命中,157.5,否,72710.0,0
2016-08-01,2016-08,方案B（P：按命中概率选）,否,HOME,AWAY,2,1/2,0.4712709011326933,-0.13758485319716307,0.4712709011326933,100,"{1: 50.0, 2: 50.0}",命中,64.99999999999999,否,72775.0,0
2016-08-01,2016-08,方案B（P：按命中概率选）,否,HOME,AWAY,1,1/2,0.4712709011326933,-0.06100995818184518,0.4712709011326933,100,"{1: 50.0, 2: 50.0}",命中,135.0,否,72910.0,0
2016-08-01,2016-08,方案B（P：按命中概率选）,否,HOME,AWAY,4,1/2,0.4712709011326933,-0.02684414313347383,0.4712709011326933,100,"{1: 50.0, 2: 50.0}",未命中,-100.0,否,72810.0,1
2016-08-01,2016-08,方案B（P：按命中概率选）,否,HOME,AWAY,1,1/2,0.4712709011326933,-0.037446413125210576,0.4712709011326933,300,"{1: 150.0, 2: 150.0}",命中,420.0,否,73230.0,0
2016-08-01,2016-08,方案B（P：按命中概率选）,否,HOME,AWAY,1,1/2,0.4712709011326933,-0.05688832572255764,0.4712709011326933,100,"{1: 50.0, 2: 50.0}",命中,140.0,否,73370.0,0
2016-09-01,2016-09,方案B（P：按命中概率选）,否,HOME,AWAY,4,2/3,0.4679580007632552,-0.20993090871137077,0.4679580007632552,100,"{2: 50.0, 3: 50.0}",未命中,-100.0,否,73270.0,1
2016-09-01,2016-09,方案B（P：按命中概率选）,否,HOME,AWAY,1,2/3,0.4679580007632552,-0.20603125870501038,0.4679580007632552,300,"{2: 150.0, 3: 150.0}",未命中,-300.0,否,72970.0,2
2016-09-01,2016-09,方案B（P：按命中概率选）,否,HOME,AWAY,3,2/3,0.4679580007632552,-0.20681118870628246,0.4679580007632552,900,"{2: 450.0, 3: 450.0}",命中,697.5,否,73667.5,0
2016-09-01,2016-09,方案B（P：按命中概率选）,否,HOME,AWAY,1,2/3,0.4679580007632552,-0.19823195869228938,0.4679580007632552,100,"{2: 50.0, 3: 50.0}",未命中,-100.0,否,73567.5,1
2016-09-01,2016-09,方案B（P：按命中概率选）,否,HOME,AWAY,5,2/3,0.4679580007632552,-0.016508268395892034,0.4679580007632552,300,"{2: 150.0, 3: 150.0}",未命中,-300.0,否,73267.5,2
2016-09-01,2016-09,方案B（P：按命中概率选）,否,HOME,AWAY,0,2/3,0.4679580007632552,-0.20993090871137077,0.4679580007632552,900,"{2: 450.0, 3: 450.0}",未命中,-900.0,否,72367.5,3
2016-09-01,2016-09,方案B（P：按命中概率选）,否,HOME,AWAY,2,2/3,0.4679580007632552,-0.0773428084951151,0.4679580007632552,2700,"{2: 1350.0, 3: 1350.0}",命中,2970.0,否,75337.5,0
2016-09-01,2016-09,方案B（P：按命中概率选）,否,HOME,AWAY,4,2/3,0.4679580007632552,-0.194332308685929,0.4679580007632552,100,"{2: 50.0, 3: 50.0}",未命中,-100.0,否,75237.5,1
2016-09-01,2016-09,方案B（P：按命中概率选）,否,HOME,AWAY,3,2/3,0.4679580007632552,-0.1818534286655754,0.4679580007632552,300,"{2: 150.0, 3: 150.0}",命中,232.5,否,75470.0,0
2016-09-01,2016-09,方案B（P：按命中概率选）,否,HOME,AWAY,1,2/3,0.4679580007632552,-0.19823195869228938,0.4679580007632552,100,"{2: 50.0, 3: 50.0}",未命中,-100.0,否,75370.0,1
2016-09-01,2016-09,方案B（P：按命中概率选）,否,HOME,AWAY,4,2/3,0.4679580007632552,-0.20681118870628246,0.4679580007632552,300,"{2: 150.0, 3: 150.0}",未命中,-300.0,否,75070.0,2
2016-09-01,2016-09,方案B（P：按命中概率选）,否,HOME,AWAY,2,2/3,0.4679580007632552,-0.19901188869356146,0.4679580007632552,900,"{2: 450.0, 3: 450.0}",命中,472.4999999999999,否,75542.5,0
2016-09-01,2016-09,方案B（P：按命中概率选）,否,HOME,AWAY,3,2/3,0.4679580007632552,-0.1935523786846569,0.4679580007632552,100,"{2: 50.0, 3: 50.0}",命中,75.0,否,75617.5,0
2016-09-01,2016-09,方案B（P：按命中概率选）,否,HOME,AWAY,2,2/3,0.4679580007632552,-0.2013516786973777,0.4679580007632552,100,"{2: 50.0, 3: 50.0}",命中,62.5,否,75680.0,0
2016-09-01,2016-09,方案B（P：按命中概率选）,否,HOME,AWAY,3,2/3,0.4679580007632552,-0.18731293867448007,0.4679580007632552,100,"{2: 50.0, 3: 50.0}",命中,75.0,否,75755.0,0
2016-09-01,2016-09,方案B（P：按命中概率选）,否,HOME,AWAY,5,2/3,0.4679580007632552,-0.2083710487088266,0.4679580007632552,100,"{2: 50.0, 3: 50.0}",未命中,-100.0,否,75655.0,1
2016-10-01,2016-10,方案B（P：按命中概率选）,否,HOME,AWAY,1,2/3,0.46766831743850173,-0.18991091606432375,0.46766831743850173,300,"{2: 150.0, 3: 150.0}",未命中,-300.0,否,75355.0,2
2016-10-01,2016-10,方案B（P：按命中概率选）,否,HOME,AWAY,2,2/3,0.46766831743850173,-0.17350932755788473,0.46766831743850173,900,"{2: 450.0, 3: 450.0}",命中,427.5000000000001,否,75782.5,0
2016-10-01,2016-10,方案B（P：按命中概率选）,否,HOME,AWAY,6,2/3,0.46766831743850173,-0.1862903250530985,0.46766831743850173,100,"{2: 50.0, 3: 50.0}",未命中,-100.0,否,75682.5,1
2016-10-01,2016-10,方案B（P：按命中概率选）,否,HOME,AWAY,1,2/3,0.46766831743850173,-0.18082312888428542,0.46766831743850173,300,"{2: 150.0, 3: 150.0}",未命中,-300.0,否,75382.5,2
2016-10-01,2016-10,方案B（P：按命中概率选）,否,HOME,AWAY,1,2/3,0.46766831743850173,-0.2274239736476784,0.46766831743850173,900,"{2: 450.0, 3: 450.0}",未命中,-900.0,否,74482.5,3
2016-10-01,2016-10,方案B（P：按命中概率选）,否,HOME,AWAY,6,2/3,0.46766831743850173,-0.20723580714955658,0.46766831743850173,2700,"{2: 1350.0, 3: 1350.0}",未命中,-2700.0,否,71782.5,4
2016-10-01,2016-10,方案B（P：按命中概率选）,否,HOME,AWAY,2,2/3,0.46766831743850173,-0.18082312888428542,0.46766831743850173,8100,"{2: 4050.0, 3: 4050.0}",命中,6277.5,否,78060.0,0
2016-10-01,2016-10,方案B（P：按命中概率选）,否,HOME,AWAY,0,2/3,0.46766831743850173,-0.2017686109807436,0.46766831743850173,100,"{2: 50.0, 3: 50.0}",未命中,-100.0,否,77960.0,1
2016-10-01,2016-10,方案B（P：按命中概率选）,否,HOME,AWAY,2,2/3,0.46766831743850173,-0.21573226571171578,0.46766831743850173,300,"{2: 150.0, 3: 150.0}",命中,157.5,否,78117.5,0
2016-10-01,2016-10,方案B（P：按命中概率选）,否,HOME,AWAY,2,2/3,0.46766831743850173,-0.19537811223313684,0.46766831743850173,100,"{2: 50.0, 3: 50.0}",命中,47.500000000000014,否,78165.0,0
2016-10-01,2016-10,方案B（P：按命中概率选）,否,HOME,AWAY,3,2/3,0.46766831743850173,-0.03522142446437926,0.46766831743850173,100,"{2: 50.0, 3: 50.0}",命中,85.0,否,78250.0,0
2016-10-01,2016-10,方案B（P：按命中概率选）,否,HOME,AWAY,2,2/3,0.46766831743850173,-0.17350932755788473,0.46766831743850173,100,"{2: 50.0, 3: 50.0}",命中,47.500000000000014,否,78297.5,0
2016-10-01,2016-10,方案B（P：按命中概率选）,否,HOME,AWAY,3,2/3,0.46766831743850173,-0.19537811223313684,0.46766831743850173,100,"{2: 50.0, 3: 50.0}",命中,100.0,否,78397.5,0
2016-10-01,2016-10,方案B（P：按命中概率选）,否,HOME,AWAY,3,2/3,0.46766831743850173,-0.18082312888428542,0.46766831743850173,100,"{2: 50.0, 3: 50.0}",命中,72.50000000000001,否,78470.0,0
2016-10-01,2016-10,方案B（P：按命中概率选）,否,HOME,AWAY,3,2/3,0.46766831743850173,-0.18006581328594895,0.46766831743850173,100,"{2: 50.0, 3: 50.0}",命中,70.0,否,78540.0,0
2016-10-01,2016-10,方案B（P：按命中概率选）,否,HOME,AWAY,5,2/3,0.46766831743850173,-0.1310270347470891,0.46766831743850173,100,"{2: 50.0, 3: 50.0}",未命中,-100.0,否,78440.0,1
2016-11-01,2016-11,方案B（P：按命中概率选）,否,HOME,AWAY,5,2/3,0.4695612181090995,-0.17732747793077452,0.4695612181090995,300,"{2: 150.0, 3: 150.0}",未命中,-300.0,否,78140.0,2
2016-11-01,2016-11,方案B（P：按命中概率选）,否,HOME,AWAY,2,2/3,0.4695612181090995,-0.17286854827186282,0.4695612181090995,900,"{2: 450.0, 3: 450.0}",命中,675.0,否,78815.0,0
2016-11-01,2016-11,方案B（P：按命中概率选）,否,HOME,AWAY,2,2/3,0.4695612181090995,-0.19847041216651506,0.4695612181090995,100,"{2: 50.0, 3: 50.0}",命中,50.0,否,78865.0,0
2016-11-01,2016-11,方案B（P：按命中概率选）,否,HOME,AWAY,4,2/3,0.4695612181090995,-0.18460757872459022,0.4695612181090995,100,"{2: 50.0, 3: 50.0}",未命中,-100.0,否,78765.0,1
2016-11-01,2016-11,方案B（P：按命中概率选）,否,HOME,AWAY,4,2/3,0.4695612181090995,-0.08411260245466123,0.4695612181090995,300,"{2: 150.0, 3: 150.0}",未命中,-300.0,否,78465.0,2
2016-11-01,2016-11,方案B（P：按命中概率选）,否,HOME,AWAY,0,2/3,0.4695612181090995,-0.15196863626871693,0.4695612181090995,900,"{2: 450.0, 3: 450.0}",未命中,-900.0,否,77565.0,3
2016-11-01,2016-11,方案B（P：按命中概率选）,否,HOME,AWAY,6,2/3,0.4695612181090995,-0.12660979460665933,0.4695612181090995,2700,"{2: 1350.0, 3: 1350.0}",未命中,-2700.0,否,74865.0,4
2016-11-01,2016-11,方案B（P：按命中概率选）,否,HOME,AWAY,4,2/3,0.4695612181090995,-0.09491124252908745,0.4695612181090995,8100,"{2: 4050.0, 3: 4050.0}",未命中,-8100.0,否,66765.0,5
2016-11-01,2016-11,方案B（P：按命中概率选）,否,HOME,AWAY,0,2/3,0.4695612181090995,-0.20292934182542688,0.4695612181090995,24300,"{2: 12150.0, 3: 12150.0}",未命中,-24300.0,否,42465.0,6
2016-11-01,2016-11,方案B（P：按命中概率选）,否,HOME,AWAY,3,2/3,0.4695612181090995,-0.17241420235875093,0.4695612181090995,72900,"{2: 36450.0, 3: 36450.0}",命中,80190.0,否,122655.0,0
2016-11-01,2016-11,方案B（P：按命中概率选）,否,HOME,AWAY,4,2/3,0.4695612181090995,-0.2109068107649491,0.4695612181090995,100,"{2: 50.0, 3: 50.0}",未命中,-100.0,否,122555.0,1
2016-11-01,2016-11,方案B（P：按命中概率选）,否,HOME,AWAY,3,2/3,0.4695612181090995,-0.16558844747804713,0.4695612181090995,300,"{2: 150.0, 3: 150.0}",命中,225.0,否,122780.0,0
2016-11-01,2016-11,方案B（P：按命中概率选）,否,HOME,AWAY,2,2/3,0.4695612181090995,-0.19753002178821377,0.4695612181090995,100,"{2: 50.0, 3: 50.0}",命中,52.499999999999986,否,122832.5,0
2016-11-01,2016-11,方案B（P：按命中概率选）,否,HOME,AWAY,1,2/3,0.4695612181090995,-0.20832866186263999,0.4695612181090995,100,"{2: 50.0, 3: 50.0}",未命中,-100.0,否,122732.5,1
2016-11-01,2016-11,方案B（P：按命中概率选）,否,HOME,AWAY,1,2/3,0.4695612181090995,-0.17499235126106005,0.4695612181090995,300,"{2: 150.0, 3: 150.0}",未命中,-300.0,否,122432.5,2
2016-11-01,2016-11,方案B（P：按命中概率选）,否,HOME,AWAY,2,2/3,0.4695612181090995,-0.205507490727736,0.4695612181090995,900,"{2: 450.0, 3: 450.0}",命中,540.0000000000001,否,122972.5,0
2016-12-01,2016-12,方案B（P：按命中概率选）,否,HOME,AWAY,7,2/3,0.4702338146597337,0.426429291594864,0.4702338146597337,100,"{2: 50.0, 3: 50.0}",未命中,-100.0,否,122872.5,1
2016-12-01,2016-12,方案B（P：按命中概率选）,否,HOME,AWAY,2,2/3,0.4702338146597337,-0.1610426539677734,0.4702338146597337,300,"{2: 150.0, 3: 150.0}",命中,225.0,否,123097.5,0
2016-12-01,2016-12,方案B（P：按命中概率选）,否,HOME,AWAY,2,2/3,0.4702338146597337,-0.16427791386427426,0.4702338146597337,100,"{2: 50.0, 3: 50.0}",命中,80.0,否,123177.5,0
2016-12-01,2016-12,方案B（P：按命中概率选）,否,HOME,AWAY,1,2/3,0.4702338146597337,-0.16626391498885895,0.4702338146597337,100,"{2: 50.0, 3: 50.0}",未命中,-100.0,否,123077.5,1
2016-12-01,2016-12,方案B（P：按命中概率选）,否,HOME,AWAY,6,2/3,0.4702338146597337,-0.05318997999234276,0.4702338146597337,300,"{2: 150.0, 3: 150.0}",未命中,-300.0,否,122777.5,2
2016-12-01,2016-12,方案B（P：按命中概率选）,否,HOME,AWAY,2,2/3,0.4702338146597337,-0.1769626952406541,0.4702338146597337,900,"{2: 450.0, 3: 450.0}",命中,450.0,否,123227.5,0
2016-12-01,2016-12,方案B（P：按命中概率选）,否,HOME,AWAY,4,2/3,0.4702338146597337,-0.20370964587014162,0.4702338146597337,100,"{2: 50.0, 3: 50.0}",未命中,-100.0,否,123127.5,1
2016-12-01,2016-12,方案B（P：按命中概率选）,否,HOME,AWAY,1,2/3,0.4702338146597337,-0.15998558885307523,0.4702338146597337,300,"{2: 150.0, 3: 150.0}",未命中,-300.0,否,122827.5,2
2016-12-01,2016-12,方案B（P：按命中概率选）,否,HOME,AWAY,1,2/3,0.4702338146597337,-0.19730319062954582,0.4702338146597337,900,"{2: 450.0, 3: 450.0}",未命中,-900.0,否,121927.5,3
2016-12-01,2016-12,方案B（P：按命中概率选）,否,HOME,AWAY,0,2/3,0.4702338146597337,-0.20370964587014162,0.4702338146597337,2700,"{2: 1350.0, 3: 1350.0}",未命中,-2700.0,否,119227.5,4
2016-12-01,2016-12,方案B（P：按命中概率选）,否,HOME,AWAY,6,2/3,0.4702338146597337,-0.20370964587014162,0.4702338146597337,8100,"{2: 4050.0, 3: 4050.0}",未命中,-8100.0,否,111127.5,5
2016-12-01,2016-12,方案B（P：按命中概率选）,否,HOME,AWAY,1,2/3,0.4702338146597337,-0.20483077553724593,0.4702338146597337,24300,"{2: 12150.0, 3: 12150.0}",未命中,-24300.0,否,86827.5,6
2016-12-01,2016-12,方案B（P：按命中概率选）,否,HOME,AWAY,2,2/3,0.4702338146597337,-0.19301086561834657,0.4702338146597337,72900,"{2: 36450.0, 3: 36450.0}",命中,36450.0,否,123277.5,0
2016-12-01,2016-12,方案B（P：按命中概率选）,否,HOME,AWAY,4,2/3,0.4702338146597337,-0.15357913361247932,0.4702338146597337,100,"{2: 50.0, 3: 50.0}",未命中,-100.0,否,123177.5,1
2016-12-01,2016-12,方案B（P：按命中概率选）,否,HOME,AWAY,1,2/3,0.4702338146597337,-0.16533497897897265,0.4702338146597337,300,"{2: 150.0, 3: 150.0}",未命中,-300.0,否,122877.5,2
2016-12-01,2016-12,方案B（P：按命中概率选）,否,HOME,AWAY,3,2/3,0.4702338146597337,-0.18455434470076026,0.4702338146597337,900,"{2: 450.0, 3: 450.0}",命中,697.5,否,123575.0,0
2017-01-01,2017-01,方案B（P：按命中概率选）,否,HOME,AWAY,2,2/3,0.46503473568962717,-0.212983683303553,0.46503473568962717,100,"{2: 50.0, 3: 50.0}",命中,55.0,否,123630.0,0
2017-01-01,2017-01,方案B（P：按命中概率选）,否,HOME,AWAY,1,2/3,0.46503473568962717,-0.15013069604112395,0.46503473568962717,100,"{2: 50.0, 3: 50.0}",未命中,-100.0,否,123530.0,1
2017-01-01,2017-01,方案B（P：按命中概率选）,否,HOME,AWAY,0,2/3,0.46503473568962717,-0.18559875688049932,0.46503473568962717,300,"{2: 150.0, 3: 150.0}",未命中,-300.0,否,123230.0,2
2017-01-01,2017-01,方案B（P：按命中概率选）,否,HOME,AWAY,2,2/3,0.46503473568962717,-0.10737356184899549,0.46503473568962717,900,"{2: 450.0, 3: 450.0}",命中,944.9999999999998,否,124175.0,0
2017-01-01,2017-01,方案B（P：按命中概率选）,否,HOME,AWAY,5,2/3,0.46503473568962717,-0.19229737457059937,0.46503473568962717,100,"{2: 50.0, 3: 50.0}",未命中,-100.0,否,124075.0,1
2017-01-01,2017-01,方案B（P：按命中概率选）,否,HOME,AWAY,0,2/3,0.46503473568962717,-0.16175656443336472,0.46503473568962717,300,"{2: 150.0, 3: 150.0}",未命中,-300.0,否,123775.0,2
2017-01-02,2017-01,方案B（P：按命中概率选）,否,HOME,AWAY,4,2/3,0.46503473568962717,-0.16234702009601798,0.46503473568962717,900,"{2: 450.0, 3: 450.0}",未命中,-900.0,否,122875.0,3
2017-01-02,2017-01,方案B（P：按命中概率选）,否,HOME,AWAY,1,2/3,0.46503473568962717,-0.1733824328256054,0.46503473568962717,2700,"{2: 1350.0, 3: 1350.0}",未命中,-2700.0,否,120175.0,4
2017-01-02,2017-01,方案B（P：按命中概率选）,否,HOME,AWAY,2,2/3,0.46503473568962717,-0.12510759226868307,0.46503473568962717,8100,"{2: 4050.0, 3: 4050.0}",命中,8100.0,否,128275.0,0
2017-01-02,2017-01,方案B（P：按命中概率选）,否,HOME,AWAY,6,2/3,0.46503473568962717,-0.10185585548420173,0.46503473568962717,100,"{2: 50.0, 3: 50.0}",未命中,-100.0,否,128175.0,1
2017-01-02,2017-01,方案B（P：按命中概率选）,否,HOME,AWAY,0,2/3,0.46503473568962717,-0.20253872623661873,0.46503473568962717,300,"{2: 150.0, 3: 150.0}",未命中,-300.0,否,127875.0,2
2017-01-02,2017-01,方案B（P：按命中概率选）,否,HOME,AWAY,3,2/3,0.46503473568962717,-0.22401909603314052,0.46503473568962717,900,"{2: 450.0, 3: 450.0}",命中,720.0,否,128595.0,0
2017-01-02,2017-01,方案B（P：按命中概率选）,否,HOME,AWAY,3,2/3,0.46503473568962717,-0.22342864037048726,0.46503473568962717,100,"{2: 50.0, 3: 50.0}",命中,77.49999999999999,否,128672.5,0
2017-01-02,2017-01,方案B（P：按命中概率选）,否,HOME,AWAY,3,2/3,0.46503473568962717,-0.18618921254315246,0.46503473568962717,100,"{2: 50.0, 3: 50.0}",命中,75.0,否,128747.5,0
2017-01-02,2017-01,方案B（P：按命中概率选）,否,HOME,AWAY,4,2/3,0.46503473568962717,-0.219091845331,0.46503473568962717,100,"{2: 50.0, 3: 50.0}",未命中,-100.0,否,128647.5,1
2017-01-02,2017-01,方案B（P：按命中概率选）,否,HOME,AWAY,1,2/3,0.46503473568962717,-0.21121231631559345,0.46503473568962717,300,"{2: 150.0, 3: 150.0}",未命中,-300.0,否,128347.5,2
2017-02-03,2017-02,方案B（P：按命中概率选）,否,HOME,AWAY,0,2/3,0.4695612181090995,-0.19822738993392042,0.4695612181090995,900,"{2: 450.0, 3: 450.0}",未命中,-900.0,否,127447.5,3
2017-02-04,2017-02,方案B（P：按命中概率选）,否,HOME,AWAY,5,2/3,0.4695612181090995,-0.19941080254481625,0.4695612181090995,2700,"{2: 1350.0, 3: 1350.0}",未命中,-2700.0,否,124747.5,4
2017-02-04,2017-02,方案B（P：按命中概率选）,否,HOME,AWAY,1,2/3,0.4695612181090995,-0.17147381198044953,0.4695612181090995,8100,"{2: 4050.0, 3: 4050.0}",未命中,-8100.0,否,116647.5,5
2017-02-04,2017-02,方案B（P：按命中概率选）,否,HOME,AWAY,3,2/3,0.4695612181090995,-0.2245266219742792,0.4695612181090995,24300,"{2: 12150.0, 3: 12150.0}",命中,19440.0,否,136087.5,0
2017-02-04,2017-02,方案B（P：按命中概率选）,否,HOME,AWAY,2,2/3,0.4695612181090995,-0.21466837227815438,0.4695612181090995,100,"{2: 50.0, 3: 50.0}",命中,50.0,否,136137.5,0
2017-02-04,2017-02,方案B（P：按命中概率选）,否,HOME,AWAY,5,2/3,0.4695612181090995,-0.197286999555619,0.4695612181090995,100,"{2: 50.0, 3: 50.0}",未命中,-100.0,否,136037.5,1
2017-02-04,2017-02,方案B（P：按命中概率选）,否,HOME,AWAY,2,2/3,0.4695612181090995,-0.18955255284869155,0.4695612181090995,300,"{2: 150.0, 3: 150.0}",命中,135.0,否,136172.5,0
2017-02-04,2017-02,方案B（P：按命中概率选）,否,HOME,AWAY,2,2/3,0.4695612181090995,-0.19589226326420595,0.4695612181090995,100,"{2: 50.0, 3: 50.0}",命中,42.5,否,136215.0,0
2017-02-04,2017-02,方案B（P：按命中概率选）,否,HOME,AWAY,3,2/3,0.4695612181090995,-0.17638708755247323,0.4695612181090995,100,"{2: 50.0, 3: 50.0}",命中,70.0,否,136285.0,0
2017-02-04,2017-02,方案B（P：按命中概率选）,否,HOME,AWAY,4,2/3,0.4695612181090995,-0.18366718834628892,0.4695612181090995,100,"{2: 50.0, 3: 50.0}",未命中,-100.0,否,136185.0,1
2017-02-04,2017-02,方案B（P：按命中概率选）,否,HOME,AWAY,0,2/3,0.4695612181090995,-0.17875391277426533,0.4695612181090995,300,"{2: 150.0, 3: 150.0}",未命中,-300.0,否,135885.0,2
2017-02-04,2017-02,方案B（P：按命中概率选）,否,HOME,AWAY,2,2/3,0.4695612181090995,-0.20575051296033076,0.4695612181090995,900,"{2: 450.0, 3: 450.0}",命中,405.0,否,136290.0,0
2017-02-04,2017-02,方案B（P：按命中概率选）,否,HOME,AWAY,2,2/3,0.4695612181090995,-0.197286999555619,0.4695612181090995,100,"{2: 50.0, 3: 50.0}",命中,67.5,否,136357.5,0
2017-02-04,2017-02,方案B（P：按命中概率选）,否,HOME,AWAY,3,2/3,0.4695612181090995,-0.14022960581598953,0.4695612181090995,100,"{2: 50.0, 3: 50.0}",命中,75.0,否,136432.5,0
2017-02-04,2017-02,方案B（P：按命中概率选）,否,HOME,AWAY,0,2/3,0.4695612181090995,-0.20386973220372817,0.4695612181090995,100,"{2: 50.0, 3: 50.0}",未命中,-100.0,否,136332.5,1
2017-02-04,2017-02,方案B（P：按命中概率选）,否,HOME,AWAY,4,2/3,0.4695612181090995,-0.17098776751526013,0.4695612181090995,300,"{2: 150.0, 3: 150.0}",未命中,-300.0,否,136032.5,2
2017-03-01,2017-03,方案B（P：按命中概率选）,否,HOME,AWAY,1,2/3,0.45867170336585716,-0.22277137388552704,0.45867170336585716,900,"{2: 450.0, 3: 450.0}",未命中,-900.0,否,135132.5,3
2017-03-01,2017-03,方案B（P：按命中概率选）,否,HOME,AWAY,2,2/3,0.45867170336585716,-0.22308553258646246,0.45867170336585716,2700,"{2: 1350.0, 3: 1350.0}",命中,1282.5000000000005,否,136415.0,0
2017-03-01,2017-03,方案B（P：按命中概率选）,否,HOME,AWAY,1,2/3,0.45867170336585716,-0.215624263439244,0.45867170336585716,100,"{2: 50.0, 3: 50.0}",未命中,-100.0,否,136315.0,1
2017-03-01,2017-03,方案B（P：按命中概率选）,否,HOME,AWAY,4,2/3,0.45867170336585716,-0.215624263439244,0.45867170336585716,300,"{2: 150.0, 3: 150.0}",未命中,-300.0,否,136015.0,2
2017-03-01,2017-03,方案B（P：按命中概率选）,否,HOME,AWAY,1,2/3,0.45867170336585716,-0.22277137388552704,0.45867170336585716,900,"{2: 450.0, 3: 450.0}",未命中,-900.0,否,135115.0,3
2017-03-01,2017-03,方案B（P：按命中概率选）,否,HOME,AWAY,1,2/3,0.45867170336585716,-0.21499594603737293,0.45867170336585716,2700,"{2: 1350.0, 3: 1350.0}",未命中,-2700.0,否,132415.0,4
2017-03-01,2017-03,方案B（P：按命中概率选）,否,HOME,AWAY,3,2/3,0.45867170336585716,-0.22245721518459138,0.45867170336585716,8100,"{2: 4050.0, 3: 4050.0}",命中,7087.5,否,139502.5,0
2017-03-01,2017-03,方案B（P：按命中概率选）,否,HOME,AWAY,3,2/3,0.45867170336585716,-0.22771937342526138,0.45867170336585716,100,"{2: 50.0, 3: 50.0}",命中,82.5,否,139585.0,0
2017-03-01,2017-03,方案B（P：按命中概率选）,否,HOME,AWAY,1,2/3,0.45867170336585716,-0.2094196290957675,0.45867170336585716,100,"{2: 50.0, 3: 50.0}",未命中,-100.0,否,139485.0,1
2017-03-01,2017-03,方案B（P：按命中概率选）,否,HOME,AWAY,3,2/3,0.45867170336585716,-0.2218288977827204,0.45867170336585716,300,"{2: 150.0, 3: 150.0}",命中,247.5,否,139732.5,0
2017-03-01,2017-03,方案B（P：按命中概率选）,否,HOME,AWAY,7,2/3,0.45867170336585716,-0.22803353212619681,0.45867170336585716,100,"{2: 50.0, 3: 50.0}",未命中,-100.0,否,139632.5,1
2017-03-01,2017-03,方案B（P：按命中概率选）,否,HOME,AWAY,4,2/3,0.45867170336585716,-0.22120058038084944,0.45867170336585716,300,"{2: 150.0, 3: 150.0}",未命中,-300.0,否,139332.5,2
2017-03-01,2017-03,方案B（P：按命中概率选）,否,HOME,AWAY,4,2/3,0.45867170336585716,-0.22771937342526138,0.45867170336585716,900,"{2: 450.0, 3: 450.0}",未命中,-900.0,否,138432.5,3
2017-03-01,2017-03,方案B（P：按命中概率选）,否,HOME,AWAY,3,2/3,0.45867170336585716,-0.21531010473830847,0.45867170336585716,2700,"{2: 1350.0, 3: 1350.0}",命中,2092.4999999999995,否,140525.0,0
2017-03-01,2017-03,方案B（P：按命中概率选）,否,HOME,AWAY,4,2/3,0.45867170336585716,-0.22740521472432595,0.45867170336585716,100,"{2: 50.0, 3: 50.0}",未命中,-100.0,否,140425.0,1
2017-03-01,2017-03,方案B（P：按命中概率选）,否,HOME,AWAY,3,2/3,0.45867170336585716,-0.20879131169389642,0.45867170336585716,300,"{2: 150.0, 3: 150.0}",命中,217.5,否,140642.5,0
2017-04-01,2017-04,方案B（P：按命中概率选）,否,HOME,AWAY,6,2/3,0.47031931423755186,-0.2166016572698758,0.47031931423755186,100,"{2: 50.0, 3: 50.0}",未命中,-100.0,否,140542.5,1
2017-04-01,2017-04,方案B（P：按命中概率选）,否,HOME,AWAY,6,2/3,0.47031931423755186,-0.20694063950926367,0.47031931423755186,300,"{2: 150.0, 3: 150.0}",未命中,-300.0,否,140242.5,2
2017-04-01,2017-04,方案B（P：按命中概率选）,否,HOME,AWAY,3,2/3,0.47031931423755186,-0.21119876250895764,0.47031931423755186,900,"{2: 450.0, 3: 450.0}",命中,720.0,否,140962.5,0
2017-04-01,2017-04,方案B（P：按命中概率选）,否,HOME,AWAY,1,2/3,0.47031931423755186,-0.2037630954617533,0.47031931423755186,100,"{2: 50.0, 3: 50.0}",未命中,-100.0,否,140862.5,1
2017-04-01,2017-04,方案B（P：按命中概率选）,否,HOME,AWAY,1,2/3,0.47031931423755186,-0.2037630954617533,0.47031931423755186,300,"{2: 150.0, 3: 150.0}",未命中,-300.0,否,140562.5,2
2017-04-01,2017-04,方案B（P：按命中概率选）,否,HOME,AWAY,2,2/3,0.47031931423755186,-0.18565002451079393,0.47031931423755186,900,"{2: 450.0, 3: 450.0}",命中,382.5,否,140945.0,0
2017-04-01,2017-04,方案B（P：按命中概率选）,否,HOME,AWAY,2,2/3,0.47031931423755186,-0.18565002451079393,0.47031931423755186,100,"{2: 50.0, 3: 50.0}",命中,42.5,否,140987.5,0
2017-04-01,2017-04,方案B（P：按命中概率选）,否,HOME,AWAY,5,2/3,0.47031931423755186,-0.2016019375573861,0.47031931423755186,100,"{2: 50.0, 3: 50.0}",未命中,-100.0,否,140887.5,1
2017-04-01,2017-04,方案B（P：按命中概率选）,否,HOME,AWAY,1,2/3,0.47031931423755186,-0.19416627051018187,0.47031931423755186,300,"{2: 150.0, 3: 150.0}",未命中,-300.0,否,140587.5,2
2017-04-01,2017-04,方案B（P：按命中概率选）,否,HOME,AWAY,1,2/3,0.47031931423755186,-0.20910179741363089,0.47031931423755186,900,"{2: 450.0, 3: 450.0}",未命中,-900.0,否,139687.5,3
2017-04-01,2017-04,方案B（P：按命中概率选）,否,HOME,AWAY,4,2/3,0.47031931423755186,-0.013281633435243467,0.47031931423755186,2700,"{2: 1350.0, 3: 1350.0}",未命中,-2700.0,否,136987.5,4
2017-04-01,2017-04,方案B（P：按命中概率选）,否,HOME,AWAY,4,2/3,0.47031931423755186,-0.2101823763658146,0.47031931423755186,8100,"{2: 4050.0, 3: 4050.0}",未命中,-8100.0,否,128887.5,5
2017-04-01,2017-04,方案B（P：按命中概率选）,否,HOME,AWAY,3,2/3,0.47031931423755186,-0.17694120008428427,0.47031931423755186,24300,"{2: 12150.0, 3: 12150.0}",命中,18225.0,否,147112.5,0
2017-04-01,2017-04,方案B（P：按命中概率选）,否,HOME,AWAY,2,2/3,0.47031931423755186,-0.05071673990742709,0.47031931423755186,100,"{2: 50.0, 3: 50.0}",命中,120.00000000000003,否,147232.5,0
2017-04-01,2017-04,方案B（P：按命中概率选）,否,HOME,AWAY,1,2/3,0.47031931423755186,-0.17478004217991694,0.47031931423755186,100,"{2: 50.0, 3: 50.0}",未命中,-100.0,否,147132.5,1
2017-04-01,2017-04,方案B（P：按命中概率选）,否,HOME,AWAY,3,2/3,0.47031931423755186,-0.18119932308397813,0.47031931423755186,300,"{2: 150.0, 3: 150.0}",命中,210.0,否,147342.5,0
2017-05-01,2017-05,方案B（P：按命中概率选）,否,HOME,AWAY,2,2/3,0.4682327929031832,-0.1821978628670493,0.4682327929031832,100,"{2: 50.0, 3: 50.0}",命中,70.0,否,147412.5,0
2017-05-01,2017-05,方案B（P：按命中概率选）,否,HOME,AWAY,2,2/3,0.4682327929031832,-0.2025657808842537,0.4682327929031832,100,"{2: 50.0, 3: 50.0}",命中,57.5,否,147470.0,0
2017-05-01,2017-05,方案B（P：按命中概率选）,否,HOME,AWAY,4,2/3,0.4682327929031832,-0.18845208539024405,0.4682327929031832,100,"{2: 50.0, 3: 50.0}",未命中,-100.0,否,147370.0,1
2017-05-01,2017-05,方案B（P：按命中概率选）,否,HOME,AWAY,6,2/3,0.4682327929031832,-0.2025657808842537,0.4682327929031832,300,"{2: 150.0, 3: 150.0}",未命中,-300.0,否,147070.0,2
2017-05-01,2017-05,方案B（P：按命中概率选）,否,HOME,AWAY,1,2/3,0.4682327929031832,-0.20096053043663376,0.4682327929031832,900,"{2: 450.0, 3: 450.0}",未命中,-900.0,否,146170.0,3
2017-05-01,2017-05,方案B（P：按命中概率选）,否,HOME,AWAY,3,2/3,0.4682327929031832,-0.1821978628670493,0.4682327929031832,2700,"{2: 1350.0, 3: 1350.0}",命中,2160.0,否,148330.0,0
2017-05-01,2017-05,方案B（P：按命中概率选）,否,HOME,AWAY,1,2/3,0.4682327929031832,-0.17835151601528465,0.4682327929031832,100,"{2: 50.0, 3: 50.0}",未命中,-100.0,否,148230.0,1
2017-05-01,2017-05,方案B（P：按命中概率选）,否,HOME,AWAY,1,2/3,0.4682327929031832,-0.15253200069869544,0.4682327929031832,300,"{2: 150.0, 3: 150.0}",未命中,-300.0,否,147930.0,2
2017-05-01,2017-05,方案B（P：按命中概率选）,否,HOME,AWAY,5,2/3,0.4682327929031832,-0.18701361420990936,0.4682327929031832,900,"{2: 450.0, 3: 450.0}",未命中,-900.0,否,147030.0,3
2017-05-01,2017-05,方案B（P：按命中概率选）,否,HOME,AWAY,3,2/3,0.4682327929031832,-0.1892547106140542,0.4682327929031832,2700,"{2: 1350.0, 3: 1350.0}",命中,2227.5,否,149257.5,0
2017-05-01,2017-05,方案B（P：按命中概率选）,否,HOME,AWAY,3,2/3,0.4682327929031832,-0.1821978628670493,0.4682327929031832,100,"{2: 50.0, 3: 50.0}",命中,80.0,否,149337.5,0
2017-05-01,2017-05,方案B（P：按命中概率选）,否,HOME,AWAY,3,2/3,0.4682327929031832,-0.19631155836105885,0.4682327929031832,100,"{2: 50.0, 3: 50.0}",命中,85.0,否,149422.5,0
2017-05-01,2017-05,方案B（P：按命中概率选）,否,HOME,AWAY,2,2/3,0.4682327929031832,-0.19326783673310421,0.4682327929031832,100,"{2: 50.0, 3: 50.0}",命中,52.499999999999986,否,149475.0,0
2017-05-01,2017-05,方案B（P：按命中概率选）,否,HOME,AWAY,1,2/3,0.4682327929031832,-0.13216408268149105,0.4682327929031832,100,"{2: 50.0, 3: 50.0}",未命中,-100.0,否,149375.0,1
2017-05-01,2017-05,方案B（P：按命中概率选）,否,HOME,AWAY,1,2/3,0.4682327929031832,-0.15126030878564567,0.4682327929031832,300,"{2: 150.0, 3: 150.0}",未命中,-300.0,否,149075.0,2
2017-05-01,2017-05,方案B（P：按命中概率选）,否,HOME,AWAY,1,2/3,0.4682327929031832,-0.17049204304446974,0.4682327929031832,900,"{2: 450.0, 3: 450.0}",未命中,-900.0,否,148175.0,3
2017-06-01,2017-06,方案B（P：按命中概率选）,否,HOME,AWAY,7,2/3,0.46562510534362855,-0.08153506163023361,0.46562510534362855,2700,"{2: 1350.0, 3: 1350.0}",未命中,-2700.0,否,145475.0,4
2017-06-01,2017-06,方案B（P：按命中概率选）,否,HOME,AWAY,4,2/3,0.46562510534362855,-0.20968416601793682,0.46562510534362855,8100,"{2: 4050.0, 3: 4050.0}",未命中,-8100.0,否,137375.0,5
2017-06-01,2017-06,方案B（P：按命中概率选）,否,HOME,AWAY,7,2/3,0.46562510534362855,0.40934376705194,0.46562510534362855,24300,"{2: 12150.0, 3: 12150.0}",未命中,-24300.0,否,113075.0,6
2017-06-01,2017-06,方案B（P：按命中概率选）,否,HOME,AWAY,4,2/3,0.46562510534362855,-0.179647463107381,0.46562510534362855,72900,"{2: 36450.0, 3: 36450.0}",未命中,-72900.0,否,40175.0,7
2017-06-01,2017-06,方案B（P：按命中概率选）,否,HOME,AWAY,6,2/3,0.46562510534362855,-0.020838233258069216,0.46562510534362855,218700,"{2: 109350.0, 3: 109350.0}",未命中,-218700.0,是,-178525.0,0
2017-06-01,2017-06,方案B（P：按命中概率选）,否,HOME,AWAY,6,2/3,0.46562510534362855,-0.18453264309759732,0.46562510534362855,100,"{2: 50.0, 3: 50.0}",未命中,-100.0,否,-178625.0,1
2017-06-01,2017-06,方案B（P：按命中概率选）,否,HOME,AWAY,2,2/3,0.46562510534362855,-0.19742011583329333,0.46562510534362855,300,"{2: 150.0, 3: 150.0}",命中,210.0,否,-178415.0,0
2017-06-01,2017-06,方案B（P：按命中概率选）,否,HOME,AWAY,2,2/3,0.46562510534362855,-0.2219482162025802,0.46562510534362855,100,"{2: 50.0, 3: 50.0}",命中,60.000000000000014,否,-178355.0,0
2017-06-01,2017-06,方案B（P：按命中概率选）,否,HOME,AWAY,4,2/3,0.46562510534362855,-0.17289201546400657,0.46562510534362855,100,"{2: 50.0, 3: 50.0}",未命中,-100.0,否,-178455.0,1
2017-06-01,2017-06,方案B（P：按命中概率选）,否,HOME,AWAY,3,2/3,0.46562510534362855,-0.21643961366131115,0.46562510534362855,300,"{2: 150.0, 3: 150.0}",命中,232.5,否,-178222.5,0
2017-06-01,2017-06,方案B（P：按命中概率选）,否,HOME,AWAY,3,2/3,0.46562510534362855,-0.2140481238753058,0.46562510534362855,100,"{2: 50.0, 3: 50.0}",命中,92.5,否,-178130.0,0
2017-06-01,2017-06,方案B（P：按命中概率选）,否,HOME,AWAY,2,2/3,0.46562510534362855,-0.22932708639700738,0.46562510534362855,100,"{2: 50.0, 3: 50.0}",命中,52.499999999999986,否,-178077.5,0
2017-06-01,2017-06,方案B（P：按命中概率选）,否,HOME,AWAY,6,2/3,0.46562510534362855,-0.22381848385573844,0.46562510534362855,100,"{2: 50.0, 3: 50.0}",未命中,-100.0,否,-178177.5,1
2017-06-01,2017-06,方案B（P：按命中概率选）,否,HOME,AWAY,2,2/3,0.46562510534362855,-0.16000454272831044,0.46562510534362855,300,"{2: 150.0, 3: 150.0}",命中,262.5,否,-177915.0,0
2017-06-01,2017-06,方案B（P：按命中概率选）,否,HOME,AWAY,3,2/3,0.46562510534362855,-0.21280127877320032,0.46562510534362855,100,"{2: 50.0, 3: 50.0}",命中,87.5,否,-177827.5,0
2017-06-01,2017-06,方案B（P：按命中概率选）,否,HOME,AWAY,3,2/3,0.46562510534362855,-0.16613656782063213,0.46562510534362855,100,"{2: 50.0, 3: 50.0}",命中,72.50000000000001,否,-177755.0,0
2017-07-01,2017-07,方案B（P：按命中概率选）,否,HOME,AWAY,1,2/3,0.4635377702868192,-0.2119857905124074,0.4635377702868192,100,"{2: 50.0, 3: 50.0}",未命中,-100.0,否,-177855.0,1
2017-07-01,2017-07,方案B（P：按命中概率选）,否,HOME,AWAY,1,2/3,0.4635377702868192,-0.2145576384545992,0.4635377702868192,300,"{2: 150.0, 3: 150.0}",未命中,-300.0,否,-178155.0,2
2017-07-01,2017-07,方案B（P：按命中概率选）,否,HOME,AWAY,1,2/3,0.4635377702868192,-0.2185515670236502,0.4635377702868192,900,"{2: 450.0, 3: 450.0}",未命中,-900.0,否,-179055.0,3
2017-07-01,2017-07,方案B（P：按命中概率选）,否,HOME,AWAY,5,2/3,0.4635377702868192,-0.21250016010084571,0.4635377702868192,2700,"{2: 1350.0, 3: 1350.0}",未命中,-2700.0,否,-181755.0,4
2017-07-01,2017-07,方案B（P：按命中概率选）,否,HOME,AWAY,1,2/3,0.4635377702868192,-0.2150720080430375,0.4635377702868192,8100,"{2: 4050.0, 3: 4050.0}",未命中,-8100.0,否,-189855.0,5
2017-07-01,2017-07,方案B（P：按命中概率选）,否,HOME,AWAY,1,2/3,0.4635377702868192,-0.2190659366120885,0.4635377702868192,24300,"{2: 12150.0, 3: 12150.0}",未命中,-24300.0,否,-214155.0,6
2017-07-01,2017-07,方案B（P：按命中概率选）,否,HOME,AWAY,3,2/3,0.4635377702868192,-0.2211234149658421,0.4635377702868192,72900,"{2: 36450.0, 3: 36450.0}",命中,61965.0,否,-152190.0,0
2017-07-01,2017-07,方案B（P：按命中概率选）,否,HOME,AWAY,5,2/3,0.4635377702868192,-0.19640341768618597,0.4635377702868192,100,"{2: 50.0, 3: 50.0}",未命中,-100.0,否,-152290.0,1
2017-07-01,2017-07,方案B（P：按命中概率选）,否,HOME,AWAY,2,2/3,0.4635377702868192,-0.21004934029710998,0.4635377702868192,300,"{2: 150.0, 3: 150.0}",命中,157.5,否,-152132.5,0
2017-07-01,2017-07,方案B（P：按命中概率选）,否,HOME,AWAY,3,2/3,0.4635377702868192,-0.20451230296274392,0.4635377702868192,100,"{2: 50.0, 3: 50.0}",命中,92.5,否,-152040.0,0
2017-07-01,2017-07,方案B（P：按命中概率选）,否,HOME,AWAY,4,2/3,0.4635377702868192,-0.21558637763147603,0.4635377702868192,100,"{2: 50.0, 3: 50.0}",未命中,-100.0,否,-152140.0,1
2017-07-01,2017-07,方案B（P：按命中概率选）,否,HOME,AWAY,7,2/3,0.4635377702868192,-0.12983794153533723,0.4635377702868192,300,"{2: 150.0, 3: 150.0}",未命中,-300.0,否,-152440.0,2
2017-07-01,2017-07,方案B（P：按命中概率选）,否,HOME,AWAY,5,2/3,0.4635377702868192,-0.21404326886616087,0.4635377702868192,900,"{2: 450.0, 3: 450.0}",未命中,-900.0,否,-153340.0,3
2017-07-01,2017-07,方案B（P：按命中概率选）,否,HOME,AWAY,3,2/3,0.4635377702868192,-0.21404326886616087,0.4635377702868192,2700,"{2: 1350.0, 3: 1350.0}",命中,2160.0,否,-151180.0,0
2017-07-01,2017-07,方案B（P：按命中概率选）,否,HOME,AWAY,4,2/3,0.4635377702868192,-0.22009467578896524,0.4635377702868192,100,"{2: 50.0, 3: 50.0}",未命中,-100.0,否,-151280.0,1
2017-07-01,2017-07,方案B（P：按命中概率选）,否,HOME,AWAY,3,2/3,0.4635377702868192,-0.2190659366120885,0.4635377702868192,300,"{2: 150.0, 3: 150.0}",命中,225.0,否,-151055.0,0
2017-08-01,2017-08,方案B（P：按命中概率选）,否,HOME,AWAY,1,2/3,0.4704402119403799,-0.19026284068070232,0.4704402119403799,100,"{2: 50.0, 3: 50.0}",未命中,-100.0,否,-151155.0,1
2017-08-01,2017-08,方案B（P：按命中概率选）,否,HOME,AWAY,4,2/3,0.4704402119403799,-0.20814601312090164,0.4704402119403799,300,"{2: 150.0, 3: 150.0}",未命中,-300.0,否,-151455.0,2
2017-08-01,2017-08,方案B（P：按命中概率选）,否,HOME,AWAY,2,2/3,0.4704402119403799,-0.1198579185512687,0.4704402119403799,900,"{2: 450.0, 3: 450.0}",命中,855.0,否,-150600.0,0
2017-08-01,2017-08,方案B（P：按命中概率选）,否,HOME,AWAY,2,2/3,0.4704402119403799,-0.21120709669174653,0.4704402119403799,100,"{2: 50.0, 3: 50.0}",命中,57.5,否,-150542.5,0
2017-08-01,2017-08,方案B（P：按命中概率选）,否,HOME,AWAY,1,2/3,0.4704402119403799,-0.21233486432311044,0.4704402119403799,100,"{2: 50.0, 3: 50.0}",未命中,-100.0,否,-150642.5,1
2017-08-01,2017-08,方案B（P：按命中概率选）,否,HOME,AWAY,1,2/3,0.4704402119403799,-0.1187301509199048,0.4704402119403799,300,"{2: 150.0, 3: 150.0}",未命中,-300.0,否,-150942.5,2
2017-08-01,2017-08,方案B（P：按命中概率选）,否,HOME,AWAY,3,2/3,0.4704402119403799,-0.1756018614729713,0.4704402119403799,900,"{2: 450.0, 3: 450.0}",命中,652.5,否,-150290.0,0
2017-08-01,2017-08,方案B（P：按命中概率选）,否,HOME,AWAY,0,2/3,0.4704402119403799,-0.12630230501620543,0.4704402119403799,100,"{2: 50.0, 3: 50.0}",未命中,-100.0,否,-150390.0,1
2017-08-01,2017-08,方案B（P：按命中概率选）,否,HOME,AWAY,3,2/3,0.4704402119403799,-0.17028524263939848,0.4704402119403799,300,"{2: 150.0, 3: 150.0}",命中,225.0,否,-150165.0,0
2017-08-02,2017-08,方案B（P：按命中概率选）,否,HOME,AWAY,3,2/3,0.4704402119403799,-0.06830282683177513,0.4704402119403799,100,"{2: 50.0, 3: 50.0}",命中,77.49999999999999,否,-150087.5,0
2017-08-02,2017-08,方案B（P：按命中概率选）,否,HOME,AWAY,1,2/3,0.4704402119403799,-0.203634942595446,0.4704402119403799,100,"{2: 50.0, 3: 50.0}",未命中,-100.0,否,-150187.5,1
2017-08-02,2017-08,方案B（P：按命中概率选）,否,HOME,AWAY,3,2/3,0.4704402119403799,-0.17318521654861996,0.4704402119403799,300,"{2: 150.0, 3: 150.0}",命中,330.0,否,-149857.5,0
2017-08-02,2017-08,方案B（P：按命中概率选）,否,HOME,AWAY,2,2/3,0.4704402119403799,-0.20895156142901872,0.4704402119403799,100,"{2: 50.0, 3: 50.0}",命中,62.5,否,-149795.0,0
2017-08-02,2017-08,方案B（P：按命中概率选）,否,HOME,AWAY,2,2/3,0.4704402119403799,-0.19074616966557256,0.4704402119403799,100,"{2: 50.0, 3: 50.0}",命中,67.5,否,-149727.5,0
2017-08-02,2017-08,方案B（P：按命中概率选）,否,HOME,AWAY,3,2/3,0.4704402119403799,-0.20701824548953773,0.4704402119403799,100,"{2: 50.0, 3: 50.0}",命中,85.0,否,-149642.5,0
2017-08-02,2017-08,方案B（P：按命中概率选）,否,HOME,AWAY,3,2/3,0.4704402119403799,-0.203634942595446,0.4704402119403799,100,"{2: 50.0, 3: 50.0}",命中,77.49999999999999,否,-149565.0,0
2017-09-01,2017-09,方案B（P：按命中概率选）,否,HOME,AWAY,7,2/3,0.464831053504909,2.8986027072832985,0.464831053504909,100,"{2: 50.0, 3: 50.0}",未命中,-100.0,否,-149665.0,1
2017-09-01,2017-09,方案B（P：按命中概率选）,否,HOME,AWAY,5,2/3,0.464831053504909,-0.20890268800808243,0.464831053504909,300,"{2: 150.0, 3: 150.0}",未命中,-300.0,否,-149965.0,2
2017-09-01,2017-09,方案B（P：按命中概率选）,否,HOME,AWAY,5,2/3,0.464831053504909,-0.21442331928658565,0.464831053504909,900,"{2: 450.0, 3: 450.0}",未命中,-900.0,否,-150865.0,3
2017-09-01,2017-09,方案B（P：按命中概率选）,否,HOME,AWAY,4,2/3,0.464831053504909,-0.21210526416412012,0.464831053504909,2700,"{2: 1350.0, 3: 1350.0}",未命中,-2700.0,否,-153565.0,4
2017-09-01,2017-09,方案B（P：按命中概率选）,否,HOME,AWAY,1,2/3,0.464831053504909,-0.2039615705101956,0.464831053504909,8100,"{2: 4050.0, 3: 4050.0}",未命中,-8100.0,否,-161665.0,5
2017-09-01,2017-09,方案B（P：按命中概率选）,否,HOME,AWAY,4,2/3,0.464831053504909,-0.21384380550596926,0.464831053504909,24300,"{2: 12150.0, 3: 12150.0}",未命中,-24300.0,否,-185965.0,6
2017-09-01,2017-09,方案B（P：按命中概率选）,否,HOME,AWAY,6,2/3,0.464831053504909,0.19227335180491423,0.464831053504909,72900,"{2: 36450.0, 3: 36450.0}",未命中,-72900.0,否,-258865.0,7
2017-09-01,2017-09,方案B（P：按命中概率选）,否,HOME,AWAY,0,2/3,0.464831053504909,-0.197861425451076,0.464831053504909,218700,"{2: 109350.0, 3: 109350.0}",未命中,-218700.0,是,-477565.0,0
2017-09-01,2017-09,方案B（P：按命中概率选）,否,HOME,AWAY,3,2/3,0.464831053504909,0.4891674118322622,0.464831053504909,100,"{2: 50.0, 3: 50.0}",命中,160.0,否,-477405.0,0
2017-09-01,2017-09,方案B（P：按命中概率选）,否,HOME,AWAY,2,2/3,0.464831053504909,-0.21210526416412012,0.464831053504909,100,"{2: 50.0, 3: 50.0}",命中,60.000000000000014,否,-477345.0,0
2017-09-01,2017-09,方案B（P：按命中概率选）,否,HOME,AWAY,0,2/3,0.464831053504909,-0.21094623660288747,0.464831053504909,100,"{2: 50.0, 3: 50.0}",未命中,-100.0,否,-477445.0,1
2017-09-01,2017-09,方案B（P：按命中概率选）,否,HOME,AWAY,3,2/3,0.464831053504909,-0.20484609154376787,0.464831053504909,300,"{2: 150.0, 3: 150.0}",命中,225.0,否,-477220.0,0
2017-09-01,2017-09,方案B（P：按命中概率选）,否,HOME,AWAY,0,2/3,0.464831053504909,-0.21820540922323972,0.464831053504909,100,"{2: 50.0, 3: 50.0}",未命中,-100.0,否,-477320.0,1
2017-09-01,2017-09,方案B（P：按命中概率选）,否,HOME,AWAY,2,2/3,0.464831053504909,-0.17986599752667332,0.464831053504909,300,"{2: 150.0, 3: 150.0}",命中,240.0,否,-477080.0,0
2017-09-01,2017-09,方案B（P：按命中概率选）,否,HOME,AWAY,3,2/3,0.464831053504909,-0.19264580142552878,0.464831053504909,100,"{2: 50.0, 3: 50.0}",命中,75.0,否,-477005.0,0
2017-09-01,2017-09,方案B（P：按命中概率选）,否,HOME,AWAY,2,2/3,0.464831053504909,-0.2126847779447365,0.464831053504909,100,"{2: 50.0, 3: 50.0}",命中,57.5,否,-476947.5,0
2017-10-01,2017-10,方案B（P：按命中概率选）,否,HOME,AWAY,1,2/3,0.464413451819953,-0.20608621811696026,0.464413451819953,100,"{2: 50.0, 3: 50.0}",未命中,-100.0,否,-477047.5,1
2017-10-01,2017-10,方案B（P：按命中概率选）,否,HOME,AWAY,2,2/3,0.464413451819953,-0.2204850631297186,0.464413451819953,300,"{2: 150.0, 3: 150.0}",命中,150.0,否,-476897.5,0
2017-10-01,2017-10,方案B（P：按命中概率选）,否,HOME,AWAY,0,2/3,0.464413451819953,-0.21217023713643557,0.464413451819953,100,"{2: 50.0, 3: 50.0}",未命中,-100.0,否,-476997.5,1
2017-10-01,2017-10,方案B（P：按命中概率选）,否,HOME,AWAY,4,2/3,0.464413451819953,-0.21217023713643557,0.464413451819953,300,"{2: 150.0, 3: 150.0}",未命中,-300.0,否,-477297.5,2
2017-10-01,2017-10,方案B（P：按命中概率选）,否,HOME,AWAY,1,2/3,0.464413451819953,-0.18671875757163026,0.464413451819953,900,"{2: 450.0, 3: 450.0}",未命中,-900.0,否,-478197.5,3
2017-10-01,2017-10,方案B（P：按命中概率选）,否,HOME,AWAY,6,2/3,0.464413451819953,-0.1756661230195834,0.464413451819953,2700,"{2: 1350.0, 3: 1350.0}",未命中,-2700.0,否,-480897.5,4
2017-10-01,2017-10,方案B（P：按命中概率选）,否,HOME,AWAY,6,2/3,0.464413451819953,-0.19280277659110556,0.464413451819953,8100,"{2: 4050.0, 3: 4050.0}",未命中,-8100.0,否,-488997.5,5
2017-10-01,2017-10,方案B（P：按命中概率选）,否,HOME,AWAY,0,2/3,0.464413451819953,-0.20943242857767164,0.464413451819953,24300,"{2: 12150.0, 3: 12150.0}",未命中,-24300.0,否,-513297.5,6
2017-10-01,2017-10,方案B（P：按命中概率选）,否,HOME,AWAY,3,2/3,0.464413451819953,-0.21769655441245894,0.464413451819953,72900,"{2: 36450.0, 3: 36450.0}",命中,54675.0,否,-458622.5,0
2017-10-01,2017-10,方案B（P：按命中概率选）,否,HOME,AWAY,5,2/3,0.464413451819953,-0.1739930177892276,0.464413451819953,100,"{2: 50.0, 3: 50.0}",未命中,-100.0,否,-458722.5,1
2017-10-01,2017-10,方案B（P：按命中概率选）,否,HOME,AWAY,1,2/3,0.464413451819953,-0.23153769768176558,0.464413451819953,300,"{2: 150.0, 3: 150.0}",未命中,-300.0,否,-459022.5,2
2017-10-01,2017-10,方案B（P：按命中概率选）,否,HOME,AWAY,4,2/3,0.464413451819953,-0.06118516513645522,0.464413451819953,900,"{2: 450.0, 3: 450.0}",未命中,-900.0,否,-459922.5,3
2017-10-01,2017-10,方案B（P：按命中概率选）,否,HOME,AWAY,2,2/3,0.464413451819953,-0.2188119578993628,0.464413451819953,2700,"{2: 1350.0, 3: 1350.0}",命中,1552.5,否,-458370.0,0
2017-10-01,2017-10,方案B（P：按命中概率选）,否,HOME,AWAY,2,2/3,0.464413451819953,-0.21992736138626667,0.464413451819953,100,"{2: 50.0, 3: 50.0}",命中,52.499999999999986,否,-458317.5,0
2017-10-01,2017-10,方案B（P：按命中概率选）,否,HOME,AWAY,2,2/3,0.464413451819953,-0.13804660541582736,0.464413451819953,100,"{2: 50.0, 3: 50.0}",命中,97.5,否,-458220.0,0
2017-10-01,2017-10,方案B（P：按命中概率选）,否,HOME,AWAY,4,2/3,0.464413451819953,-0.19391818007800943,0.464413451819953,100,"{2: 50.0, 3: 50.0}",未命中,-100.0,否,-458320.0,1
2017-11-01,2017-11,方案B（P：按命中概率选）,否,HOME,AWAY,4,2/3,0.466879851635816,-0.21599654595890216,0.466879851635816,300,"{2: 150.0, 3: 150.0}",未命中,-300.0,否,-458620.0,2
2017-11-01,2017-11,方案B（P：按命中概率选）,否,HOME,AWAY,2,2/3,0.466879851635816,-0.20362340501449006,0.466879851635816,900,"{2: 450.0, 3: 450.0}",命中,540.0000000000001,否,-458080.0,0
2017-11-01,2017-11,方案B（P：按命中概率选）,否,HOME,AWAY,2,2/3,0.466879851635816,-0.19054911941656127,0.466879851635816,100,"{2: 50.0, 3: 50.0}",命中,67.5,否,-458012.5,0
2017-11-01,2017-11,方案B（P：按命中概率选）,否,HOME,AWAY,3,2/3,0.466879851635816,-0.051062577169889156,0.466879851635816,100,"{2: 50.0, 3: 50.0}",命中,90.0,否,-457922.5,0
2017-11-01,2017-11,方案B（P：按命中概率选）,否,HOME,AWAY,5,2/3,0.466879851635816,0.31439876252489585,0.466879851635816,100,"{2: 50.0, 3: 50.0}",未命中,-100.0,否,-458022.5,1
2017-11-01,2017-11,方案B（P：按命中概率选）,否,HOME,AWAY,2,2/3,0.466879851635816,-0.2180999799194523,0.466879851635816,300,"{2: 150.0, 3: 150.0}",命中,142.5,否,-457880.0,0
2017-11-01,2017-11,方案B（P：按命中概率选）,否,HOME,AWAY,2,2/3,0.466879851635816,-0.14794427076463568,0.466879851635816,100,"{2: 50.0, 3: 50.0}",命中,82.5,否,-457797.5,0
2017-11-01,2017-11,方案B（P：按命中概率选）,否,HOME,AWAY,0,2/3,0.466879851635816,-0.09775056233347068,0.466879851635816,100,"{2: 50.0, 3: 50.0}",未命中,-100.0,否,-457897.5,1
2017-11-01,2017-11,方案B（P：按命中概率选）,否,HOME,AWAY,6,2/3,0.466879851635816,-0.2200796824705582,0.466879851635816,300,"{2: 150.0, 3: 150.0}",未命中,-300.0,否,-458197.5,2
2017-11-01,2017-11,方案B（P：按命中概率选）,否,HOME,AWAY,3,2/3,0.466879851635816,-0.17957826777918262,0.466879851635816,900,"{2: 450.0, 3: 450.0}",命中,765.0,否,-457432.5,0
2017-11-01,2017-11,方案B（P：按命中概率选）,否,HOME,AWAY,2,2/3,0.466879851635816,-0.16918482938587642,0.466879851635816,100,"{2: 50.0, 3: 50.0}",命中,85.0,否,-457347.5,0
2017-11-01,2017-11,方案B（P：按命中概率选）,否,HOME,AWAY,3,2/3,0.466879851635816,-0.20572683897504018,0.466879851635816,100,"{2: 50.0, 3: 50.0}",命中,90.0,否,-457257.5,0
2017-11-01,2017-11,方案B（P：按命中概率选）,否,HOME,AWAY,4,2/3,0.466879851635816,-0.2152954013053855,0.466879851635816,100,"{2: 50.0, 3: 50.0}",未命中,-100.0,否,-457357.5,1
2017-11-01,2017-11,方案B（P：按命中概率选）,否,HOME,AWAY,2,2/3,0.466879851635816,-0.22148197177759155,0.466879851635816,300,"{2: 150.0, 3: 150.0}",命中,165.0,否,-457192.5,0
2017-11-01,2017-11,方案B（P：按命中概率选）,否,HOME,AWAY,1,2/3,0.466879851635816,-0.2022211157074567,0.466879851635816,100,"{2: 50.0, 3: 50.0}",未命中,-100.0,否,-457292.5,1
2017-11-01,2017-11,方案B（P：按命中概率选）,否,HOME,AWAY,2,2/3,0.466879851635816,-0.21389311199835215,0.466879851635816,300,"{2: 150.0, 3: 150.0}",命中,187.5,否,-457105.0,0
2017-12-01,2017-12,方案B（P：按命中概率选）,否,HOME,AWAY,5,2/3,0.46543177847913697,-0.21182802775967202,0.46543177847913697,100,"{2: 50.0, 3: 50.0}",未命中,-100.0,否,-457205.0,1
2017-12-01,2017-12,方案B（P：按命中概率选）,否,HOME,AWAY,5,2/3,0.46543177847913697,-0.15426146568462085,0.46543177847913697,300,"{2: 150.0, 3: 150.0}",未命中,-300.0,否,-457505.0,2
2017-12-01,2017-12,方案B（P：按命中概率选）,否,HOME,AWAY,7,2/3,0.46543177847913697,-0.2032542844718983,0.46543177847913697,900,"{2: 450.0, 3: 450.0}",未命中,-900.0,否,-458405.0,3
2017-12-01,2017-12,方案B（P：按命中概率选）,否,HOME,AWAY,3,2/3,0.46543177847913697,-0.21795213010808157,0.46543177847913697,2700,"{2: 1350.0, 3: 1350.0}",命中,2227.5,否,-456177.5,0
2017-12-01,2017-12,方案B（P：按命中概率选）,否,HOME,AWAY,3,2/3,0.46543177847913697,-0.03422905965579082,0.46543177847913697,100,"{2: 50.0, 3: 50.0}",命中,82.5,否,-456095.0,0
2017-12-01,2017-12,方案B（P：按命中概率选）,否,HOME,AWAY,1,2/3,0.46543177847913697,-0.22285141198680947,0.46543177847913697,100,"{2: 50.0, 3: 50.0}",未命中,-100.0,否,-456195.0,1
2017-12-01,2017-12,方案B（P：按命中概率选）,否,HOME,AWAY,4,2/3,0.46543177847913697,-0.16589726014659933,0.46543177847913697,300,"{2: 150.0, 3: 150.0}",未命中,-300.0,否,-456495.0,2
2017-12-01,2017-12,方案B（P：按命中概率选）,否,HOME,AWAY,7,2/3,0.46543177847913697,-0.18488197742666923,0.46543177847913697,900,"{2: 450.0, 3: 450.0}",未命中,-900.0,否,-457395.0,3
2017-12-01,2017-12,方案B（P：按命中概率选）,否,HOME,AWAY,3,2/3,0.46543177847913697,-0.22101418128228656,0.46543177847913697,2700,"{2: 1350.0, 3: 1350.0}",命中,1890.0,否,-455505.0,0
2017-12-01,2017-12,方案B（P：按命中概率选）,否,HOME,AWAY,1,2/3,0.46543177847913697,-0.19713018212348865,0.46543177847913697,100,"{2: 50.0, 3: 50.0}",未命中,-100.0,否,-455605.0,1
2017-12-01,2017-12,方案B（P：按命中概率选）,否,HOME,AWAY,1,2/3,0.46543177847913697,-0.20937838682030807,0.46543177847913697,300,"{2: 150.0, 3: 150.0}",未命中,-300.0,否,-455905.0,2
2017-12-01,2017-12,方案B（P：按命中概率选）,否,HOME,AWAY,1,2/3,0.46543177847913697,-0.21060320728998994,0.46543177847913697,900,"{2: 450.0, 3: 450.0}",未命中,-900.0,否,-456805.0,3
2017-12-01,2017-12,方案B（P：按命中概率选）,否,HOME,AWAY,2,2/3,0.46543177847913697,-0.21305284822935389,0.46543177847913697,2700,"{2: 1350.0, 3: 1350.0}",命中,1417.4999999999995,否,-455387.5,0
2017-12-01,2017-12,方案B（P：按命中概率选）,否,HOME,AWAY,2,2/3,0.46543177847913697,-0.21733971987324074,0.46543177847913697,100,"{2: 50.0, 3: 50.0}",命中,57.5,否,-455330.0,0
2017-12-02,2017-12,方案B（P：按命中概率选）,否,HOME,AWAY,4,2/3,0.46543177847913697,-0.2014170537673755,0.46543177847913697,100,"{2: 50.0, 3: 50.0}",未命中,-100.0,否,-455430.0,1
2017-12-02,2017-12,方案B（P：按命中概率选）,否,HOME,AWAY,1,2/3,0.46543177847913697,-0.21121561752483098,0.46543177847913697,300,"{2: 150.0, 3: 150.0}",未命中,-300.0,否,-455730.0,2
2018-01-01,2018-01,方案B（P：按命中概率选）,否,HOME,AWAY,3,2/3,0.46736387879414354,-0.2193698543524747,0.46736387879414354,900,"{2: 450.0, 3: 450.0}",命中,675.0,否,-455055.0,0
2018-01-01,2018-01,方案B（P：按命中概率选）,否,HOME,AWAY,5,2/3,0.46736387879414354,-0.21609954908899032,0.46736387879414354,100,"{2: 50.0, 3: 50.0}",未命中,-100.0,否,-455155.0,1
2018-01-01,2018-01,方案B（P：按命中概率选）,否,HOME,AWAY,2,2/3,0.46736387879414354,-0.2000067494538067,0.46736387879414354,300,"{2: 150.0, 3: 150.0}",命中,210.0,否,-454945.0,0
2018-01-01,2018-01,方案B（P：按命中概率选）,否,HOME,AWAY,2,2/3,0.46736387879414354,-0.21536476531143545,0.46736387879414354,100,"{2: 50.0, 3: 50.0}",命中,55.0,否,-454890.0,0
2018-01-01,2018-01,方案B（P：按命中概率选）,否,HOME,AWAY,3,2/3,0.46736387879414354,-0.2124256302012153,0.46736387879414354,100,"{2: 50.0, 3: 50.0}",命中,72.50000000000001,否,-454817.5,0
2018-01-01,2018-01,方案B（P：按命中概率选）,否,HOME,AWAY,4,2/3,0.46736387879414354,-0.20989010871528602,0.46736387879414354,100,"{2: 50.0, 3: 50.0}",未命中,-100.0,否,-454917.5,1
2018-01-01,2018-01,方案B（P：按命中概率选）,否,HOME,AWAY,1,2/3,0.46736387879414354,-0.21389519775632537,0.46736387879414354,300,"{2: 150.0, 3: 150.0}",未命中,-300.0,否,-455217.5,2
2018-01-01,2018-01,方案B（P：按命中概率选）,否,HOME,AWAY,3,2/3,0.46736387879414354,-0.2131604139787704,0.46736387879414354,900,"{2: 450.0, 3: 450.0}",命中,675.0,否,-454542.5,0
2018-01-01,2018-01,方案B（P：按命中概率选）,否,HOME,AWAY,1,2/3,0.46736387879414354,-0.2193698543524747,0.46736387879414354,100,"{2: 50.0, 3: 50.0}",未命中,-100.0,否,-454642.5,1
2018-01-01,2018-01,方案B（P：按命中概率选）,否,HOME,AWAY,2,2/3,0.46736387879414354,-0.21389519775632537,0.46736387879414354,300,"{2: 150.0, 3: 150.0}",命中,180.0,否,-454462.5,0
2018-01-01,2018-01,方案B（P：按命中概率选）,否,HOME,AWAY,0,2/3,0.46736387879414354,-0.2186350705749196,0.46736387879414354,100,"{2: 50.0, 3: 50.0}",未命中,-100.0,否,-454562.5,1
2018-01-01,2018-01,方案B（P：按命中概率选）,否,HOME,AWAY,3,2/3,0.46736387879414354,-0.1813784283326938,0.46736387879414354,300,"{2: 150.0, 3: 150.0}",命中,217.5,否,-454345.0,0
2018-01-01,2018-01,方案B（P：按命中概率选）,否,HOME,AWAY,3,2/3,0.46736387879414354,-0.2131604139787704,0.46736387879414354,100,"{2: 50.0, 3: 50.0}",命中,75.0,否,-454270.0,0
2018-01-01,2018-01,方案B（P：按命中概率选）,否,HOME,AWAY,2,2/3,0.46736387879414354,-0.2069509736050661,0.46736387879414354,100,"{2: 50.0, 3: 50.0}",命中,64.99999999999999,否,-454205.0,0
2018-01-01,2018-01,方案B（P：按命中概率选）,否,HOME,AWAY,1,2/3,0.46736387879414354,-0.22010463813002978,0.46736387879414354,100,"{2: 50.0, 3: 50.0}",未命中,-100.0,否,-454305.0,1
2018-01-01,2018-01,方案B（P：按命中概率选）,否,HOME,AWAY,3,2/3,0.46736387879414354,-0.225579294726179,0.46736387879414354,300,"{2: 150.0, 3: 150.0}",命中,225.0,否,-454080.0,0
2018-02-01,2018-02,方案B（P：按命中概率选）,否,HOME,AWAY,2,2/3,0.4661841051498091,-0.1822080239942434,0.4661841051498091,100,"{2: 50.0, 3: 50.0}",命中,82.5,否,-453997.5,0
2018-02-01,2018-02,方案B（P：按命中概率选）,否,HOME,AWAY,3,2/3,0.4661841051498091,-0.21077000790130906,0.4661841051498091,100,"{2: 50.0, 3: 50.0}",命中,82.5,否,-453915.0,0
2018-02-01,2018-02,方案B（P：按命中概率选）,否,HOME,AWAY,5,2/3,0.4661841051498091,-0.13427641881686858,0.4661841051498091,100,"{2: 50.0, 3: 50.0}",未命中,-100.0,否,-454015.0,1
2018-02-01,2018-02,方案B（P：按命中概率选）,否,HOME,AWAY,3,2/3,0.4661841051498091,-0.19074378929980318,0.4661841051498091,300,"{2: 150.0, 3: 150.0}",命中,300.0,否,-453715.0,0
2018-02-01,2018-02,方案B（P：按命中概率选）,否,HOME,AWAY,4,2/3,0.4661841051498091,-0.21692560788128024,0.4661841051498091,100,"{2: 50.0, 3: 50.0}",未命中,-100.0,否,-453815.0,1
2018-02-01,2018-02,方案B（P：按命中概率选）,否,HOME,AWAY,3,2/3,0.4661841051498091,-0.13493301614806552,0.4661841051498091,300,"{2: 150.0, 3: 150.0}",命中,225.0,否,-453590.0,0
2018-02-01,2018-02,方案B（P：按命中概率选）,否,HOME,AWAY,2,2/3,0.4661841051498091,-0.19558619461738047,0.4661841051498091,100,"{2: 50.0, 3: 50.0}",命中,52.499999999999986,否,-453537.5,0
2018-02-01,2018-02,方案B（P：按命中概率选）,否,HOME,AWAY,2,2/3,0.4661841051498091,-0.211426605232506,0.4661841051498091,100,"{2: 50.0, 3: 50.0}",命中,55.0,否,-453482.5,0
2018-02-01,2018-02,方案B（P：按命中概率选）,否,HOME,AWAY,0,2/3,0.4661841051498091,-0.22045481853646365,0.4661841051498091,100,"{2: 50.0, 3: 50.0}",未命中,-100.0,否,-453582.5,1
2018-02-01,2018-02,方案B（P：按命中概率选）,否,HOME,AWAY,3,2/3,0.4661841051498091,-0.22242461053005425,0.4661841051498091,300,"{2: 150.0, 3: 150.0}",命中,240.0,否,-453342.5,0
2018-02-01,2018-02,方案B（P：按命中概率选）,否,HOME,AWAY,2,2/3,0.4661841051498091,-0.19977200260376082,0.4661841051498091,100,"{2: 50.0, 3: 50.0}",命中,57.5,否,-453285.0,0
2018-02-01,2018-02,方案B（P：按命中概率选）,否,HOME,AWAY,3,2/3,0.4661841051498091,-0.06787801369958057,0.4661841051498091,100,"{2: 50.0, 3: 50.0}",命中,77.49999999999999,否,-453207.5,0
2018-02-01,2018-02,方案B（P：按命中概率选）,否,HOME,AWAY,0,2/3,0.4661841051498091,-0.20814361857652142,0.4661841051498091,100,"{2: 50.0, 3: 50.0}",未命中,-100.0,否,-453307.5,1
2018-02-01,2018-02,方案B（P：按命中概率选）,否,HOME,AWAY,2,2/3,0.4661841051498091,-0.21495581588768942,0.4661841051498091,300,"{2: 150.0, 3: 150.0}",命中,187.5,否,-453120.0,0
2018-02-01,2018-02,方案B（P：按命中概率选）,否,HOME,AWAY,2,2/3,0.4661841051498091,-0.22111141586766048,0.4661841051498091,100,"{2: 50.0, 3: 50.0}",命中,60.000000000000014,否,-453060.0,0
2018-02-01,2018-02,方案B（P：按命中概率选）,否,HOME,AWAY,1,2/3,0.4661841051498091,-0.14043201879683975,0.4661841051498091,100,"{2: 50.0, 3: 50.0}",未命中,-100.0,否,-453160.0,1
2018-03-01,2018-03,方案B（P：按命中概率选）,否,HOME,AWAY,3,1/2,0.4721329001992603,-0.1713216911592712,0.4721329001992603,300,"{1: 150.0, 2: 150.0}",未命中,-300.0,否,-453460.0,2
2018-03-01,2018-03,方案B（P：按命中概率选）,否,HOME,AWAY,3,1/2,0.4721329001992603,0.2892205590125747,0.4721329001992603,900,"{1: 450.0, 2: 450.0}",未命中,-900.0,否,-454360.0,3
2018-03-01,2018-03,方案B（P：按命中概率选）,否,HOME,AWAY,7,1/2,0.4721329001992603,0.5797311633694169,0.4721329001992603,2700,"{1: 1350.0, 2: 1350.0}",未命中,-2700.0,否,-457060.0,4
2018-03-01,2018-03,方案B（P：按命中概率选）,否,HOME,AWAY,1,1/2,0.4721329001992603,-0.1595183686542898,0.4721329001992603,8100,"{1: 4050.0, 2: 4050.0}",命中,8100.0,否,-448960.0,0
2018-03-01,2018-03,方案B（P：按命中概率选）,否,HOME,AWAY,1,1/2,0.4721329001992603,-0.1713216911592712,0.4721329001992603,100,"{1: 50.0, 2: 50.0}",命中,97.5,否,-448862.5,0
2018-03-01,2018-03,方案B（P：按命中概率选）,否,HOME,AWAY,2,1/2,0.4721329001992603,-0.13176461033176567,0.4721329001992603,100,"{1: 50.0, 2: 50.0}",命中,62.5,否,-448800.0,0
2018-03-01,2018-03,方案B（P：按命中概率选）,否,HOME,AWAY,4,1/2,0.4721329001992603,0.2892205590125747,0.4721329001992603,100,"{1: 50.0, 2: 50.0}",未命中,-100.0,否,-448900.0,1
2018-03-01,2018-03,方案B（P：按命中概率选）,否,HOME,AWAY,1,1/2,0.4721329001992603,-0.17780820172507195,0.4721329001992603,300,"{1: 150.0, 2: 150.0}",命中,292.5,否,-448607.5,0
2018-03-01,2018-03,方案B（P：按命中概率选）,否,HOME,AWAY,1,1/2,0.4721329001992603,-0.08689071756507927,0.4721329001992603,100,"{1: 50.0, 2: 50.0}",命中,125.0,否,-448482.5,0
2018-03-01,2018-03,方案B（P：按命中概率选）,否,HOME,AWAY,0,1/2,0.4721329001992603,-0.06562346980835576,0.4721329001992603,100,"{1: 50.0, 2: 50.0}",未命中,-100.0,否,-448582.5,1
2018-03-01,2018-03,方案B（P：按命中概率选）,否,HOME,AWAY,3,1/2,0.4721329001992603,-0.0526504486767545,0.4721329001992603,300,"{1: 150.0, 2: 150.0}",未命中,-300.0,否,-448882.5,2
2018-03-01,2018-03,方案B（P：按命中概率选）,否,HOME,AWAY,1,1/2,0.4721329001992603,-0.1382511208975663,0.4721329001992603,900,"{1: 450.0, 2: 450.0}",命中,990.0,否,-447892.5,0
2018-03-01,2018-03,方案B（P：按命中概率选）,否,HOME,AWAY,3,1/2,0.4721329001992603,0.5006170017144056,0.4721329001992603,100,"{1: 50.0, 2: 50.0}",未命中,-100.0,否,-447992.5,1
2018-03-01,2018-03,方案B（P：按命中概率选）,否,HOME,AWAY,4,1/2,0.4721329001992603,-0.18195531503763296,0.4721329001992603,300,"{1: 150.0, 2: 150.0}",未命中,-300.0,否,-448292.5,2
2018-03-01,2018-03,方案B（P：按命中概率选）,否,HOME,AWAY,2,1/2,0.4721329001992603,-0.07625709368671751,0.4721329001992603,900,"{1: 450.0, 2: 450.0}",命中,607.5,否,-447685.0,0
2018-03-01,2018-03,方案B（P：按命中概率选）,否,HOME,AWAY,0,1/2,0.4721329001992603,-0.20556196004759597,0.4721329001992603,100,"{1: 50.0, 2: 50.0}",未命中,-100.0,否,-447785.0,1
2018-04-01,2018-04,方案B（P：按命中概率选）,否,HOME,AWAY,4,2/3,0.4646239532680456,-0.17472388720221277,0.4646239532680456,300,"{2: 150.0, 3: 150.0}",未命中,-300.0,否,-448085.0,2
2018-04-01,2018-04,方案B（P：按命中概率选）,否,HOME,AWAY,6,2/3,0.4646239532680456,-0.19316263499799002,0.4646239532680456,900,"{2: 450.0, 3: 450.0}",未命中,-900.0,否,-448985.0,3
2018-04-01,2018-04,方案B（P：按命中概率选）,否,HOME,AWAY,3,2/3,0.4646239532680456,-0.220780142709727,0.4646239532680456,2700,"{2: 1350.0, 3: 1350.0}",命中,2429.9999999999995,否,-446555.0,0
2018-04-01,2018-04,方案B（P：按命中概率选）,否,HOME,AWAY,2,2/3,0.4646239532680456,-0.19909227635962767,0.4646239532680456,100,"{2: 50.0, 3: 50.0}",命中,70.0,否,-446485.0,0
2018-04-01,2018-04,方案B（P：按命中概率选）,否,HOME,AWAY,3,2/3,0.4646239532680456,-0.1941373705642866,0.4646239532680456,100,"{2: 50.0, 3: 50.0}",命中,80.0,否,-446405.0,0
2018-04-01,2018-04,方案B（P：按命中概率选）,否,HOME,AWAY,3,2/3,0.4646239532680456,-0.2179371639746953,0.4646239532680456,100,"{2: 50.0, 3: 50.0}",命中,77.49999999999999,否,-446327.5,0
2018-04-01,2018-04,方案B（P：按命中概率选）,否,HOME,AWAY,0,2/3,0.4646239532680456,-0.21907435546870802,0.4646239532680456,100,"{2: 50.0, 3: 50.0}",未命中,-100.0,否,-446427.5,1
2018-04-01,2018-04,方案B（P：按命中概率选）,否,HOME,AWAY,5,2/3,0.4646239532680456,-0.1692003856598654,0.4646239532680456,300,"{2: 150.0, 3: 150.0}",未命中,-300.0,否,-446727.5,2
2018-04-01,2018-04,方案B（P：按命中概率选）,否,HOME,AWAY,6,2/3,0.4646239532680456,-0.06620332748785795,0.4646239532680456,900,"{2: 450.0, 3: 450.0}",未命中,-900.0,否,-447627.5,3
2018-04-01,2018-04,方案B（P：按命中概率选）,否,HOME,AWAY,4,2/3,0.4646239532680456,-0.1947059663112931,0.4646239532680456,2700,"{2: 1350.0, 3: 1350.0}",未命中,-2700.0,否,-450327.5,4
2018-04-01,2018-04,方案B（P：按命中概率选）,否,HOME,AWAY,1,2/3,0.4646239532680456,-0.17472388720221277,0.4646239532680456,8100,"{2: 4050.0, 3: 4050.0}",未命中,-8100.0,否,-458427.5,5
2018-04-01,2018-04,方案B（P：按命中概率选）,否,HOME,AWAY,3,2/3,0.4646239532680456,-0.1448319965024505,0.4646239532680456,24300,"{2: 12150.0, 3: 12150.0}",命中,18832.499999999996,否,-439595.0,0
2018-04-01,2018-04,方案B（P：按命中概率选）,否,HOME,AWAY,7,2/3,0.4646239532680456,-0.19966087210663408,0.4646239532680456,100,"{2: 50.0, 3: 50.0}",未命中,-100.0,否,-439695.0,1
2018-04-01,2018-04,方案B（P：按命中概率选）,否,HOME,AWAY,2,2/3,0.4646239532680456,-0.06620332748785795,0.4646239532680456,300,"{2: 150.0, 3: 150.0}",命中,360.00000000000006,否,-439335.0,0
2018-04-01,2018-04,方案B（P：按命中概率选）,否,HOME,AWAY,6,2/3,0.4646239532680456,-0.04906422711380953,0.4646239532680456,100,"{2: 50.0, 3: 50.0}",未命中,-100.0,否,-439435.0,1
2018-04-01,2018-04,方案B（P：按命中概率选）,否,HOME,AWAY,3,2/3,0.4646239532680456,-0.18804527327493292,0.4646239532680456,300,"{2: 150.0, 3: 150.0}",命中,240.0,否,-439195.0,0
2018-05-01,2018-05,方案B（P：按命中概率选）,否,HOME,AWAY,2,2/3,0.468492557941476,-0.21148230713998228,0.468492557941476,100,"{2: 50.0, 3: 50.0}",命中,62.5,否,-439132.5,0
2018-05-01,2018-05,方案B（P：按命中概率选）,否,HOME,AWAY,1,2/3,0.468492557941476,-0.22022736224696304,0.468492557941476,100,"{2: 50.0, 3: 50.0}",未命中,-100.0,否,-439232.5,1
2018-05-01,2018-05,方案B（P：按命中概率选）,否,HOME,AWAY,5,2/3,0.468492557941476,-0.21230770660647158,0.468492557941476,300,"{2: 150.0, 3: 150.0}",未命中,-300.0,否,-439532.5,2
2018-05-01,2018-05,方案B（P：按命中概率选）,否,HOME,AWAY,2,2/3,0.468492557941476,-0.20934044776491545,0.468492557941476,900,"{2: 450.0, 3: 450.0}",命中,472.4999999999999,否,-439060.0,0
2018-05-01,2018-05,方案B（P：按命中概率选）,否,HOME,AWAY,5,2/3,0.468492557941476,-0.18558148084344084,0.468492557941476,100,"{2: 50.0, 3: 50.0}",未命中,-100.0,否,-439160.0,1
2018-05-01,2018-05,方案B（P：按命中概率选）,否,HOME,AWAY,1,2/3,0.468492557941476,-0.20983150820700391,0.468492557941476,300,"{2: 150.0, 3: 150.0}",未命中,-300.0,否,-439460.0,2
2018-05-01,2018-05,方案B（P：按命中概率选）,否,HOME,AWAY,3,2/3,0.468492557941476,-0.21395850553944995,0.468492557941476,900,"{2: 450.0, 3: 450.0}",命中,742.5,否,-438717.5,0
2018-05-01,2018-05,方案B（P：按命中概率选）,否,HOME,AWAY,1,2/3,0.468492557941476,-0.21230770660647158,0.468492557941476,100,"{2: 50.0, 3: 50.0}",未命中,-100.0,否,-438817.5,1
2018-05-01,2018-05,方案B（P：按命中概率选）,否,HOME,AWAY,3,2/3,0.468492557941476,-0.20554778945687002,0.468492557941476,300,"{2: 150.0, 3: 150.0}",命中,285.0,否,-438532.5,0
2018-05-01,2018-05,方案B（P：按命中概率选）,否,HOME,AWAY,6,2/3,0.468492557941476,-0.21940196278047375,0.468492557941476,100,"{2: 50.0, 3: 50.0}",未命中,-100.0,否,-438632.5,1
2018-05-01,2018-05,方案B（P：按命中概率选）,否,HOME,AWAY,3,2/3,0.468492557941476,-0.18640688030993013,0.468492557941476,300,"{2: 150.0, 3: 150.0}",命中,225.0,否,-438407.5,0
2018-05-01,2018-05,方案B（P：按命中概率选）,否,HOME,AWAY,2,2/3,0.468492557941476,-0.0580624873181127,0.468492557941476,100,"{2: 50.0, 3: 50.0}",命中,115.0,否,-438292.5,0
2018-05-02,2018-05,方案B（P：按命中概率选）,否,HOME,AWAY,1,2/3,0.468492557941476,-0.22236922162203,0.468492557941476,100,"{2: 50.0, 3: 50.0}",未命中,-100.0,否,-438392.5,1
2018-05-02,2018-05,方案B（P：按命中概率选）,否,HOME,AWAY,4,2/3,0.468492557941476,-0.13460522771684713,0.468492557941476,300,"{2: 150.0, 3: 150.0}",未命中,-300.0,否,-438692.5,2
2018-05-02,2018-05,方案B（P：按命中概率选）,否,HOME,AWAY,4,2/3,0.468492557941476,-0.0417321155950412,0.468492557941476,900,"{2: 450.0, 3: 450.0}",未命中,-900.0,否,-439592.5,3
2018-05-02,2018-05,方案B（P：按命中概率选）,否,HOME,AWAY,2,2/3,0.468492557941476,-0.20851504829842615,0.468492557941476,2700,"{2: 1350.0, 3: 1350.0}",命中,1485.0,否,-438107.5,0
2018-06-01,2018-06,方案B（P：按命中概率选）,否,HOME,AWAY,0,2/3,0.4686167628136373,-0.20000424062529065,0.4686167628136373,100,"{2: 50.0, 3: 50.0}",未命中,-100.0,否,-438207.5,1
2018-06-01,2018-06,方案B（P：按命中概率选）,否,HOME,AWAY,2,2/3,0.4686167628136373,-0.21841418487868358,0.4686167628136373,300,"{2: 150.0, 3: 150.0}",命中,172.5,否,-438035.0,0
2018-06-01,2018-06,方案B（P：按命中概率选）,否,HOME,AWAY,1,2/3,0.4686167628136373,-0.20376991104075737,0.4686167628136373,100,"{2: 50.0, 3: 50.0}",未命中,-100.0,否,-438135.0,1
2018-06-01,2018-06,方案B（P：按命中概率选）,否,HOME,AWAY,2,2/3,0.4686167628136373,-0.20920921275198712,0.4686167628136373,300,"{2: 150.0, 3: 150.0}",命中,157.5,否,-437977.5,0
2018-06-01,2018-06,方案B（P：按命中概率选）,否,HOME,AWAY,4,2/3,0.4686167628136373,-0.21464851446321687,0.4686167628136373,100,"{2: 50.0, 3: 50.0}",未命中,-100.0,否,-438077.5,1
2018-06-01,2018-06,方案B（P：按命中概率选）,否,HOME,AWAY,4,2/3,0.4686167628136373,-0.20376991104075737,0.4686167628136373,300,"{2: 150.0, 3: 150.0}",未命中,-300.0,否,-438377.5,2
2018-06-02,2018-06,方案B（P：按命中概率选）,否,HOME,AWAY,4,2/3,0.4686167628136373,-0.21381169881533535,0.4686167628136373,900,"{2: 450.0, 3: 450.0}",未命中,-900.0,否,-439277.5,3
2018-06-02,2018-06,方案B（P：按命中概率选）,否,HOME,AWAY,3,2/3,0.4686167628136373,-0.1907992684985942,0.4686167628136373,2700,"{2: 1350.0, 3: 1350.0}",命中,1890.0,否,-437387.5,0
2018-06-02,2018-06,方案B（P：按命中概率选）,否,HOME,AWAY,4,2/3,0.4686167628136373,-0.19916742497740914,0.4686167628136373,100,"{2: 50.0, 3: 50.0}",未命中,-100.0,否,-437487.5,1
2018-06-02,2018-06,方案B（P：按命中概率选）,否,HOME,AWAY,6,2/3,0.4686167628136373,-0.1916360841464757,0.4686167628136373,300,"{2: 150.0, 3: 150.0}",未命中,-300.0,否,-437787.5,2
2018-06-02,2018-06,方案B（P：按命中概率选）,否,HOME,AWAY,1,2/3,0.4686167628136373,-0.20920921275198712,0.4686167628136373,900,"{2: 450.0, 3: 450.0}",未命中,-900.0,否,-438687.5,3
2018-06-02,2018-06,方案B（P：按命中概率选）,否,HOME,AWAY,3,2/3,0.4686167628136373,-0.21757736923080206,0.4686167628136373,2700,"{2: 1350.0, 3: 1350.0}",命中,2025.0,否,-436662.5,0
2018-06-02,2018-06,方案B（P：按命中概率选）,否,HOME,AWAY,2,2/3,0.4686167628136373,-0.2004226484492314,0.4686167628136373,100,"{2: 50.0, 3: 50.0}",命中,62.5,否,-436600.0,0
2018-06-02,2018-06,方案B（P：按命中概率选）,否,HOME,AWAY,4,2/3,0.4686167628136373,-0.14686644698481577,0.4686167628136373,100,"{2: 50.0, 3: 50.0}",未命中,-100.0,否,-436700.0,1
2018-06-02,2018-06,方案B（P：按命中概率选）,否,HOME,AWAY,4,2/3,0.4686167628136373,-0.20586195016046116,0.4686167628136373,300,"{2: 150.0, 3: 150.0}",未命中,-300.0,否,-437000.0,2
2018-06-02,2018-06,方案B（P：按命中概率选）,否,HOME,AWAY,1,2/3,0.4686167628136373,-0.20669876580834257,0.4686167628136373,900,"{2: 450.0, 3: 450.0}",未命中,-900.0,否,-437900.0,3
2018-07-01,2018-07,方案B（P：按命中概率选）,否,HOME,AWAY,2,2/3,0.4698787346361446,-0.18847231007150422,0.4698787346361446,2700,"{2: 1350.0, 3: 1350.0}",命中,2025.0,否,-435875.0,0
2018-07-01,2018-07,方案B（P：按命中概率选）,否,HOME,AWAY,3,2/3,0.4698787346361446,-0.16166757466746384,0.4698787346361446,100,"{2: 50.0, 3: 50.0}",命中,115.0,否,-435760.0,0
2018-07-01,2018-07,方案B（P：按命中概率选）,否,HOME,AWAY,4,2/3,0.4698787346361446,-0.2021930237997005,0.4698787346361446,100,"{2: 50.0, 3: 50.0}",未命中,-100.0,否,-435860.0,1
2018-07-01,2018-07,方案B（P：按命中概率选）,否,HOME,AWAY,1,2/3,0.4698787346361446,-0.18847231007150422,0.4698787346361446,300,"{2: 150.0, 3: 150.0}",未命中,-300.0,否,-436160.0,2
2018-07-01,2018-07,方案B（P：按命中概率选）,否,HOME,AWAY,5,2/3,0.4698787346361446,-0.20855994432322555,0.4698787346361446,900,"{2: 450.0, 3: 450.0}",未命中,-900.0,否,-437060.0,3
2018-07-01,2018-07,方案B（P：按命中概率选）,否,HOME,AWAY,4,2/3,0.4698787346361446,-0.0014121850903399125,0.4698787346361446,2700,"{2: 1350.0, 3: 1350.0}",未命中,-2700.0,否,-439760.0,4
2018-07-01,2018-07,方案B（P：按命中概率选）,否,HOME,AWAY,3,2/3,0.4698787346361446,-0.1385238185644505,0.4698787346361446,8100,"{2: 4050.0, 3: 4050.0}",命中,5872.5,否,-433887.5,0
2018-07-01,2018-07,方案B（P：按命中概率选）,否,HOME,AWAY,5,2/3,0.4698787346361446,-0.1385238185644505,0.4698787346361446,100,"{2: 50.0, 3: 50.0}",未命中,-100.0,否,-433987.5,1
2018-07-01,2018-07,方案B（P：按命中概率选）,否,HOME,AWAY,5,2/3,0.4698787346361446,-0.13413064340321834,0.4698787346361446,300,"{2: 150.0, 3: 150.0}",未命中,-300.0,否,-434287.5,2
2018-07-01,2018-07,方案B（P：按命中概率选）,否,HOME,AWAY,6,2/3,0.4698787346361446,-0.14390386640682917,0.4698787346361446,900,"{2: 450.0, 3: 450.0}",未命中,-900.0,否,-435187.5,3
2018-07-01,2018-07,方案B（P：按命中概率选）,否,HOME,AWAY,2,2/3,0.4698787346361446,-0.2134943077289574,0.4698787346361446,2700,"{2: 1350.0, 3: 1350.0}",命中,1417.4999999999995,否,-433770.0,0
2018-07-01,2018-07,方案B（P：按命中概率选）,否,HOME,AWAY,6,2/3,0.4698787346361446,-0.19098724367829645,0.4698787346361446,100,"{2: 50.0, 3: 50.0}",未命中,-100.0,否,-433870.0,1
2018-07-01,2018-07,方案B（P：按命中概率选）,否,HOME,AWAY,3,2/3,0.4698787346361446,-0.2021930237997005,0.4698787346361446,300,"{2: 150.0, 3: 150.0}",命中,217.5,否,-433652.5,0
2018-07-01,2018-07,方案B（P：按命中概率选）,否,HOME,AWAY,5,2/3,0.4698787346361446,-0.16300462797740423,0.4698787346361446,100,"{2: 50.0, 3: 50.0}",未命中,-100.0,否,-433752.5,1
2018-07-02,2018-07,方案B（P：按命中概率选）,否,HOME,AWAY,2,2/3,0.4698787346361446,-0.18318776603697828,0.4698787346361446,300,"{2: 150.0, 3: 150.0}",命中,142.5,否,-433610.0,0
2018-07-02,2018-07,方案B（P：按命中概率选）,否,HOME,AWAY,2,2/3,0.4698787346361446,-0.2021930237997005,0.4698787346361446,100,"{2: 50.0, 3: 50.0}",命中,67.5,否,-433542.5,0
2018-08-01,2018-08,方案B（P：按命中概率选）,否,HOME,AWAY,6,2/3,0.464413451819953,-0.12090995184430509,0.464413451819953,100,"{2: 50.0, 3: 50.0}",未命中,-100.0,否,-433642.5,1
2018-08-01,2018-08,方案B（P：按命中概率选）,否,HOME,AWAY,0,2/3,0.464413451819953,-0.20390611130164826,0.464413451819953,300,"{2: 150.0, 3: 150.0}",未命中,-300.0,否,-433942.5,2
2018-08-01,2018-08,方案B（P：按命中概率选）,否,HOME,AWAY,1,2/3,0.464413451819953,-0.2188119578993628,0.464413451819953,900,"{2: 450.0, 3: 450.0}",未命中,-900.0,否,-434842.5,3
2018-08-01,2018-08,方案B（P：按命中概率选）,否,HOME,AWAY,4,2/3,0.464413451819953,-0.21161253539298364,0.464413451819953,2700,"{2: 1350.0, 3: 1350.0}",未命中,-2700.0,否,-437542.5,4
2018-08-01,2018-08,方案B（P：按命中概率选）,否,HOME,AWAY,3,2/3,0.464413451819953,-0.15021464345477797,0.464413451819953,8100,"{2: 4050.0, 3: 4050.0}",命中,5872.5,否,-431670.0,0
2018-08-01,2018-08,方案B（P：按命中概率选）,否,HOME,AWAY,3,2/3,0.464413451819953,-0.21936965964281474,0.464413451819953,100,"{2: 50.0, 3: 50.0}",命中,82.5,否,-431587.5,0
2018-08-01,2018-08,方案B（P：按命中概率选）,否,HOME,AWAY,1,2/3,0.464413451819953,-0.20000219909748485,0.464413451819953,100,"{2: 50.0, 3: 50.0}",未命中,-100.0,否,-431687.5,1
2018-08-01,2018-08,方案B（P：按命中概率选）,否,HOME,AWAY,3,2/3,0.464413451819953,-0.18119244029560688,0.464413451819953,300,"{2: 150.0, 3: 150.0}",命中,225.0,否,-431462.5,0
2018-08-01,2018-08,方案B（P：按命中概率选）,否,HOME,AWAY,2,2/3,0.464413451819953,-0.2127279388798875,0.464413451819953,100,"{2: 50.0, 3: 50.0}",命中,60.000000000000014,否,-431402.5,0
2018-08-01,2018-08,方案B（P：按命中概率选）,否,HOME,AWAY,2,2/3,0.464413451819953,-0.21769655441245894,0.464413451819953,100,"{2: 50.0, 3: 50.0}",命中,62.5,否,-431340.0,0
2018-08-01,2018-08,方案B（P：按命中概率选）,否,HOME,AWAY,3,2/3,0.464413451819953,-0.17951933506525108,0.464413451819953,100,"{2: 50.0, 3: 50.0}",命中,67.5,否,-431272.5,0
2018-08-01,2018-08,方案B（P：按命中概率选）,否,HOME,AWAY,5,2/3,0.464413451819953,-0.1856033540847265,0.464413451819953,100,"{2: 50.0, 3: 50.0}",未命中,-100.0,否,-431372.5,1
2018-08-01,2018-08,方案B（P：按命中概率选）,否,HOME,AWAY,3,2/3,0.464413451819953,-0.22378057343193436,0.464413451819953,300,"{2: 150.0, 3: 150.0}",命中,225.0,否,-431147.5,0
2018-08-01,2018-08,方案B（P：按命中概率选）,否,HOME,AWAY,1,2/3,0.464413451819953,-0.21936965964281474,0.464413451819953,100,"{2: 50.0, 3: 50.0}",未命中,-100.0,否,-431247.5,1
2018-08-01,2018-08,方案B（P：按命中概率选）,否,HOME,AWAY,2,2/3,0.464413451819953,-0.21713885266900712,0.464413451819953,300,"{2: 150.0, 3: 150.0}",命中,195.0,否,-431052.5,0
2018-08-01,2018-08,方案B（P：按命中概率选）,否,HOME,AWAY,5,2/3,0.464413451819953,-0.22378057343193436,0.464413451819953,100,"{2: 50.0, 3: 50.0}",未命中,-100.0,否,-431152.5,1
2018-09-01,2018-09,方案B（P：按命中概率选）,否,HOME,AWAY,2,2/3,0.466879851635816,-0.20712912828207353,0.466879851635816,300,"{2: 150.0, 3: 150.0}",命中,142.5,否,-431010.0,0
2018-09-01,2018-09,方案B（P：按命中概率选）,否,HOME,AWAY,1,2/3,0.466879851635816,-0.20642798362855685,0.466879851635816,100,"{2: 50.0, 3: 50.0}",未命中,-100.0,否,-431110.0,1
2018-09-01,2018-09,方案B（P：按命中概率选）,否,HOME,AWAY,2,2/3,0.466879851635816,-0.21669769061241884,0.466879851635816,300,"{2: 150.0, 3: 150.0}",命中,157.5,否,-430952.5,0
2018-09-01,2018-09,方案B（P：按命中概率选）,否,HOME,AWAY,3,2/3,0.466879851635816,-0.19322996662118386,0.466879851635816,100,"{2: 50.0, 3: 50.0}",命中,67.5,否,-430885.0,0
2018-09-01,2018-09,方案B（P：按命中概率选）,否,HOME,AWAY,2,2/3,0.466879851635816,-0.14130401845780116,0.466879851635816,100,"{2: 50.0, 3: 50.0}",命中,47.500000000000014,否,-430837.5,0
2018-09-01,2018-09,方案B（P：按命中概率选）,否,HOME,AWAY,2,2/3,0.466879851635816,-0.16369940356718704,0.466879851635816,100,"{2: 50.0, 3: 50.0}",命中,85.0,否,-430752.5,0
2018-09-01,2018-09,方案B（P：按命中概率选）,否,HOME,AWAY,4,2/3,0.466879851635816,-0.21051112014021278,0.466879851635816,100,"{2: 50.0, 3: 50.0}",未命中,-100.0,否,-430852.5,1
2018-09-01,2018-09,方案B（P：按命中概率选）,否,HOME,AWAY,4,2/3,0.466879851635816,-0.21389311199835215,0.466879851635816,300,"{2: 150.0, 3: 150.0}",未命中,-300.0,否,-431152.5,2
2018-09-01,2018-09,方案B（P：按命中概率选）,否,HOME,AWAY,5,2/3,0.466879851635816,-0.21459425665186882,0.466879851635816,900,"{2: 450.0, 3: 450.0}",未命中,-900.0,否,-432052.5,3
2018-09-01,2018-09,方案B（P：按命中概率选）,否,HOME,AWAY,0,2/3,0.466879851635816,-0.20164370246338414,0.466879851635816,2700,"{2: 1350.0, 3: 1350.0}",未命中,-2700.0,否,-434752.5,4
2018-09-01,2018-09,方案B（P：按命中概率选）,否,HOME,AWAY,3,2/3,0.466879851635816,-0.20642798362855685,0.466879851635816,8100,"{2: 4050.0, 3: 4050.0}",命中,7492.5,否,-427260.0,0
2018-09-01,2018-09,方案B（P：按命中概率选）,否,HOME,AWAY,2,2/3,0.466879851635816,-0.07848970626333585,0.466879851635816,100,"{2: 50.0, 3: 50.0}",命中,115.0,否,-427145.0,0
2018-09-01,2018-09,方案B（P：按命中概率选）,否,HOME,AWAY,2,2/3,0.466879851635816,-0.1822591149838052,0.466879851635816,100,"{2: 50.0, 3: 50.0}",命中,77.49999999999999,否,-427067.5,0
2018-09-01,2018-09,方案B（P：按命中概率选）,否,HOME,AWAY,1,2/3,0.466879851635816,-0.20642798362855685,0.466879851635816,100,"{2: 50.0, 3: 50.0}",未命中,-100.0,否,-427167.5,1
2018-09-01,2018-09,方案B（P：按命中概率选）,否,HOME,AWAY,2,2/3,0.466879851635816,-0.07300428044464646,0.466879851635816,300,"{2: 150.0, 3: 150.0}",命中,345.0,否,-426822.5,0
2018-09-01,2018-09,方案B（P：按命中概率选）,否,HOME,AWAY,4,2/3,0.466879851635816,-0.145139692150569,0.466879851635816,100,"{2: 50.0, 3: 50.0}",未命中,-100.0,否,-426922.5,1
2018-10-01,2018-10,方案B（P：按命中概率选）,否,HOME,AWAY,1,2/3,0.4670448206268877,-0.19911724027913202,0.4670448206268877,300,"{2: 150.0, 3: 150.0}",未命中,-300.0,否,-427222.5,2
2018-10-01,2018-10,方案B（P：按命中概率选）,否,HOME,AWAY,5,2/3,0.4670448206268877,-0.19840490401425026,0.4670448206268877,900,"{2: 450.0, 3: 450.0}",未命中,-900.0,否,-428122.5,3
2018-10-01,2018-10,方案B（P：按命中概率选）,否,HOME,AWAY,5,2/3,0.4670448206268877,-0.20602380493429095,0.4670448206268877,2700,"{2: 1350.0, 3: 1350.0}",未命中,-2700.0,否,-430822.5,4
2018-10-01,2018-10,方案B（P：按命中概率选）,否,HOME,AWAY,5,2/3,0.4670448206268877,-0.1798222188434191,0.4670448206268877,8100,"{2: 4050.0, 3: 4050.0}",未命中,-8100.0,否,-438922.5,5
2018-10-01,2018-10,方案B（P：按命中概率选）,否,HOME,AWAY,1,2/3,0.4670448206268877,-0.1874411197634599,0.4670448206268877,24300,"{2: 12150.0, 3: 12150.0}",未命中,-24300.0,否,-463222.5,6
2018-10-01,2018-10,方案B（P：按命中概率选）,否,HOME,AWAY,1,2/3,0.4670448206268877,-0.1897949265517651,0.4670448206268877,72900,"{2: 36450.0, 3: 36450.0}",未命中,-72900.0,否,-536122.5,7
2018-10-01,2018-10,方案B（P：按命中概率选）,否,HOME,AWAY,3,2/3,0.4670448206268877,-0.21150569705968603,0.4670448206268877,218700,"{2: 109350.0, 3: 109350.0}",命中,147622.5,否,-388500.0,0
2018-10-01,2018-10,方案B（P：按命中概率选）,否,HOME,AWAY,4,2/3,0.4670448206268877,-0.19911724027913202,0.4670448206268877,100,"{2: 50.0, 3: 50.0}",未命中,-100.0,否,-388600.0,1
2018-10-01,2018-10,方案B（P：按命中概率选）,否,HOME,AWAY,3,2/3,0.4670448206268877,-0.2150673783840954,0.4670448206268877,300,"{2: 150.0, 3: 150.0}",命中,240.0,否,-388360.0,0
2018-10-01,2018-10,方案B（P：按命中概率选）,否,HOME,AWAY,2,2/3,0.4670448206268877,-0.15504530528231109,0.4670448206268877,100,"{2: 50.0, 3: 50.0}",命中,95.0,否,-388265.0,0
2018-10-01,2018-10,方案B（P：按命中概率选）,否,HOME,AWAY,2,2/3,0.4670448206268877,-0.19456448241227853,0.4670448206268877,100,"{2: 50.0, 3: 50.0}",命中,52.499999999999986,否,-388212.5,0
2018-10-01,2018-10,方案B（P：按命中概率选）,否,HOME,AWAY,1,2/3,0.4670448206268877,-0.19292301188885497,0.4670448206268877,100,"{2: 50.0, 3: 50.0}",未命中,-100.0,否,-388312.5,1
2018-10-01,2018-10,方案B（P：按命中概率选）,否,HOME,AWAY,4,2/3,0.4670448206268877,-0.17028310712239247,0.4670448206268877,300,"{2: 150.0, 3: 150.0}",未命中,-300.0,否,-388612.5,2
2018-10-01,2018-10,方案B（P：按命中概率选）,否,HOME,AWAY,1,2/3,0.4670448206268877,-0.22054927050949058,0.4670448206268877,900,"{2: 450.0, 3: 450.0}",未命中,-900.0,否,-389512.5,3
2018-10-01,2018-10,方案B（P：按命中概率选）,否,HOME,AWAY,3,2/3,0.4670448206268877,-0.16786735805018438,0.4670448206268877,2700,"{2: 1350.0, 3: 1350.0}",命中,2970.0,否,-386542.5,0
2018-10-01,2018-10,方案B（P：按命中概率选）,否,HOME,AWAY,4,2/3,0.4670448206268877,-0.18886579229322353,0.4670448206268877,100,"{2: 50.0, 3: 50.0}",未命中,-100.0,否,-386642.5,1
2018-11-01,2018-11,方案B（P：按命中概率选）,否,HOME,AWAY,5,2/3,0.46766831743850173,-0.1730839859204628,0.46766831743850173,300,"{2: 150.0, 3: 150.0}",未命中,-300.0,否,-386942.5,2
2018-11-01,2018-11,方案B（P：按命中概率选）,否,HOME,AWAY,5,2/3,0.46766831743850173,-0.19386348103646367,0.46766831743850173,900,"{2: 450.0, 3: 450.0}",未命中,-900.0,否,-387842.5,3
2018-11-01,2018-11,方案B（P：按命中概率选）,否,HOME,AWAY,2,2/3,0.46766831743850173,-0.20496386035454706,0.46766831743850173,2700,"{2: 1350.0, 3: 1350.0}",命中,1890.0,否,-385952.5,0
2018-11-01,2018-11,方案B（P：按命中概率选）,否,HOME,AWAY,4,2/3,0.46766831743850173,-0.039173989436519174,0.46766831743850173,100,"{2: 50.0, 3: 50.0}",未命中,-100.0,否,-386052.5,1
2018-11-01,2018-11,方案B（P：按命中概率选）,否,HOME,AWAY,2,2/3,0.46766831743850173,-0.13725154651423876,0.46766831743850173,300,"{2: 150.0, 3: 150.0}",命中,285.0,否,-385767.5,0
2018-11-01,2018-11,方案B（P：按命中概率选）,否,HOME,AWAY,5,2/3,0.46766831743850173,-0.20799312274789306,0.46766831743850173,100,"{2: 50.0, 3: 50.0}",未命中,-100.0,否,-385867.5,1
2018-11-01,2018-11,方案B（P：按命中概率选）,否,HOME,AWAY,3,2/3,0.46766831743850173,-0.12480252297993966,0.46766831743850173,300,"{2: 150.0, 3: 150.0}",命中,217.5,否,-385650.0,0
2018-11-01,2018-11,方案B（P：按命中概率选）,否,HOME,AWAY,3,2/3,0.46766831743850173,-0.20420654475621047,0.46766831743850173,100,"{2: 50.0, 3: 50.0}",命中,67.5,否,-385582.5,0
2018-11-01,2018-11,方案B（P：按命中概率选）,否,HOME,AWAY,1,2/3,0.46766831743850173,-0.16063496238616382,0.46766831743850173,100,"{2: 50.0, 3: 50.0}",未命中,-100.0,否,-385682.5,1
2018-11-01,2018-11,方案B（P：按命中概率选）,否,HOME,AWAY,4,2/3,0.46766831743850173,-0.2110223851412394,0.46766831743850173,300,"{2: 150.0, 3: 150.0}",未命中,-300.0,否,-385982.5,2
2018-11-01,2018-11,方案B（P：按命中概率选）,否,HOME,AWAY,2,2/3,0.46766831743850173,-0.09990447591134144,0.46766831743850173,900,"{2: 450.0, 3: 450.0}",命中,990.0,否,-384992.5,0
2018-11-01,2018-11,方案B（P：按命中概率选）,否,HOME,AWAY,3,2/3,0.46766831743850173,-0.19798203298906092,0.46766831743850173,100,"{2: 50.0, 3: 50.0}",命中,67.5,否,-384925.0,0
2018-11-01,2018-11,方案B（P：按命中概率选）,否,HOME,AWAY,3,2/3,0.46766831743850173,-0.18006581328594895,0.46766831743850173,100,"{2: 50.0, 3: 50.0}",命中,70.0,否,-384855.0,0
2018-11-01,2018-11,方案B（P：按命中概率选）,否,HOME,AWAY,5,2/3,0.46766831743850173,-0.1536531350206778,0.46766831743850173,100,"{2: 50.0, 3: 50.0}",未命中,-100.0,否,-384955.0,1
2018-11-01,2018-11,方案B（P：按命中概率选）,否,HOME,AWAY,2,2/3,0.46766831743850173,-0.1987393485873975,0.46766831743850173,300,"{2: 150.0, 3: 150.0}",命中,217.5,否,-384737.5,0
2018-11-01,2018-11,方案B（P：按命中概率选）,否,HOME,AWAY,4,2/3,0.46766831743850173,-0.16214959358283676,0.46766831743850173,100,"{2: 50.0, 3: 50.0}",未命中,-100.0,否,-384837.5,1
2018-12-01,2018-12,方案B（P：按命中概率选）,否,HOME,AWAY,4,2/3,0.4679580007632552,-0.1670347586414057,0.4679580007632552,300,"{2: 150.0, 3: 150.0}",未命中,-300.0,否,-385137.5,2
2018-12-01,2018-12,方案B（P：按命中概率选）,否,HOME,AWAY,3,2/3,0.4679580007632552,-0.2052513287037382,0.4679580007632552,900,"{2: 450.0, 3: 450.0}",命中,832.5,否,-384305.0,0
2018-12-01,2018-12,方案B（P：按命中概率选）,否,HOME,AWAY,2,2/3,0.4679580007632552,-0.11789916856126392,0.4679580007632552,100,"{2: 50.0, 3: 50.0}",命中,50.0,否,-384255.0,0
2018-12-01,2018-12,方案B（P：按命中概率选）,否,HOME,AWAY,2,2/3,0.4679580007632552,-0.20447139870246622,0.4679580007632552,100,"{2: 50.0, 3: 50.0}",命中,70.0,否,-384185.0,0
2018-12-01,2018-12,方案B（P：按命中概率选）,否,HOME,AWAY,2,2/3,0.4679580007632552,-0.21539041872027542,0.4679580007632552,100,"{2: 50.0, 3: 50.0}",命中,52.499999999999986,否,-384132.5,0
2018-12-01,2018-12,方案B（P：按命中概率选）,否,HOME,AWAY,4,2/3,0.4679580007632552,-0.21071083871264285,0.4679580007632552,100,"{2: 50.0, 3: 50.0}",未命中,-100.0,否,-384232.5,1
2018-12-01,2018-12,方案B（P：按命中概率选）,否,HOME,AWAY,2,2/3,0.4679580007632552,-0.21305062871645908,0.4679580007632552,300,"{2: 150.0, 3: 150.0}",命中,180.0,否,-384052.5,0
2018-12-01,2018-12,方案B（P：按命中概率选）,否,HOME,AWAY,2,2/3,0.4679580007632552,-0.15377594861978006,0.4679580007632552,100,"{2: 50.0, 3: 50.0}",命中,92.5,否,-383960.0,0
2018-12-01,2018-12,方案B（P：按命中概率选）,否,HOME,AWAY,3,2/3,0.4679580007632552,-0.11711923855999196,0.4679580007632552,100,"{2: 50.0, 3: 50.0}",命中,70.0,否,-383890.0,0
2018-12-01,2018-12,方案B（P：按命中概率选）,否,HOME,AWAY,2,2/3,0.4679580007632552,-0.2052513287037382,0.4679580007632552,100,"{2: 50.0, 3: 50.0}",命中,50.0,否,-383840.0,0
2018-12-01,2018-12,方案B（P：按命中概率选）,否,HOME,AWAY,1,2/3,0.4679580007632552,-0.21539041872027542,0.4679580007632552,100,"{2: 50.0, 3: 50.0}",未命中,-100.0,否,-383940.0,1
2018-12-01,2018-12,方案B（P：按命中概率选）,否,HOME,AWAY,1,2/3,0.4679580007632552,-0.20993090871137077,0.4679580007632552,300,"{2: 150.0, 3: 150.0}",未命中,-300.0,否,-384240.0,2
2018-12-01,2018-12,方案B（P：按命中概率选）,否,HOME,AWAY,6,2/3,0.4679580007632552,-0.16625482864013352,0.4679580007632552,900,"{2: 450.0, 3: 450.0}",未命中,-900.0,否,-385140.0,3
2018-12-01,2018-12,方案B（P：按命中概率选）,否,HOME,AWAY,1,2/3,0.4679580007632552,-0.1974520286910173,0.4679580007632552,2700,"{2: 1350.0, 3: 1350.0}",未命中,-2700.0,否,-387840.0,4
2018-12-01,2018-12,方案B（P：按命中概率选）,否,HOME,AWAY,5,2/3,0.4679580007632552,-0.19043265867956838,0.4679580007632552,8100,"{2: 4050.0, 3: 4050.0}",未命中,-8100.0,否,-395940.0,5
2018-12-01,2018-12,方案B（P：按命中概率选）,否,HOME,AWAY,7,2/3,0.4679580007632552,-0.08670196851038026,0.4679580007632552,24300,"{2: 12150.0, 3: 12150.0}",未命中,-24300.0,否,-420240.0,6
2019-01-01,2019-01,方案B（P：按命中概率选）,否,HOME,AWAY,5,2/3,0.4623686564989344,-0.2176594118892381,0.4623686564989344,72900,"{2: 36450.0, 3: 36450.0}",未命中,-72900.0,否,-493140.0,7
2019-01-01,2019-01,方案B（P：按命中概率选）,否,HOME,AWAY,6,2/3,0.4623686564989344,-0.22228710511502903,0.4623686564989344,218700,"{2: 109350.0, 3: 109350.0}",未命中,-218700.0,是,-711840.0,0
2019-01-01,2019-01,方案B（P：按命中概率选）,否,HOME,AWAY,3,2/3,0.4623686564989344,-0.21351251795963322,0.4623686564989344,100,"{2: 50.0, 3: 50.0}",命中,67.5,否,-711772.5,0
2019-01-01,2019-01,方案B（P：按命中概率选）,否,HOME,AWAY,4,2/3,0.4623686564989344,-0.21305175196745496,0.4623686564989344,100,"{2: 50.0, 3: 50.0}",未命中,-100.0,否,-711872.5,1
2019-01-01,2019-01,方案B（P：按命中概率选）,否,HOME,AWAY,6,2/3,0.4623686564989344,-0.22090480713849403,0.4623686564989344,300,"{2: 150.0, 3: 150.0}",未命中,-300.0,否,-712172.5,2
2019-01-01,2019-01,方案B（P：按命中概率选）,否,HOME,AWAY,2,2/3,0.4623686564989344,-0.22228710511502903,0.4623686564989344,900,"{2: 450.0, 3: 450.0}",命中,495.0,否,-711677.5,0
2019-01-01,2019-01,方案B（P：按命中概率选）,否,HOME,AWAY,1,2/3,0.4623686564989344,-0.21026712271037729,0.4623686564989344,100,"{2: 50.0, 3: 50.0}",未命中,-100.0,否,-711777.5,1
2019-01-01,2019-01,方案B（P：按命中概率选）,否,HOME,AWAY,2,2/3,0.4623686564989344,-0.2051786634924081,0.4623686564989344,300,"{2: 150.0, 3: 150.0}",命中,172.5,否,-711605.0,0
2019-01-01,2019-01,方案B（P：按命中概率选）,否,HOME,AWAY,2,2/3,0.4623686564989344,-0.22090480713849403,0.4623686564989344,100,"{2: 50.0, 3: 50.0}",命中,62.5,否,-711542.5,0
2019-01-01,2019-01,方案B（P：按命中概率选）,否,HOME,AWAY,2,2/3,0.4623686564989344,-0.21719864589705984,0.4623686564989344,100,"{2: 50.0, 3: 50.0}",命中,52.499999999999986,否,-711490.0,0
2019-01-01,2019-01,方案B（P：按命中概率选）,否,HOME,AWAY,5,2/3,0.4623686564989344,-0.11873495669895484,0.4623686564989344,100,"{2: 50.0, 3: 50.0}",未命中,-100.0,否,-711590.0,1
2019-01-01,2019-01,方案B（P：按命中概率选）,否,HOME,AWAY,3,2/3,0.4623686564989344,-0.2213655731306723,0.4623686564989344,300,"{2: 150.0, 3: 150.0}",命中,232.5,否,-711357.5,0
2019-01-01,2019-01,方案B（P：按命中概率选）,否,HOME,AWAY,2,2/3,0.4623686564989344,-0.21305175196745496,0.4623686564989344,100,"{2: 50.0, 3: 50.0}",命中,75.0,否,-711282.5,0
2019-01-01,2019-01,方案B（P：按命中概率选）,否,HOME,AWAY,2,2/3,0.4623686564989344,-0.22783633032517647,0.4623686564989344,100,"{2: 50.0, 3: 50.0}",命中,55.0,否,-711227.5,0
2019-01-01,2019-01,方案B（P：按命中概率选）,否,HOME,AWAY,5,2/3,0.4623686564989344,-0.2139732839518116,0.4623686564989344,100,"{2: 50.0, 3: 50.0}",未命中,-100.0,否,-711327.5,1
2019-01-01,2019-01,方案B（P：按命中概率选）,否,HOME,AWAY,2,2/3,0.4623686564989344,-0.20471789750022973,0.4623686564989344,300,"{2: 150.0, 3: 150.0}",命中,180.0,否,-711147.5,0
2019-02-01,2019-02,方案B（P：按命中概率选）,否,HOME,AWAY,5,2/3,0.4572064284016747,-0.22459076001570188,0.4572064284016747,100,"{2: 50.0, 3: 50.0}",未命中,-100.0,否,-711247.5,1
2019-02-01,2019-02,方案B（P：按命中概率选）,否,HOME,AWAY,2,2/3,0.4572064284016747,-0.22248597338878884,0.4572064284016747,300,"{2: 150.0, 3: 150.0}",命中,217.5,否,-711030.0,0
2019-02-01,2019-02,方案B（P：按命中概率选）,否,HOME,AWAY,4,2/3,0.4572064284016747,-0.16454587485348715,0.4572064284016747,100,"{2: 50.0, 3: 50.0}",未命中,-100.0,否,-711130.0,1
2019-02-01,2019-02,方案B（P：按命中概率选）,否,HOME,AWAY,0,2/3,0.4572064284016747,-0.22859570123635597,0.4572064284016747,300,"{2: 150.0, 3: 150.0}",未命中,-300.0,否,-711430.0,2
2019-02-01,2019-02,方案B（P：按命中概率选）,否,HOME,AWAY,4,2/3,0.4572064284016747,-0.21927032715322714,0.4572064284016747,900,"{2: 450.0, 3: 450.0}",未命中,-900.0,否,-712330.0,3
2019-02-01,2019-02,方案B（P：按命中概率选）,否,HOME,AWAY,6,2/3,0.4572064284016747,-0.17597603556352903,0.4572064284016747,2700,"{2: 1350.0, 3: 1350.0}",未命中,-2700.0,否,-715030.0,4
2019-02-01,2019-02,方案B（P：按命中概率选）,否,HOME,AWAY,4,2/3,0.4572064284016747,-0.18018560881735501,0.4572064284016747,8100,"{2: 4050.0, 3: 4050.0}",未命中,-8100.0,否,-723130.0,5
2019-02-01,2019-02,方案B（P：按命中概率选）,否,HOME,AWAY,1,2/3,0.4572064284016747,-0.22406456335897362,0.4572064284016747,24300,"{2: 12150.0, 3: 12150.0}",未命中,-24300.0,否,-747430.0,6
2019-02-02,2019-02,方案B（P：按命中概率选）,否,HOME,AWAY,2,2/3,0.4572064284016747,-0.21079271435038283,0.4572064284016747,72900,"{2: 36450.0, 3: 36450.0}",命中,56497.5,否,-690932.5,0
2019-02-02,2019-02,方案B（P：按命中概率选）,否,HOME,AWAY,3,2/3,0.4572064284016747,-0.152589517486717,0.4572064284016747,100,"{2: 50.0, 3: 50.0}",命中,70.0,否,-690862.5,0
2019-02-02,2019-02,方案B（P：按命中概率选）,否,HOME,AWAY,4,2/3,0.4572064284016747,-0.21953342548159127,0.4572064284016747,100,"{2: 50.0, 3: 50.0}",未命中,-100.0,否,-690962.5,1
2019-02-02,2019-02,方案B（P：按命中概率选）,否,HOME,AWAY,1,2/3,0.4572064284016747,-0.22327526837388123,0.4572064284016747,300,"{2: 150.0, 3: 150.0}",未命中,-300.0,否,-691262.5,2
2019-02-02,2019-02,方案B（P：按命中概率选）,否,HOME,AWAY,5,2/3,0.4572064284016747,-0.22938499622144837,0.4572064284016747,900,"{2: 450.0, 3: 450.0}",未命中,-900.0,否,-692162.5,3
2019-02-02,2019-02,方案B（P：按命中概率选）,否,HOME,AWAY,2,2/3,0.4572064284016747,-0.22459076001570188,0.4572064284016747,2700,"{2: 1350.0, 3: 1350.0}",命中,1417.4999999999995,否,-690745.0,0
2019-02-02,2019-02,方案B（P：按命中概率选）,否,HOME,AWAY,0,2/3,0.4572064284016747,-0.219007228824863,0.4572064284016747,100,"{2: 50.0, 3: 50.0}",未命中,-100.0,否,-690845.0,1
2019-02-02,2019-02,方案B（P：按命中概率选）,否,HOME,AWAY,2,2/3,0.4572064284016747,-0.21927032715322714,0.4572064284016747,300,"{2: 150.0, 3: 150.0}",命中,150.0,否,-690695.0,0
2019-03-01,2019-03,方案B（P：按命中概率选）,否,HOME,AWAY,1,2/3,0.46918033086904143,-0.20328761528325434,0.46918033086904143,100,"{2: 50.0, 3: 50.0}",未命中,-100.0,否,-690795.0,1
2019-03-01,2019-03,方案B（P：按命中概率选）,否,HOME,AWAY,2,2/3,0.46918033086904143,-0.18256373071347842,0.46918033086904143,300,"{2: 150.0, 3: 150.0}",命中,240.0,否,-690555.0,0
2019-03-01,2019-03,方案B（P：按命中概率选）,否,HOME,AWAY,3,2/3,0.46918033086904143,-0.21859383459747983,0.46918033086904143,100,"{2: 50.0, 3: 50.0}",命中,80.0,否,-690475.0,0
2019-03-01,2019-03,方案B（P：按命中概率选）,否,HOME,AWAY,2,2/3,0.46918033086904143,-0.21049363606005467,0.46918033086904143,100,"{2: 50.0, 3: 50.0}",命中,62.5,否,-690412.5,0
2019-03-01,2019-03,方案B（P：按命中概率选）,否,HOME,AWAY,2,2/3,0.46918033086904143,-0.2041817930438794,0.46918033086904143,100,"{2: 50.0, 3: 50.0}",命中,64.99999999999999,否,-690347.5,0
2019-03-01,2019-03,方案B（P：按命中概率选）,否,HOME,AWAY,0,2/3,0.46918033086904143,-0.2068643263257539,0.46918033086904143,100,"{2: 50.0, 3: 50.0}",未命中,-100.0,否,-690447.5,1
2019-03-01,2019-03,方案B（P：按命中概率选）,否,HOME,AWAY,1,2/3,0.46918033086904143,-0.20412919435207777,0.46918033086904143,300,"{2: 150.0, 3: 150.0}",未命中,-300.0,否,-690747.5,2
2019-03-02,2019-03,方案B（P：按命中概率选）,否,HOME,AWAY,2,2/3,0.46918033086904143,-0.18166955295285359,0.46918033086904143,900,"{2: 450.0, 3: 450.0}",命中,742.5,否,-690005.0,0
2019-03-02,2019-03,方案B（P：按命中概率选）,否,HOME,AWAY,2,2/3,0.46918033086904143,-0.16541655718620174,0.46918033086904143,100,"{2: 50.0, 3: 50.0}",命中,82.5,否,-689922.5,0
2019-03-02,2019-03,方案B（P：按命中概率选）,否,HOME,AWAY,4,2/3,0.46918033086904143,-0.20412919435207777,0.46918033086904143,100,"{2: 50.0, 3: 50.0}",未命中,-100.0,否,-690022.5,1
2019-03-02,2019-03,方案B（P：按命中概率选）,否,HOME,AWAY,4,2/3,0.46918033086904143,-0.20865268184700358,0.46918033086904143,300,"{2: 150.0, 3: 150.0}",未命中,-300.0,否,-690322.5,2
2019-03-02,2019-03,方案B（P：按命中概率选）,否,HOME,AWAY,2,2/3,0.46918033086904143,-0.20412919435207777,0.46918033086904143,900,"{2: 450.0, 3: 450.0}",命中,450.0,否,-689872.5,0
2019-03-02,2019-03,方案B（P：按命中概率选）,否,HOME,AWAY,1,2/3,0.46918033086904143,-0.2113878138206795,0.46918033086904143,100,"{2: 50.0, 3: 50.0}",未命中,-100.0,否,-689972.5,1
2019-03-02,2019-03,方案B（P：按命中概率选）,否,HOME,AWAY,4,2/3,0.46918033086904143,-0.18335271109050033,0.46918033086904143,300,"{2: 150.0, 3: 150.0}",未命中,-300.0,否,-690272.5,2
2019-03-02,2019-03,方案B（P：按命中概率选）,否,HOME,AWAY,0,2/3,0.46918033086904143,-0.19418804160160152,0.46918033086904143,900,"{2: 450.0, 3: 450.0}",未命中,-900.0,否,-691172.5,3
2019-03-02,2019-03,方案B（P：按命中概率选）,否,HOME,AWAY,4,2/3,0.46918033086904143,-0.1266513213285243,0.46918033086904143,2700,"{2: 1350.0, 3: 1350.0}",未命中,-2700.0,否,-693872.5,4
2019-04-01,2019-04,方案B（P：按命中概率选）,否,HOME,AWAY,2,2/3,0.46503473568962717,-0.21732047834304036,0.46503473568962717,8100,"{2: 4050.0, 3: 4050.0}",命中,4860.0,否,-689012.5,0
2019-04-01,2019-04,方案B（P：按命中概率选）,否,HOME,AWAY,2,2/3,0.46503473568962717,-0.20864688826406574,0.46503473568962717,100,"{2: 50.0, 3: 50.0}",命中,50.0,否,-688962.5,0
2019-04-01,2019-04,方案B（P：按命中概率选）,否,HOME,AWAY,3,2/3,0.46503473568962717,-0.14284162268837064,0.46503473568962717,100,"{2: 50.0, 3: 50.0}",命中,72.50000000000001,否,-688890.0,0
2019-04-01,2019-04,方案B（P：按命中概率选）,否,HOME,AWAY,2,2/3,0.46503473568962717,-0.2167300226803872,0.46503473568962717,100,"{2: 50.0, 3: 50.0}",命中,62.5,否,-688827.5,0
2019-04-01,2019-04,方案B（P：按命中概率选）,否,HOME,AWAY,5,2/3,0.46503473568962717,-0.2167300226803872,0.46503473568962717,100,"{2: 50.0, 3: 50.0}",未命中,-100.0,否,-688927.5,1
2019-04-01,2019-04,方案B（P：按命中概率选）,否,HOME,AWAY,2,2/3,0.46503473568962717,-0.17061339937316267,0.46503473568962717,300,"{2: 150.0, 3: 150.0}",命中,142.5,否,-688785.0,0
2019-04-01,2019-04,方案B（P：按命中概率选）,否,HOME,AWAY,3,2/3,0.46503473568962717,-0.21003140499028694,0.46503473568962717,100,"{2: 50.0, 3: 50.0}",命中,72.50000000000001,否,-688712.5,0
2019-04-01,2019-04,方案B（P：按命中概率选）,否,HOME,AWAY,1,2/3,0.46503473568962717,-0.21613956701773396,0.46503473568962717,100,"{2: 50.0, 3: 50.0}",未命中,-100.0,否,-688812.5,1
2019-04-01,2019-04,方案B（P：按命中概率选）,否,HOME,AWAY,1,2/3,0.46503473568962717,-0.1195898859038893,0.46503473568962717,300,"{2: 150.0, 3: 150.0}",未命中,-300.0,否,-689112.5,2
2019-04-01,2019-04,方案B（P：按命中概率选）,否,HOME,AWAY,3,2/3,0.46503473568962717,-0.172201521500299,0.46503473568962717,900,"{2: 450.0, 3: 450.0}",命中,607.5,否,-688505.0,0
2019-04-01,2019-04,方案B（P：按命中概率选）,否,HOME,AWAY,3,2/3,0.46503473568962717,-0.1361430049982706,0.46503473568962717,100,"{2: 50.0, 3: 50.0}",命中,70.0,否,-688435.0,0
2019-04-01,2019-04,方案B（P：按命中概率选）,否,HOME,AWAY,2,2/3,0.46503473568962717,-0.21732047834304036,0.46503473568962717,100,"{2: 50.0, 3: 50.0}",命中,60.000000000000014,否,-688375.0,0
2019-04-01,2019-04,方案B（P：按命中概率选）,否,HOME,AWAY,2,2/3,0.46503473568962717,-0.19584010854651868,0.46503473568962717,100,"{2: 50.0, 3: 50.0}",命中,57.5,否,-688317.5,0
2019-04-02,2019-04,方案B（P：按命中概率选）,否,HOME,AWAY,5,2/3,0.46503473568962717,-0.11840897457858302,0.46503473568962717,100,"{2: 50.0, 3: 50.0}",未命中,-100.0,否,-688417.5,1
2019-04-02,2019-04,方案B（P：按命中概率选）,否,HOME,AWAY,4,2/3,0.46503473568962717,-0.21121231631559345,0.46503473568962717,300,"{2: 150.0, 3: 150.0}",未命中,-300.0,否,-688717.5,2
2019-04-02,2019-04,方案B（P：按命中概率选）,否,HOME,AWAY,2,2/3,0.46503473568962717,-0.22283818470783412,0.46503473568962717,900,"{2: 450.0, 3: 450.0}",命中,540.0000000000001,否,-688177.5,0
2019-05-01,2019-05,方案B（P：按命中概率选）,否,HOME,AWAY,5,2/3,0.4652349829692284,-0.17791836828397545,0.4652349829692284,100,"{2: 50.0, 3: 50.0}",未命中,-100.0,否,-688277.5,1
2019-05-01,2019-05,方案B（P：按命中概率选）,否,HOME,AWAY,3,2/3,0.4652349829692284,-0.22012998231718262,0.4652349829692284,300,"{2: 150.0, 3: 150.0}",命中,195.0,否,-688082.5,0
2019-05-01,2019-05,方案B（P：按命中概率选）,否,HOME,AWAY,1,2/3,0.4652349829692284,-0.19867249679680077,0.4652349829692284,100,"{2: 50.0, 3: 50.0}",未命中,-100.0,否,-688182.5,1
2019-05-02,2019-05,方案B（P：按命中概率选）,否,HOME,AWAY,3,2/3,0.4652349829692284,-0.21331047741783093,0.4652349829692284,300,"{2: 150.0, 3: 150.0}",命中,262.5,否,-687920.0,0
2019-05-02,2019-05,方案B（P：按命中概率选）,否,HOME,AWAY,4,2/3,0.4652349829692284,-0.22253566715462214,0.4652349829692284,100,"{2: 50.0, 3: 50.0}",未命中,-100.0,否,-688020.0,1
2019-05-02,2019-05,方案B（P：按命中概率选）,否,HOME,AWAY,2,2/3,0.4652349829692284,-0.17120079918282038,0.4652349829692284,300,"{2: 150.0, 3: 150.0}",命中,270.0,否,-687750.0,0
2019-05-02,2019-05,方案B（P：按命中概率选）,否,HOME,AWAY,1,2/3,0.4652349829692284,-0.20228102405296,0.4652349829692284,100,"{2: 50.0, 3: 50.0}",未命中,-100.0,否,-687850.0,1
2019-05-02,2019-05,方案B（P：按命中概率选）,否,HOME,AWAY,3,2/3,0.4652349829692284,-0.20779575073539558,0.4652349829692284,300,"{2: 150.0, 3: 150.0}",命中,270.0,否,-687580.0,0
2019-05-02,2019-05,方案B（P：按命中概率选）,否,HOME,AWAY,2,2/3,0.4652349829692284,-0.2017815386417967,0.4652349829692284,100,"{2: 50.0, 3: 50.0}",命中,77.49999999999999,否,-687502.5,0
2019-05-02,2019-05,方案B（P：按命中概率选）,否,HOME,AWAY,2,2/3,0.4652349829692284,-0.19736771857988455,0.4652349829692284,100,"{2: 50.0, 3: 50.0}",命中,50.0,否,-687452.5,0
2019-05-02,2019-05,方案B（P：按命中概率选）,否,HOME,AWAY,1,2/3,0.4652349829692284,-0.21762236168154658,0.4652349829692284,100,"{2: 50.0, 3: 50.0}",未命中,-100.0,否,-687552.5,1
2019-05-02,2019-05,方案B（P：按命中概率选）,否,HOME,AWAY,3,2/3,0.4652349829692284,-0.21822378289090638,0.4652349829692284,300,"{2: 150.0, 3: 150.0}",命中,247.5,否,-687305.0,0
2019-05-02,2019-05,方案B（P：按命中概率选）,否,HOME,AWAY,3,2/3,0.4652349829692284,-0.21270905620847103,0.4652349829692284,100,"{2: 50.0, 3: 50.0}",命中,85.0,否,-687220.0,0
2019-05-02,2019-05,方案B（P：按命中概率选）,否,HOME,AWAY,2,2/3,0.4652349829692284,-0.20659290831667576,0.4652349829692284,100,"{2: 50.0, 3: 50.0}",命中,57.5,否,-687162.5,0
2019-05-02,2019-05,方案B（P：按命中概率选）,否,HOME,AWAY,3,2/3,0.4652349829692284,-0.16929459975654404,0.4652349829692284,100,"{2: 50.0, 3: 50.0}",命中,82.5,否,-687080.0,0
2019-05-03,2019-05,方案B（P：按命中概率选）,否,HOME,AWAY,1,2/3,0.4652349829692284,-0.21461525563474715,0.4652349829692284,100,"{2: 50.0, 3: 50.0}",未命中,-100.0,否,-687180.0,1
2019-06-01,2019-06,方案B（P：按命中概率选）,否,HOME,AWAY,1,2/3,0.4661841051498091,-0.20814361857652142,0.4661841051498091,300,"{2: 150.0, 3: 150.0}",未命中,-300.0,否,-687480.0,2
2019-06-01,2019-06,方案B（P：按命中概率选）,否,HOME,AWAY,5,2/3,0.4661841051498091,-0.19074378929980318,0.4661841051498091,900,"{2: 450.0, 3: 450.0}",未命中,-900.0,否,-688380.0,3
2019-06-01,2019-06,方案B（P：按命中概率选）,否,HOME,AWAY,2,2/3,0.4661841051498091,-0.158242221405556,0.4661841051498091,2700,"{2: 1350.0, 3: 1350.0}",命中,2429.9999999999995,否,-685950.0,0
2019-06-01,2019-06,方案B（P：按命中概率选）,否,HOME,AWAY,2,2/3,0.4661841051498091,-0.1938626266229886,0.4661841051498091,100,"{2: 50.0, 3: 50.0}",命中,80.0,否,-685870.0,0
2019-06-01,2019-06,方案B（P：按命中概率选）,否,HOME,AWAY,4,2/3,0.4661841051498091,-0.19558619461738047,0.4661841051498091,100,"{2: 50.0, 3: 50.0}",未命中,-100.0,否,-685970.0,1
2019-06-01,2019-06,方案B（P：按命中概率选）,否,HOME,AWAY,1,2/3,0.4661841051498091,-0.2026446159277473,0.4661841051498091,300,"{2: 150.0, 3: 150.0}",未命中,-300.0,否,-686270.0,2
2019-06-01,2019-06,方案B（P：按命中概率选）,否,HOME,AWAY,4,2/3,0.4661841051498091,-0.19451922395418553,0.4661841051498091,900,"{2: 450.0, 3: 450.0}",未命中,-900.0,否,-687170.0,3
2019-06-01,2019-06,方案B（P：按命中概率选）,否,HOME,AWAY,2,2/3,0.4661841051498091,-0.21692560788128024,0.4661841051498091,2700,"{2: 1350.0, 3: 1350.0}",命中,1485.0,否,-685685.0,0
2019-06-01,2019-06,方案B（P：按命中概率选）,否,HOME,AWAY,2,2/3,0.4661841051498091,-0.20683042391412765,0.4661841051498091,100,"{2: 50.0, 3: 50.0}",命中,72.50000000000001,否,-685612.5,0
2019-06-01,2019-06,方案B（P：按命中概率选）,否,HOME,AWAY,3,2/3,0.4661841051498091,-0.17490337868467765,0.4661841051498091,100,"{2: 50.0, 3: 50.0}",命中,110.0,否,-685502.5,0
2019-06-01,2019-06,方案B（P：按命中概率选）,否,HOME,AWAY,1,2/3,0.4661841051498091,-0.17227698935989,0.4661841051498091,100,"{2: 50.0, 3: 50.0}",未命中,-100.0,否,-685602.5,1
2019-06-01,2019-06,方案B（P：按命中概率选）,否,HOME,AWAY,1,2/3,0.4661841051498091,-0.21561241321888636,0.4661841051498091,300,"{2: 150.0, 3: 150.0}",未命中,-300.0,否,-685902.5,2
2019-06-01,2019-06,方案B（P：按命中概率选）,否,HOME,AWAY,4,2/3,0.4661841051498091,-0.2129860238940986,0.4661841051498091,900,"{2: 450.0, 3: 450.0}",未命中,-900.0,否,-686802.5,3
2019-06-01,2019-06,方案B（P：按命中概率选）,否,HOME,AWAY,2,2/3,0.4661841051498091,-0.20461440792133812,0.4661841051498091,2700,"{2: 1350.0, 3: 1350.0}",命中,1620.0000000000005,否,-685182.5,0
2019-06-01,2019-06,方案B（P：按命中概率选）,否,HOME,AWAY,1,2/3,0.4661841051498091,-0.20724079724612565,0.4661841051498091,100,"{2: 50.0, 3: 50.0}",未命中,-100.0,否,-685282.5,1
2019-06-01,2019-06,方案B（P：按命中概率选）,否,HOME,AWAY,2,2/3,0.4661841051498091,-0.2074870212453246,0.4661841051498091,300,"{2: 150.0, 3: 150.0}",命中,210.0,否,-685072.5,0
2019-07-01,2019-07,方案B（P：按命中概率选）,否,HOME,AWAY,0,2/3,0.468492557941476,-0.2052134504324693,0.468492557941476,100,"{2: 50.0, 3: 50.0}",未命中,-100.0,否,-685172.5,1
2019-07-01,2019-07,方案B（P：按命中概率选）,否,HOME,AWAY,1,2/3,0.468492557941476,-0.16034933259570083,0.468492557941476,300,"{2: 150.0, 3: 150.0}",未命中,-300.0,否,-685472.5,2
2019-07-01,2019-07,方案B（P：按命中概率选）,否,HOME,AWAY,3,2/3,0.468492557941476,-0.2106569076734931,0.468492557941476,900,"{2: 450.0, 3: 450.0}",命中,652.5,否,-684820.0,0
2019-07-01,2019-07,方案B（P：按命中概率选）,否,HOME,AWAY,5,2/3,0.468492557941476,-0.2106569076734931,0.468492557941476,100,"{2: 50.0, 3: 50.0}",未命中,-100.0,否,-684920.0,1
2019-07-01,2019-07,方案B（P：按命中概率选）,否,HOME,AWAY,2,2/3,0.468492557941476,-0.18393068191046247,0.468492557941476,300,"{2: 150.0, 3: 150.0}",命中,240.0,否,-684680.0,0
2019-07-01,2019-07,方案B（P：按命中概率选）,否,HOME,AWAY,2,2/3,0.468492557941476,-0.19729379479197773,0.468492557941476,100,"{2: 50.0, 3: 50.0}",命中,72.50000000000001,否,-684607.5,0
2019-07-01,2019-07,方案B（P：按命中概率选）,否,HOME,AWAY,2,2/3,0.468492557941476,-0.13643364425653848,0.468492557941476,100,"{2: 50.0, 3: 50.0}",命中,42.5,否,-684565.0,0
2019-07-01,2019-07,方案B（P：按命中概率选）,否,HOME,AWAY,1,2/3,0.468492557941476,-0.11200599928626254,0.468492557941476,100,"{2: 50.0, 3: 50.0}",未命中,-100.0,否,-684665.0,1
2019-07-01,2019-07,方案B（P：按命中概率选）,否,HOME,AWAY,2,2/3,0.468492557941476,-0.19135927710886547,0.468492557941476,300,"{2: 150.0, 3: 150.0}",命中,172.5,否,-684492.5,0
2019-07-01,2019-07,方案B（P：按命中概率选）,否,HOME,AWAY,4,2/3,0.468492557941476,-0.18509042040135237,0.468492557941476,100,"{2: 50.0, 3: 50.0}",未命中,-100.0,否,-684592.5,1
2019-07-01,2019-07,方案B（P：按命中概率选）,否,HOME,AWAY,2,2/3,0.468492557941476,-0.14187710149756239,0.468492557941476,300,"{2: 150.0, 3: 150.0}",命中,127.5,否,-684465.0,0
2019-07-01,2019-07,方案B（P：按命中概率选）,否,HOME,AWAY,1,2/3,0.468492557941476,-0.1534117978393863,0.468492557941476,100,"{2: 50.0, 3: 50.0}",未命中,-100.0,否,-684565.0,1
2019-07-01,2019-07,方案B（P：按命中概率选）,否,HOME,AWAY,4,2/3,0.468492557941476,-0.20438805096598,0.468492557941476,300,"{2: 150.0, 3: 150.0}",未命中,-300.0,否,-684865.0,2
2019-07-02,2019-07,方案B（P：按命中概率选）,否,HOME,AWAY,5,2/3,0.468492557941476,-0.18756661880082004,0.468492557941476,900,"{2: 450.0, 3: 450.0}",未命中,-900.0,否,-685765.0,3
2019-07-02,2019-07,方案B（P：按命中概率选）,否,HOME,AWAY,2,2/3,0.468492557941476,-0.20851504829842615,0.468492557941476,2700,"{2: 1350.0, 3: 1350.0}",命中,1485.0,否,-684280.0,0
2019-07-02,2019-07,方案B（P：按命中概率选）,否,HOME,AWAY,2,2/3,0.468492557941476,-0.20818070927402543,0.468492557941476,100,"{2: 50.0, 3: 50.0}",命中,72.50000000000001,否,-684207.5,0
2019-08-01,2019-08,方案B（P：按命中概率选）,否,HOME,AWAY,2,2/3,0.46376170842729514,-0.2086964856555873,0.46376170842729514,100,"{2: 50.0, 3: 50.0}",命中,57.5,否,-684150.0,0
2019-08-01,2019-08,方案B（P：按命中概率选）,否,HOME,AWAY,3,2/3,0.46376170842729514,-0.19815277434029777,0.46376170842729514,100,"{2: 50.0, 3: 50.0}",命中,92.5,否,-684057.5,0
2019-08-01,2019-08,方案B（P：按命中概率选）,否,HOME,AWAY,2,2/3,0.46376170842729514,-0.19447661445642284,0.46376170842729514,100,"{2: 50.0, 3: 50.0}",命中,72.50000000000001,否,-683985.0,0
2019-08-01,2019-08,方案B（P：按命中概率选）,否,HOME,AWAY,3,2/3,0.46376170842729514,-0.15387726628835385,0.46376170842729514,100,"{2: 50.0, 3: 50.0}",命中,112.5,否,-683872.5,0
2019-08-01,2019-08,方案B（P：按命中概率选）,否,HOME,AWAY,2,2/3,0.46376170842729514,-0.18946734164762624,0.46376170842729514,100,"{2: 50.0, 3: 50.0}",命中,70.0,否,-683802.5,0
2019-08-01,2019-08,方案B（P：按命中概率选）,否,HOME,AWAY,2,2/3,0.46376170842729514,-0.2047375442421835,0.46376170842729514,100,"{2: 50.0, 3: 50.0}",命中,50.0,否,-683752.5,0
2019-08-01,2019-08,方案B（P：按命中概率选）,否,HOME,AWAY,2,2/3,0.46376170842729514,-0.2086964856555873,0.46376170842729514,100,"{2: 50.0, 3: 50.0}",命中,57.5,否,-683695.0,0
2019-08-02,2019-08,方案B（P：按命中概率选）,否,HOME,AWAY,3,2/3,0.46376170842729514,-0.19710244294490487,0.46376170842729514,100,"{2: 50.0, 3: 50.0}",命中,87.5,否,-683607.5,0
2019-08-02,2019-08,方案B（P：按命中概率选）,否,HOME,AWAY,2,2/3,0.46376170842729514,-0.19447661445642284,0.46376170842729514,100,"{2: 50.0, 3: 50.0}",命中,72.50000000000001,否,-683535.0,0
2019-08-02,2019-08,方案B（P：按命中概率选）,否,HOME,AWAY,3,2/3,0.46376170842729514,-0.19552694585181563,0.46376170842729514,100,"{2: 50.0, 3: 50.0}",命中,80.0,否,-683455.0,0
2019-08-02,2019-08,方案B（P：按命中概率选）,否,HOME,AWAY,3,2/3,0.46376170842729514,-0.17181369473275443,0.46376170842729514,100,"{2: 50.0, 3: 50.0}",命中,82.5,否,-683372.5,0
2019-08-02,2019-08,方案B（P：按命中概率选）,否,HOME,AWAY,3,2/3,0.46376170842729514,-0.1950017801541193,0.46376170842729514,100,"{2: 50.0, 3: 50.0}",命中,77.49999999999999,否,-683295.0,0
2019-08-02,2019-08,方案B（P：按命中概率选）,否,HOME,AWAY,3,2/3,0.46376170842729514,-0.19314350153150117,0.46376170842729514,100,"{2: 50.0, 3: 50.0}",命中,97.5,否,-683197.5,0
2019-08-02,2019-08,方案B（P：按命中概率选）,否,HOME,AWAY,4,2/3,0.46376170842729514,-0.1504838879340078,0.46376170842729514,100,"{2: 50.0, 3: 50.0}",未命中,-100.0,否,-683297.5,1
2019-08-02,2019-08,方案B（P：按命中概率选）,否,HOME,AWAY,3,2/3,0.46376170842729514,-0.22372430408197697,0.46376170842729514,300,"{2: 150.0, 3: 150.0}",命中,210.0,否,-683087.5,0
2019-08-03,2019-08,方案B（P：按命中概率选）,否,HOME,AWAY,2,2/3,0.46376170842729514,-0.13331500935547114,0.46376170842729514,100,"{2: 50.0, 3: 50.0}",命中,47.500000000000014,否,-683040.0,0
2019-09-01,2019-09,方案B（P：按命中概率选）,否,HOME,AWAY,1,2/3,0.4613750607425011,-0.21775412304940467,0.4613750607425011,100,"{2: 50.0, 3: 50.0}",未命中,-100.0,否,-683140.0,1
2019-09-01,2019-09,方案B（P：按命中概率选）,否,HOME,AWAY,7,2/3,0.4613750607425011,-0.24040453082419833,0.4613750607425011,300,"{2: 150.0, 3: 150.0}",未命中,-300.0,否,-683440.0,2
2019-09-01,2019-09,方案B（P：按命中概率选）,否,HOME,AWAY,5,2/3,0.4613750607425011,-0.1507591174674947,0.4613750607425011,900,"{2: 450.0, 3: 450.0}",未命中,-900.0,否,-684340.0,3
2019-09-01,2019-09,方案B（P：按命中概率选）,否,HOME,AWAY,2,2/3,0.4613750607425011,-0.19080073543348908,0.4613750607425011,2700,"{2: 1350.0, 3: 1350.0}",命中,1417.4999999999995,否,-682922.5,0
2019-09-01,2019-09,方案B（P：按命中概率选）,否,HOME,AWAY,1,2/3,0.4613750607425011,-0.1963587510616046,0.4613750607425011,100,"{2: 50.0, 3: 50.0}",未命中,-100.0,否,-683022.5,1
2019-09-01,2019-09,方案B（P：按命中概率选）,否,HOME,AWAY,3,2/3,0.4613750607425011,-0.1738278705046199,0.4613750607425011,300,"{2: 150.0, 3: 150.0}",命中,210.0,否,-682812.5,0
2019-09-01,2019-09,方案B（P：按命中概率选）,否,HOME,AWAY,2,2/3,0.4613750607425011,-0.12643532864337592,0.4613750607425011,100,"{2: 50.0, 3: 50.0}",命中,104.99999999999997,否,-682707.5,0
2019-09-01,2019-09,方案B（P：按命中概率选）,否,HOME,AWAY,4,2/3,0.4613750607425011,-0.05639237900733818,0.4613750607425011,100,"{2: 50.0, 3: 50.0}",未命中,-100.0,否,-682807.5,1
2019-09-01,2019-09,方案B（P：按命中概率选）,否,HOME,AWAY,2,2/3,0.4613750607425011,-0.21261445268362023,0.4613750607425011,300,"{2: 150.0, 3: 150.0}",命中,165.0,否,-682642.5,0
2019-09-01,2019-09,方案B（P：按命中概率选）,否,HOME,AWAY,3,2/3,0.4613750607425011,-0.21566239673774823,0.4613750607425011,100,"{2: 50.0, 3: 50.0}",命中,70.0,否,-682572.5,0
2019-09-01,2019-09,方案B（P：按命中概率选）,否,HOME,AWAY,1,2/3,0.4613750607425011,-0.22928849956796715,0.4613750607425011,100,"{2: 50.0, 3: 50.0}",未命中,-100.0,否,-682672.5,1
2019-09-01,2019-09,方案B（P：按命中概率选）,否,HOME,AWAY,3,2/3,0.4613750607425011,-0.19175695317596053,0.4613750607425011,300,"{2: 150.0, 3: 150.0}",命中,210.0,否,-682462.5,0
2019-09-01,2019-09,方案B（P：按命中概率选）,否,HOME,AWAY,3,2/3,0.4613750607425011,-0.21345114320828285,0.4613750607425011,100,"{2: 50.0, 3: 50.0}",命中,92.5,否,-682370.0,0
2019-09-01,2019-09,方案B（P：按命中概率选）,否,HOME,AWAY,1,2/3,0.4613750607425011,-0.16701481908951044,0.4613750607425011,100,"{2: 50.0, 3: 50.0}",未命中,-100.0,否,-682470.0,1
2019-09-01,2019-09,方案B（P：按命中概率选）,否,HOME,AWAY,1,2/3,0.4613750607425011,-0.2237304839398515,0.4613750607425011,300,"{2: 150.0, 3: 150.0}",未命中,-300.0,否,-682770.0,2
2019-09-01,2019-09,方案B（P：按命中概率选）,否,HOME,AWAY,4,2/3,0.4613750607425011,-0.10808790070970387,0.4613750607425011,900,"{2: 450.0, 3: 450.0}",未命中,-900.0,否,-683670.0,3
2019-10-01,2019-10,方案B（P：按命中概率选）,否,HOME,AWAY,5,2/3,0.46562510534362855,-0.21581619111025852,0.46562510534362855,2700,"{2: 1350.0, 3: 1350.0}",未命中,-2700.0,否,-686370.0,4
2019-10-01,2019-10,方案B（P：按命中概率选）,否,HOME,AWAY,2,2/3,0.46562510534362855,-0.22257163875363295,0.46562510534362855,8100,"{2: 4050.0, 3: 4050.0}",命中,4657.5,否,-681712.5,0
2019-10-01,2019-10,方案B（P：按命中概率选）,否,HOME,AWAY,6,2/3,0.46562510534362855,-0.032478860891659855,0.46562510534362855,100,"{2: 50.0, 3: 50.0}",未命中,-100.0,否,-681812.5,1
2019-10-01,2019-10,方案B（P：按命中概率选）,否,HOME,AWAY,5,2/3,0.46562510534362855,-0.16488972271852675,0.46562510534362855,300,"{2: 150.0, 3: 150.0}",未命中,-300.0,否,-682112.5,2
2019-10-01,2019-10,方案B（P：按命中概率选）,否,HOME,AWAY,4,2/3,0.46562510534362855,-0.19430300307802995,0.46562510534362855,900,"{2: 450.0, 3: 450.0}",未命中,-900.0,否,-683012.5,3
2019-10-01,2019-10,方案B（P：按命中概率选）,否,HOME,AWAY,2,2/3,0.46562510534362855,-0.11219518709184217,0.46562510534362855,2700,"{2: 1350.0, 3: 1350.0}",命中,2767.5,否,-680245.0,0
2019-10-01,2019-10,方案B（P：按命中概率选）,否,HOME,AWAY,3,2/3,0.46562510534362855,-0.217063036212364,0.46562510534362855,100,"{2: 50.0, 3: 50.0}",命中,80.0,否,-680165.0,0
2019-10-01,2019-10,方案B（P：按命中概率选）,否,HOME,AWAY,1,2/3,0.46562510534362855,-0.16125138783041582,0.46562510534362855,100,"{2: 50.0, 3: 50.0}",未命中,-100.0,否,-680265.0,1
2019-10-01,2019-10,方案B（P：按命中概率选）,否,HOME,AWAY,1,2/3,0.46562510534362855,-0.2121778562221477,0.46562510534362855,300,"{2: 150.0, 3: 150.0}",未命中,-300.0,否,-680565.0,2
2019-10-01,2019-10,方案B（P：按命中概率选）,否,HOME,AWAY,2,2/3,0.46562510534362855,-0.17486448353536999,0.46562510534362855,900,"{2: 450.0, 3: 450.0}",命中,450.0,否,-680115.0,0
2019-10-01,2019-10,方案B（P：按命中概率选）,否,HOME,AWAY,1,2/3,0.46562510534362855,-0.22381848385573844,0.46562510534362855,100,"{2: 50.0, 3: 50.0}",未命中,-100.0,否,-680215.0,1
2019-10-01,2019-10,方案B（P：按命中概率选）,否,HOME,AWAY,2,2/3,0.46562510534362855,-0.16488972271852675,0.46562510534362855,300,"{2: 150.0, 3: 150.0}",命中,270.0,否,-679945.0,0
2019-10-09,2019-10,方案B（P：按命中概率选）,否,HOME,AWAY,3,2/3,0.46562510534362855,-0.1453490027576616,0.46562510534362855,100,"{2: 50.0, 3: 50.0}",命中,87.5,否,-679857.5,0
2019-10-09,2019-10,方案B（P：按命中概率选）,否,HOME,AWAY,5,2/3,0.46562510534362855,-0.14410215765555612,0.46562510534362855,100,"{2: 50.0, 3: 50.0}",未命中,-100.0,否,-679957.5,1
2019-10-09,2019-10,方案B（P：按命中概率选）,否,HOME,AWAY,4,2/3,0.46562510534362855,-0.16312165548357394,0.46562510534362855,300,"{2: 150.0, 3: 150.0}",未命中,-300.0,否,-680257.5,2
2019-10-09,2019-10,方案B（P：按命中概率选）,否,HOME,AWAY,4,2/3,0.46562510534362855,-0.16312165548357394,0.46562510534362855,900,"{2: 450.0, 3: 450.0}",未命中,-900.0,否,-681157.5,3
2019-11-01,2019-11,方案B（P：按命中概率选）,否,HOME,AWAY,1,2/3,0.4621250662234133,-0.1737263832167737,0.4621250662234133,2700,"{2: 1350.0, 3: 1350.0}",未命中,-2700.0,否,-683857.5,4
2019-11-01,2019-11,方案B（P：按命中概率选）,否,HOME,AWAY,1,2/3,0.4621250662234133,-0.17687723594102422,0.4621250662234133,8100,"{2: 4050.0, 3: 4050.0}",未命中,-8100.0,否,-691957.5,5
2019-11-01,2019-11,方案B（P：按命中概率选）,否,HOME,AWAY,3,2/3,0.4621250662234133,-0.1519704953588532,0.4621250662234133,24300,"{2: 12150.0, 3: 12150.0}",命中,21870.0,否,-670087.5,0
2019-11-01,2019-11,方案B（P：按命中概率选）,否,HOME,AWAY,3,2/3,0.4621250662234133,-0.15242061717660338,0.4621250662234133,100,"{2: 50.0, 3: 50.0}",命中,92.5,否,-669995.0,0
2019-11-01,2019-11,方案B（P：按命中概率选）,否,HOME,AWAY,2,2/3,0.4621250662234133,-0.1546712262653538,0.4621250662234133,100,"{2: 50.0, 3: 50.0}",命中,62.5,否,-669932.5,0
2019-11-01,2019-11,方案B（P：按命中概率选）,否,HOME,AWAY,2,2/3,0.4621250662234133,-0.16667447473868913,0.4621250662234133,100,"{2: 50.0, 3: 50.0}",命中,57.5,否,-669875.0,0
2019-11-01,2019-11,方案B（P：按命中概率选）,否,HOME,AWAY,5,2/3,0.4621250662234133,-0.14416838385118524,0.4621250662234133,100,"{2: 50.0, 3: 50.0}",未命中,-100.0,否,-669975.0,1
2019-11-01,2019-11,方案B（P：按命中概率选）,否,HOME,AWAY,1,2/3,0.4621250662234133,-0.1635236220144386,0.4621250662234133,300,"{2: 150.0, 3: 150.0}",未命中,-300.0,否,-670275.0,2
2019-11-01,2019-11,方案B（P：按命中概率选）,否,HOME,AWAY,2,2/3,0.4621250662234133,-0.18287886017769184,0.4621250662234133,900,"{2: 450.0, 3: 450.0}",命中,540.0000000000001,否,-669735.0,0
2019-11-01,2019-11,方案B（P：按命中概率选）,否,HOME,AWAY,4,2/3,0.4621250662234133,-0.18062825108894154,0.4621250662234133,100,"{2: 50.0, 3: 50.0}",未命中,-100.0,否,-669835.0,1
2019-11-02,2019-11,方案B（P：按命中概率选）,否,HOME,AWAY,2,2/3,0.4621250662234133,-0.19218137774452693,0.4621250662234133,300,"{2: 150.0, 3: 150.0}",命中,210.0,否,-669625.0,0
2019-11-02,2019-11,方案B（P：按命中概率选）,否,HOME,AWAY,6,2/3,0.4621250662234133,-0.16217325656118842,0.4621250662234133,100,"{2: 50.0, 3: 50.0}",未命中,-100.0,否,-669725.0,1
2019-11-02,2019-11,方案B（P：按命中概率选）,否,HOME,AWAY,6,2/3,0.4621250662234133,-0.17282613958127346,0.4621250662234133,300,"{2: 150.0, 3: 150.0}",未命中,-300.0,否,-670025.0,2
2019-11-02,2019-11,方案B（P：按命中概率选）,否,HOME,AWAY,1,2/3,0.4621250662234133,-0.16157309413752152,0.4621250662234133,900,"{2: 450.0, 3: 450.0}",未命中,-900.0,否,-670925.0,3
2019-11-02,2019-11,方案B（P：按命中概率选）,否,HOME,AWAY,1,2/3,0.4621250662234133,-0.1884303625966095,0.4621250662234133,2700,"{2: 1350.0, 3: 1350.0}",未命中,-2700.0,否,-673625.0,4
2019-11-02,2019-11,方案B（P：按命中概率选）,否,HOME,AWAY,1,2/3,0.4621250662234133,-0.17267609897535685,0.4621250662234133,8100,"{2: 4050.0, 3: 4050.0}",未命中,-8100.0,否,-681725.0,5
2019-12-01,2019-12,方案B（P：按命中概率选）,否,HOME,AWAY,3,2/3,0.4533957924990286,-0.17843534561726648,0.4533957924990286,24300,"{2: 12150.0, 3: 12150.0}",命中,20655.0,否,-661070.0,0
2019-12-01,2019-12,方案B（P：按命中概率选）,否,HOME,AWAY,3,2/3,0.4533957924990286,0.07839328367806941,0.4533957924990286,100,"{2: 50.0, 3: 50.0}",命中,110.0,否,-660960.0,0
2019-12-01,2019-12,方案B（P：按命中概率选）,否,HOME,AWAY,6,2/3,0.4533957924990286,-0.16796132889181425,0.4533957924990286,100,"{2: 50.0, 3: 50.0}",未命中,-100.0,否,-661060.0,1
2019-12-01,2019-12,方案B（P：按命中概率选）,否,HOME,AWAY,4,2/3,0.4533957924990286,-0.15676991376050897,0.4533957924990286,300,"{2: 150.0, 3: 150.0}",未命中,-300.0,否,-661360.0,2
2019-12-01,2019-12,方案B（P：按命中概率选）,否,HOME,AWAY,1,2/3,0.4533957924990286,-0.17341355677629622,0.4533957924990286,900,"{2: 450.0, 3: 450.0}",未命中,-900.0,否,-662260.0,3
2019-12-01,2019-12,方案B（P：按命中概率选）,否,HOME,AWAY,4,2/3,0.4533957924990286,-0.08675182934926673,0.4533957924990286,2700,"{2: 1350.0, 3: 1350.0}",未命中,-2700.0,否,-664960.0,4
2019-12-01,2019-12,方案B（P：按命中概率选）,否,HOME,AWAY,4,2/3,0.4533957924990286,-0.08144308114595522,0.4533957924990286,8100,"{2: 4050.0, 3: 4050.0}",未命中,-8100.0,否,-673060.0,5
2019-12-01,2019-12,方案B（P：按命中概率选）,否,HOME,AWAY,5,2/3,0.4533957924990286,-0.184031053182919,0.4533957924990286,24300,"{2: 12150.0, 3: 12150.0}",未命中,-24300.0,否,-697360.0,6
2019-12-01,2019-12,方案B（P：按命中概率选）,否,HOME,AWAY,2,2/3,0.4533957924990286,-0.19077459819793618,0.4533957924990286,72900,"{2: 36450.0, 3: 36450.0}",命中,41917.5,否,-655442.5,0
2019-12-01,2019-12,方案B（P：按命中概率选）,否,HOME,AWAY,2,2/3,0.4533957924990286,-0.19077459819793618,0.4533957924990286,100,"{2: 50.0, 3: 50.0}",命中,57.5,否,-655385.0,0
2019-12-01,2019-12,方案B（P：按命中概率选）,否,HOME,AWAY,2,2/3,0.4533957924990286,-0.184031053182919,0.4533957924990286,100,"{2: 50.0, 3: 50.0}",命中,77.49999999999999,否,-655307.5,0
2019-12-01,2019-12,方案B（P：按命中概率选）,否,HOME,AWAY,0,2/3,0.4533957924990286,-0.2013920946045591,0.4533957924990286,100,"{2: 50.0, 3: 50.0}",未命中,-100.0,否,-655407.5,1
2019-12-01,2019-12,方案B（P：按命中概率选）,否,HOME,AWAY,1,2/3,0.4533957924990286,-0.12649570103351704,0.4533957924990286,300,"{2: 150.0, 3: 150.0}",未命中,-300.0,否,-655707.5,2
2019-12-01,2019-12,方案B（P：按命中概率选）,否,HOME,AWAY,3,2/3,0.4533957924990286,-0.1619351822826498,0.4533957924990286,900,"{2: 450.0, 3: 450.0}",命中,877.5,否,-654830.0,0
2019-12-01,2019-12,方案B（P：按命中概率选）,否,HOME,AWAY,2,2/3,0.4533957924990286,-0.19622682608241826,0.4533957924990286,100,"{2: 50.0, 3: 50.0}",命中,60.000000000000014,否,-654770.0,0
2019-12-01,2019-12,方案B（P：按命中概率选）,否,HOME,AWAY,1,2/3,0.4533957924990286,-0.18503541095111298,0.4533957924990286,100,"{2: 50.0, 3: 50.0}",未命中,-100.0,否,-654870.0,1
2020-01-01,2020-01,方案B（P：按命中概率选）,否,HOME,AWAY,4,2/3,0.4543863391837075,-0.19363723767195862,0.4543863391837075,300,"{2: 150.0, 3: 150.0}",未命中,-300.0,否,-655170.0,2
2020-01-01,2020-01,方案B（P：按命中概率选）,否,HOME,AWAY,1,2/3,0.4543863391837075,-0.15327296896274611,0.4543863391837075,900,"{2: 450.0, 3: 450.0}",未命中,-900.0,否,-656070.0,3
2020-01-01,2020-01,方案B（P：按命中概率选）,否,HOME,AWAY,2,2/3,0.4543863391837075,-0.16515159661145717,0.4543863391837075,2700,"{2: 1350.0, 3: 1350.0}",命中,2227.5,否,-653842.5,0
2020-01-01,2020-01,方案B（P：按命中概率选）,否,HOME,AWAY,3,2/3,0.4543863391837075,-0.15327296896274611,0.4543863391837075,100,"{2: 50.0, 3: 50.0}",命中,80.0,否,-653762.5,0
2020-01-01,2020-01,方案B（P：按命中概率选）,否,HOME,AWAY,3,2/3,0.4543863391837075,-0.1766842448140894,0.4543863391837075,100,"{2: 50.0, 3: 50.0}",命中,85.0,否,-653677.5,0
2020-01-01,2020-01,方案B（P：按命中概率选）,否,HOME,AWAY,3,2/3,0.4543863391837075,-0.17091792071277334,0.4543863391837075,100,"{2: 50.0, 3: 50.0}",命中,85.0,否,-653592.5,0
2020-01-01,2020-01,方案B（P：按命中概率选）,否,HOME,AWAY,2,2/3,0.4543863391837075,-0.14767963458446953,0.4543863391837075,100,"{2: 50.0, 3: 50.0}",命中,92.5,否,-653500.0,0
2020-01-01,2020-01,方案B（P：按命中概率选）,否,HOME,AWAY,3,2/3,0.4543863391837075,-0.1827965483614844,0.4543863391837075,100,"{2: 50.0, 3: 50.0}",命中,90.0,否,-653410.0,0
2020-01-01,2020-01,方案B（P：按命中概率选）,否,HOME,AWAY,3,2/3,0.4543863391837075,-0.1821045894693265,0.4543863391837075,100,"{2: 50.0, 3: 50.0}",命中,80.0,否,-653330.0,0
2020-01-01,2020-01,方案B（P：按命中概率选）,否,HOME,AWAY,5,2/3,0.4543863391837075,-0.1999225309423932,0.4543863391837075,100,"{2: 50.0, 3: 50.0}",未命中,-100.0,否,-653430.0,1
2020-01-01,2020-01,方案B（P：按命中概率选）,否,HOME,AWAY,7,2/3,0.4543863391837075,-0.18193159974628714,0.4543863391837075,300,"{2: 150.0, 3: 150.0}",未命中,-300.0,否,-653730.0,2
2020-01-01,2020-01,方案B（P：按命中概率选）,否,HOME,AWAY,1,2/3,0.4543863391837075,-0.18787091357064267,0.4543863391837075,900,"{2: 450.0, 3: 450.0}",未命中,-900.0,否,-654630.0,3
2020-01-01,2020-01,方案B（P：按命中概率选）,否,HOME,AWAY,4,2/3,0.4543863391837075,-0.19957655149631426,0.4543863391837075,2700,"{2: 1350.0, 3: 1350.0}",未命中,-2700.0,否,-657330.0,4
2020-01-01,2020-01,方案B（P：按命中概率选）,否,HOME,AWAY,7,2/3,0.4543863391837075,-0.18925483135495846,0.4543863391837075,8100,"{2: 4050.0, 3: 4050.0}",未命中,-8100.0,否,-665430.0,5
2020-01-02,2020-01,方案B（P：按命中概率选）,否,HOME,AWAY,2,2/3,0.4543863391837075,-0.1876979238476031,0.4543863391837075,24300,"{2: 12150.0, 3: 12150.0}",命中,19440.0,否,-645990.0,0
2020-01-02,2020-01,方案B（P：按命中概率选）,否,HOME,AWAY,3,2/3,0.4543863391837075,-0.03339109089638459,0.4543863391837075,100,"{2: 50.0, 3: 50.0}",命中,97.5,否,-645892.5,0
2020-03-13,2020-03,方案B（P：按命中概率选）,否,HOME,AWAY,3,2/3,0.46781501200599646,-0.11115147718860674,0.46781501200599646,100,"{2: 50.0, 3: 50.0}",命中,90.0,否,-645802.5,0
2020-03-13,2020-03,方案B（P：按命中概率选）,否,HOME,AWAY,4,2/3,0.46781501200599646,-0.13138468419099758,0.46781501200599646,100,"{2: 50.0, 3: 50.0}",未命中,-100.0,否,-645902.5,1
2020-03-13,2020-03,方案B（P：按命中概率选）,否,HOME,AWAY,2,2/3,0.46781501200599646,-0.14222835365223774,0.46781501200599646,300,"{2: 150.0, 3: 150.0}",命中,180.0,否,-645722.5,0
2020-03-13,2020-03,方案B（P：按命中概率选）,否,HOME,AWAY,1,2/3,0.46781501200599646,-0.10807702684327425,0.46781501200599646,100,"{2: 50.0, 3: 50.0}",未命中,-100.0,否,-645822.5,1
2020-03-14,2020-03,方案B（P：按命中概率选）,否,HOME,AWAY,0,2/3,0.46781501200599646,-0.12754162125933188,0.46781501200599646,300,"{2: 150.0, 3: 150.0}",未命中,-300.0,否,-646122.5,2
2020-03-14,2020-03,方案B（P：按命中概率选）,否,HOME,AWAY,2,2/3,0.46781501200599646,-0.13300500261624038,0.46781501200599646,900,"{2: 450.0, 3: 450.0}",命中,810.0,否,-645312.5,0
2020-03-15,2020-03,方案B（P：按命中概率选）,否,HOME,AWAY,3,2/3,0.46781501200599646,-0.13300500261624038,0.46781501200599646,100,"{2: 50.0, 3: 50.0}",命中,80.0,否,-645232.5,0
2020-03-15,2020-03,方案B（P：按命中概率选）,否,HOME,AWAY,3,2/3,0.46781501200599646,-0.07222228835649136,0.46781501200599646,100,"{2: 50.0, 3: 50.0}",命中,85.0,否,-645147.5,0
2020-03-20,2020-03,方案B（P：按命中概率选）,否,HOME,AWAY,6,2/3,0.46781501200599646,-0.08314905107030812,0.46781501200599646,100,"{2: 50.0, 3: 50.0}",未命中,-100.0,否,-645247.5,1
2020-03-20,2020-03,方案B（P：按命中概率选）,否,HOME,AWAY,1,2/3,0.46781501200599646,-0.13923699655948185,0.46781501200599646,300,"{2: 150.0, 3: 150.0}",未命中,-300.0,否,-645547.5,2
2020-03-21,2020-03,方案B（P：按命中概率选）,否,HOME,AWAY,2,2/3,0.46781501200599646,-0.14000560914581495,0.46781501200599646,900,"{2: 450.0, 3: 450.0}",命中,765.0,否,-644782.5,0
2020-03-23,2020-03,方案B（P：按命中概率选）,否,HOME,AWAY,3,2/3,0.46781501200599646,-0.13223639002990728,0.46781501200599646,100,"{2: 50.0, 3: 50.0}",命中,77.49999999999999,否,-644705.0,0
2020-05-08,2020-05,方案B（P：按命中概率选）,否,HOME,AWAY,1,2/3,0.4686167628136373,-0.1690420616536753,0.4686167628136373,100,"{2: 50.0, 3: 50.0}",未命中,-100.0,否,-644805.0,1
2020-05-09,2020-05,方案B（P：按命中概率选）,否,HOME,AWAY,4,2/3,0.4686167628136373,-0.1690420616536753,0.4686167628136373,300,"{2: 150.0, 3: 150.0}",未命中,-300.0,否,-645105.0,2
2020-05-09,2020-05,方案B（P：按命中概率选）,否,HOME,AWAY,0,2/3,0.4686167628136373,-0.17238932424520137,0.4686167628136373,900,"{2: 450.0, 3: 450.0}",未命中,-900.0,否,-646005.0,3
2020-05-09,2020-05,方案B（P：按命中概率选）,否,HOME,AWAY,2,2/3,0.4686167628136373,-0.16778683818185314,0.4686167628136373,2700,"{2: 1350.0, 3: 1350.0}",命中,1687.5,否,-644317.5,0
2020-05-10,2020-05,方案B（P：按命中概率选）,否,HOME,AWAY,2,2/3,0.4686167628136373,-0.18159429637189772,0.4686167628136373,100,"{2: 50.0, 3: 50.0}",命中,70.0,否,-644247.5,0
2020-05-10,2020-05,方案B（P：按命中概率选）,否,HOME,AWAY,4,2/3,0.4686167628136373,-0.1690420616536753,0.4686167628136373,100,"{2: 50.0, 3: 50.0}",未命中,-100.0,否,-644347.5,1
2020-05-16,2020-05,方案B（P：按命中概率选）,否,HOME,AWAY,2,2/3,0.4686167628136373,-0.1690420616536753,0.4686167628136373,300,"{2: 150.0, 3: 150.0}",命中,225.0,否,-644122.5,0
2020-05-16,2020-05,方案B（P：按命中概率选）,否,HOME,AWAY,2,2/3,0.4686167628136373,-0.1740629555409643,0.4686167628136373,100,"{2: 50.0, 3: 50.0}",命中,60.000000000000014,否,-644062.5,0
2020-05-16,2020-05,方案B（P：按命中概率选）,否,HOME,AWAY,3,2/3,0.4686167628136373,-0.1799206650761347,0.4686167628136373,100,"{2: 50.0, 3: 50.0}",命中,75.0,否,-643987.5,0
2020-05-16,2020-05,方案B（P：按命中概率选）,否,HOME,AWAY,4,2/3,0.4686167628136373,-0.17866544160431252,0.4686167628136373,100,"{2: 50.0, 3: 50.0}",未命中,-100.0,否,-644087.5,1
2020-05-16,2020-05,方案B（P：按命中概率选）,否,HOME,AWAY,2,2/3,0.4686167628136373,-0.177828625956431,0.4686167628136373,300,"{2: 150.0, 3: 150.0}",命中,195.0,否,-643892.5,0
2020-05-16,2020-05,方案B（P：按命中概率选）,否,HOME,AWAY,4,2/3,0.4686167628136373,-0.15021370957634173,0.4686167628136373,100,"{2: 50.0, 3: 50.0}",未命中,-100.0,否,-643992.5,1
2020-05-16,2020-05,方案B（P：按命中概率选）,否,HOME,AWAY,3,2/3,0.4686167628136373,-0.17071569294943834,0.4686167628136373,300,"{2: 150.0, 3: 150.0}",命中,255.0,否,-643737.5,0
2020-05-16,2020-05,方案B（P：按命中概率选）,否,HOME,AWAY,4,2/3,0.4686167628136373,-0.11339382106955598,0.4686167628136373,100,"{2: 50.0, 3: 50.0}",未命中,-100.0,否,-643837.5,1
2020-05-16,2020-05,方案B（P：按命中概率选）,否,HOME,AWAY,3,2/3,0.4686167628136373,-0.15816345823121591,0.4686167628136373,300,"{2: 150.0, 3: 150.0}",命中,255.0,否,-643582.5,0
2020-05-16,2020-05,方案B（P：按命中概率选）,否,HOME,AWAY,0,2/3,0.4686167628136373,-0.13849829050600082,0.4686167628136373,100,"{2: 50.0, 3: 50.0}",未命中,-100.0,否,-643682.5,1
2020-06-01,2020-06,方案B（P：按命中概率选）,否,HOME,AWAY,7,2/3,0.4663633884685979,0.008022892300077356,0.4663633884685979,300,"{2: 150.0, 3: 150.0}",未命中,-300.0,否,-643982.5,2
2020-06-04,2020-06,方案B（P：按命中概率选）,否,HOME,AWAY,3,2/3,0.4663633884685979,-0.16670929355566833,0.4663633884685979,900,"{2: 450.0, 3: 450.0}",命中,720.0,否,-643262.5,0
2020-06-04,2020-06,方案B（P：按命中概率选）,否,HOME,AWAY,1,2/3,0.4663633884685979,-0.16172721770969312,0.4663633884685979,100,"{2: 50.0, 3: 50.0}",未命中,-100.0,否,-643362.5,1
2020-06-04,2020-06,方案B（P：按命中概率选）,否,HOME,AWAY,3,2/3,0.4663633884685979,-0.11873755293566046,0.4663633884685979,300,"{2: 150.0, 3: 150.0}",命中,255.0,否,-643107.5,0
2020-06-04,2020-06,方案B（P：按命中概率选）,否,HOME,AWAY,3,2/3,0.4663633884685979,-0.12490094573480504,0.4663633884685979,100,"{2: 50.0, 3: 50.0}",命中,85.0,否,-643022.5,0
2020-06-05,2020-06,方案B（P：按命中概率选）,否,HOME,AWAY,2,2/3,0.4663633884685979,-0.16105951682311925,0.4663633884685979,100,"{2: 50.0, 3: 50.0}",命中,57.5,否,-642965.0,0
2020-06-05,2020-06,方案B（P：按命中概率选）,否,HOME,AWAY,0,2/3,0.4663633884685979,-0.10091507542480116,0.4663633884685979,100,"{2: 50.0, 3: 50.0}",未命中,-100.0,否,-643065.0,1
2020-06-05,2020-06,方案B（P：按命中概率选）,否,HOME,AWAY,4,2/3,0.4663633884685979,-0.14739732945168238,0.4663633884685979,300,"{2: 150.0, 3: 150.0}",未命中,-300.0,否,-643365.0,2
2020-06-05,2020-06,方案B（P：按命中概率选）,否,HOME,AWAY,3,2/3,0.4663633884685979,-0.1851994719531017,0.4663633884685979,900,"{2: 450.0, 3: 450.0}",命中,720.0,否,-642645.0,0
2020-06-06,2020-06,方案B（P：按命中概率选）,否,HOME,AWAY,3,2/3,0.4663633884685979,-0.17354038724138676,0.4663633884685979,100,"{2: 50.0, 3: 50.0}",命中,82.5,否,-642562.5,0
2020-06-06,2020-06,方案B（P：按命中概率选）,否,HOME,AWAY,2,2/3,0.4663633884685979,-0.1728726863548128,0.4663633884685979,100,"{2: 50.0, 3: 50.0}",命中,75.0,否,-642487.5,0
2020-06-06,2020-06,方案B（P：按命中概率选）,否,HOME,AWAY,5,2/3,0.4663633884685979,-0.1803714809271052,0.4663633884685979,100,"{2: 50.0, 3: 50.0}",未命中,-100.0,否,-642587.5,1
2020-06-06,2020-06,方案B（P：按命中概率选）,否,HOME,AWAY,1,2/3,0.4663633884685979,-0.11940525382223455,0.4663633884685979,300,"{2: 150.0, 3: 150.0}",未命中,-300.0,否,-642887.5,2
2020-06-06,2020-06,方案B（P：按命中概率选）,否,HOME,AWAY,2,2/3,0.4663633884685979,-0.15140353477112622,0.4663633884685979,900,"{2: 450.0, 3: 450.0}",命中,472.4999999999999,否,-642415.0,0
2020-06-06,2020-06,方案B（P：按命中概率选）,否,HOME,AWAY,5,2/3,0.4663633884685979,-0.14539422679196035,0.4663633884685979,100,"{2: 50.0, 3: 50.0}",未命中,-100.0,否,-642515.0,1
2020-06-06,2020-06,方案B（P：按命中概率选）,否,HOME,AWAY,6,2/3,0.4663633884685979,0.10396637354009286,0.4663633884685979,300,"{2: 150.0, 3: 150.0}",未命中,-300.0,否,-642815.0,2
2020-07-01,2020-07,方案B（P：按命中概率选）,否,HOME,AWAY,2,2/3,0.4556681537875743,-0.16175240011429293,0.4556681537875743,900,"{2: 450.0, 3: 450.0}",命中,855.0,否,-641960.0,0
2020-07-01,2020-07,方案B（P：按命中概率选）,否,HOME,AWAY,3,2/3,0.4556681537875743,-0.1965657565157206,0.4556681537875743,100,"{2: 50.0, 3: 50.0}",命中,72.50000000000001,否,-641887.5,0
2020-07-01,2020-07,方案B（P：按命中概率选）,否,HOME,AWAY,2,2/3,0.4556681537875743,-0.16904386420503648,0.4556681537875743,100,"{2: 50.0, 3: 50.0}",命中,75.0,否,-641812.5,0
2020-07-01,2020-07,方案B（P：按命中概率选）,否,HOME,AWAY,2,2/3,0.4556681537875743,-0.19805499453955944,0.4556681537875743,100,"{2: 50.0, 3: 50.0}",命中,62.5,否,-641750.0,0
2020-07-01,2020-07,方案B（P：按命中概率选）,否,HOME,AWAY,6,2/3,0.4556681537875743,-0.18730153556222962,0.4556681537875743,100,"{2: 50.0, 3: 50.0}",未命中,-100.0,否,-641850.0,1
2020-07-01,2020-07,方案B（P：按命中概率选）,否,HOME,AWAY,3,2/3,0.4556681537875743,-0.178946330025887,0.4556681537875743,300,"{2: 150.0, 3: 150.0}",命中,210.0,否,-641640.0,0
2020-07-01,2020-07,方案B（P：按命中概率选）,否,HOME,AWAY,2,2/3,0.4556681537875743,-0.2204129056506985,0.4556681537875743,100,"{2: 50.0, 3: 50.0}",命中,62.5,否,-641577.5,0
2020-07-01,2020-07,方案B（P：按命中概率选）,否,HOME,AWAY,3,2/3,0.4556681537875743,-0.21461067958379387,0.4556681537875743,100,"{2: 50.0, 3: 50.0}",命中,80.0,否,-641497.5,0
2020-07-01,2020-07,方案B（P：按命中概率选）,否,HOME,AWAY,1,2/3,0.4556681537875743,-0.16989485736151577,0.4556681537875743,100,"{2: 50.0, 3: 50.0}",未命中,-100.0,否,-641597.5,1
2020-07-01,2020-07,方案B（P：按命中概率选）,否,HOME,AWAY,2,2/3,0.4556681537875743,-0.2042827171847037,0.4556681537875743,300,"{2: 150.0, 3: 150.0}",命中,165.0,否,-641432.5,0
2020-07-01,2020-07,方案B（P：按命中概率选）,否,HOME,AWAY,3,2/3,0.4556681537875743,-0.19869323940691896,0.4556681537875743,100,"{2: 50.0, 3: 50.0}",命中,97.5,否,-641335.0,0
2020-07-01,2020-07,方案B（P：按命中概率选）,否,HOME,AWAY,0,2/3,0.4556681537875743,-0.20965944667336855,0.4556681537875743,100,"{2: 50.0, 3: 50.0}",未命中,-100.0,否,-641435.0,1
2020-07-01,2020-07,方案B（P：按命中概率选）,否,HOME,AWAY,4,2/3,0.4556681537875743,-0.17612258000666015,0.4556681537875743,300,"{2: 150.0, 3: 150.0}",未命中,-300.0,否,-641735.0,2
2020-07-01,2020-07,方案B（P：按命中概率选）,否,HOME,AWAY,4,2/3,0.4556681537875743,-0.17335685224810216,0.4556681537875743,900,"{2: 450.0, 3: 450.0}",未命中,-900.0,否,-642635.0,3
2020-07-01,2020-07,方案B（P：按命中概率选）,否,HOME,AWAY,3,2/3,0.4556681537875743,-0.18192480607356476,0.4556681537875743,2700,"{2: 1350.0, 3: 1350.0}",命中,2834.999999999999,否,-639800.0,0
2020-07-01,2020-07,方案B（P：按命中概率选）,否,HOME,AWAY,3,2/3,0.4556681537875743,-0.18623779411663044,0.4556681537875743,100,"{2: 50.0, 3: 50.0}",命中,87.5,否,-639712.5,0
2020-08-01,2020-08,方案B（P：按命中概率选）,否,HOME,AWAY,1,2/3,0.4611187028476388,-0.08562031163107342,0.4611187028476388,100,"{2: 50.0, 3: 50.0}",未命中,-100.0,否,-639812.5,1
2020-08-01,2020-08,方案B（P：按命中概率选）,否,HOME,AWAY,0,2/3,0.4611187028476388,-0.07490795522540261,0.4611187028476388,300,"{2: 150.0, 3: 150.0}",未命中,-300.0,否,-640112.5,2
2020-08-01,2020-08,方案B（P：按命中概率选）,否,HOME,AWAY,2,2/3,0.4611187028476388,-0.05144421450026049,0.4611187028476388,900,"{2: 450.0, 3: 450.0}",命中,1125.0,否,-638987.5,0
2020-08-01,2020-08,方案B（P：按命中概率选）,否,HOME,AWAY,1,2/3,0.4611187028476388,-0.12780332325266186,0.4611187028476388,100,"{2: 50.0, 3: 50.0}",未命中,-100.0,否,-639087.5,1
2020-08-01,2020-08,方案B（P：按命中概率选）,否,HOME,AWAY,1,2/3,0.4611187028476388,-0.05062860333474062,0.4611187028476388,300,"{2: 150.0, 3: 150.0}",未命中,-300.0,否,-639387.5,2
2020-08-01,2020-08,方案B（P：按命中概率选）,否,HOME,AWAY,2,2/3,0.4611187028476388,-0.19982576775912753,0.4611187028476388,900,"{2: 450.0, 3: 450.0}",命中,607.5,否,-638780.0,0
2020-08-01,2020-08,方案B（P：按命中概率选）,否,HOME,AWAY,5,2/3,0.4611187028476388,-0.18314552477648105,0.4611187028476388,100,"{2: 50.0, 3: 50.0}",未命中,-100.0,否,-638880.0,1
2020-08-01,2020-08,方案B（P：按命中概率选）,否,HOME,AWAY,3,2/3,0.4611187028476388,-0.19074463368449646,0.4611187028476388,300,"{2: 150.0, 3: 150.0}",命中,292.5,否,-638587.5,0
2020-08-01,2020-08,方案B（P：按命中概率选）,否,HOME,AWAY,2,2/3,0.4611187028476388,-0.16320283713175465,0.4611187028476388,100,"{2: 50.0, 3: 50.0}",命中,87.5,否,-638500.0,0
2020-08-01,2020-08,方案B（P：按命中概率选）,否,HOME,AWAY,1,2/3,0.4611187028476388,-0.18870560577069662,0.4611187028476388,100,"{2: 50.0, 3: 50.0}",未命中,-100.0,否,-638600.0,1
2020-08-01,2020-08,方案B（P：按命中概率选）,否,HOME,AWAY,2,2/3,0.4611187028476388,-0.13892348524109277,0.4611187028476388,300,"{2: 150.0, 3: 150.0}",命中,300.0,否,-638300.0,0
2020-08-01,2020-08,方案B（P：按命中概率选）,否,HOME,AWAY,3,2/3,0.4611187028476388,-0.18029088569716123,0.4611187028476388,100,"{2: 50.0, 3: 50.0}",命中,70.0,否,-638230.0,0
2020-08-01,2020-08,方案B（P：按命中概率选）,否,HOME,AWAY,3,2/3,0.4611187028476388,-0.13892348524109277,0.4611187028476388,100,"{2: 50.0, 3: 50.0}",命中,72.50000000000001,否,-638157.5,0
2020-08-01,2020-08,方案B（P：按命中概率选）,否,HOME,AWAY,4,2/3,0.4611187028476388,-0.19467349234767206,0.4611187028476388,100,"{2: 50.0, 3: 50.0}",未命中,-100.0,否,-638257.5,1
2020-08-01,2020-08,方案B（P：按命中概率选）,否,HOME,AWAY,4,2/3,0.4611187028476388,-0.2010491845074076,0.4611187028476388,300,"{2: 150.0, 3: 150.0}",未命中,-300.0,否,-638557.5,2
2020-08-01,2020-08,方案B（P：按命中概率选）,否,HOME,AWAY,3,2/3,0.4611187028476388,-0.18666657785689655,0.4611187028476388,900,"{2: 450.0, 3: 450.0}",命中,652.5,否,-637905.0,0
2020-09-01,2020-09,方案B（P：按命中概率选）,否,HOME,AWAY,6,2/3,0.46331051494340403,0.01827593610387268,0.46331051494340403,100,"{2: 50.0, 3: 50.0}",未命中,-100.0,否,-638005.0,1
2020-09-02,2020-09,方案B（P：按命中概率选）,否,HOME,AWAY,3,2/3,0.46331051494340403,-0.12222801353657253,0.46331051494340403,300,"{2: 150.0, 3: 150.0}",命中,217.5,否,-637787.5,0
2020-09-02,2020-09,方案B（P：按命中概率选）,否,HOME,AWAY,3,2/3,0.46331051494340403,-0.18769580369161876,0.46331051494340403,100,"{2: 50.0, 3: 50.0}",命中,97.5,否,-637690.0,0
2020-09-02,2020-09,方案B（P：按命中概率选）,否,HOME,AWAY,1,2/3,0.46331051494340403,-0.18719220530581082,0.46331051494340403,100,"{2: 50.0, 3: 50.0}",未命中,-100.0,否,-637790.0,1
2020-09-02,2020-09,方案B（P：按命中概率选）,否,HOME,AWAY,4,2/3,0.46331051494340403,-0.19273178754969922,0.46331051494340403,300,"{2: 150.0, 3: 150.0}",未命中,-300.0,否,-638090.0,2
2020-09-02,2020-09,方案B（P：按命中概率选）,否,HOME,AWAY,0,2/3,0.46331051494340403,-0.18215622144773036,0.46331051494340403,900,"{2: 450.0, 3: 450.0}",未命中,-900.0,否,-638990.0,3
2020-09-02,2020-09,方案B（P：按命中概率选）,否,HOME,AWAY,4,2/3,0.46331051494340403,-0.20179655849424416,0.46331051494340403,2700,"{2: 1350.0, 3: 1350.0}",未命中,-2700.0,否,-641690.0,4
2020-09-02,2020-09,方案B（P：按命中概率选）,否,HOME,AWAY,1,2/3,0.46331051494340403,-0.19776777140777968,0.46331051494340403,8100,"{2: 4050.0, 3: 4050.0}",未命中,-8100.0,否,-649790.0,5
2020-09-02,2020-09,方案B（P：按命中概率选）,否,HOME,AWAY,4,2/3,0.46331051494340403,-0.18769580369161876,0.46331051494340403,24300,"{2: 12150.0, 3: 12150.0}",未命中,-24300.0,否,-674090.0,6
2020-09-02,2020-09,方案B（P：按命中概率选）,否,HOME,AWAY,3,2/3,0.46331051494340403,-0.20733614073813267,0.46331051494340403,72900,"{2: 36450.0, 3: 36450.0}",命中,54675.0,否,-619415.0,0
2020-09-02,2020-09,方案B（P：按命中概率选）,否,HOME,AWAY,1,2/3,0.46331051494340403,-0.20179655849424416,0.46331051494340403,100,"{2: 50.0, 3: 50.0}",未命中,-100.0,否,-619515.0,1
2020-09-02,2020-09,方案B（P：按命中概率选）,否,HOME,AWAY,3,2/3,0.46331051494340403,-0.16503387633025657,0.46331051494340403,300,"{2: 150.0, 3: 150.0}",命中,225.0,否,-619290.0,0
2020-09-02,2020-09,方案B（P：按命中概率选）,否,HOME,AWAY,3,2/3,0.46331051494340403,-0.17863103274707393,0.46331051494340403,100,"{2: 50.0, 3: 50.0}",命中,82.5,否,-619207.5,0
2020-09-02,2020-09,方案B（P：按命中概率选）,否,HOME,AWAY,2,2/3,0.46331051494340403,0.13208917129649156,0.46331051494340403,100,"{2: 50.0, 3: 50.0}",命中,185.0,否,-619022.5,0
2020-09-02,2020-09,方案B（P：按命中概率选）,否,HOME,AWAY,6,2/3,0.46331051494340403,-0.0869761265300093,0.46331051494340403,100,"{2: 50.0, 3: 50.0}",未命中,-100.0,否,-619122.5,1
2020-09-02,2020-09,方案B（P：按命中概率选）,否,HOME,AWAY,4,2/3,0.46331051494340403,-0.18215622144773036,0.46331051494340403,300,"{2: 150.0, 3: 150.0}",未命中,-300.0,否,-619422.5,2
2020-10-01,2020-10,方案B（P：按命中概率选）,否,HOME,AWAY,5,2/3,0.46720616866671627,0.053694620218695865,0.46720616866671627,900,"{2: 450.0, 3: 450.0}",未命中,-900.0,否,-620322.5,3
2020-10-01,2020-10,方案B（P：按命中概率选）,否,HOME,AWAY,5,2/3,0.46720616866671627,-0.08315957608987323,0.46720616866671627,2700,"{2: 1350.0, 3: 1350.0}",未命中,-2700.0,否,-623022.5,4
2020-10-01,2020-10,方案B（P：按命中概率选）,否,HOME,AWAY,0,2/3,0.46720616866671627,-0.14621173602055837,0.46720616866671627,8100,"{2: 4050.0, 3: 4050.0}",未命中,-8100.0,否,-631122.5,5
2020-10-01,2020-10,方案B（P：按命中概率选）,否,HOME,AWAY,4,2/3,0.46720616866671627,-0.14000988422409755,0.46720616866671627,24300,"{2: 12150.0, 3: 12150.0}",未命中,-24300.0,否,-655422.5,6
2020-10-01,2020-10,方案B（P：按命中概率选）,否,HOME,AWAY,1,2/3,0.46720616866671627,-0.15675488407454186,0.46720616866671627,72900,"{2: 36450.0, 3: 36450.0}",未命中,-72900.0,否,-728322.5,7
2020-10-01,2020-10,方案B（P：按命中概率选）,否,HOME,AWAY,3,2/3,0.46720616866671627,-0.08388312546612697,0.46720616866671627,218700,"{2: 109350.0, 3: 109350.0}",命中,169492.5,否,-558830.0,0
2020-10-01,2020-10,方案B（P：按命中概率选）,否,HOME,AWAY,5,2/3,0.46720616866671627,-0.13277439046155992,0.46720616866671627,100,"{2: 50.0, 3: 50.0}",未命中,-100.0,否,-558930.0,1
2020-10-01,2020-10,方案B（P：按命中概率选）,否,HOME,AWAY,1,2/3,0.46720616866671627,-0.08750087234739579,0.46720616866671627,300,"{2: 150.0, 3: 150.0}",未命中,-300.0,否,-559230.0,2
2020-10-01,2020-10,方案B（P：按命中概率选）,否,HOME,AWAY,5,2/3,0.46720616866671627,-0.16957204445389418,0.46720616866671627,900,"{2: 450.0, 3: 450.0}",未命中,-900.0,否,-560130.0,3
2020-10-01,2020-10,方案B（P：按命中概率选）,否,HOME,AWAY,1,2/3,0.46720616866671627,-0.14145698297660514,0.46720616866671627,2700,"{2: 1350.0, 3: 1350.0}",未命中,-2700.0,否,-562830.0,4
2020-10-01,2020-10,方案B（P：按命中概率选）,否,HOME,AWAY,3,2/3,0.46720616866671627,-0.1874540504670229,0.46720616866671627,8100,"{2: 4050.0, 3: 4050.0}",命中,7492.5,否,-555337.5,0
2020-10-01,2020-10,方案B（P：按命中概率选）,否,HOME,AWAY,0,2/3,0.46720616866671627,-0.1834228467993234,0.46720616866671627,100,"{2: 50.0, 3: 50.0}",未命中,-100.0,否,-555437.5,1
2020-10-01,2020-10,方案B（P：按命中概率选）,否,HOME,AWAY,2,2/3,0.46720616866671627,-0.14910593352557333,0.46720616866671627,300,"{2: 150.0, 3: 150.0}",命中,172.5,否,-555265.0,0
2020-10-01,2020-10,方案B（P：按命中概率选）,否,HOME,AWAY,3,2/3,0.46720616866671627,-0.15975244577616454,0.46720616866671627,100,"{2: 50.0, 3: 50.0}",命中,82.5,否,-555182.5,0
2020-10-01,2020-10,方案B（P：按命中概率选）,否,HOME,AWAY,3,2/3,0.46720616866671627,-0.1265725386650991,0.46720616866671627,100,"{2: 50.0, 3: 50.0}",命中,75.0,否,-555107.5,0
2020-10-06,2020-10,方案B（P：按命中概率选）,否,HOME,AWAY,3,2/3,0.46720616866671627,0.16863560684643675,0.46720616866671627,100,"{2: 50.0, 3: 50.0}",命中,104.99999999999997,否,-555002.5,0
2020-11-01,2020-11,方案B（P：按命中概率选）,否,HOME,AWAY,7,2/3,0.4697279656095994,-0.17065906234198747,0.4697279656095994,100,"{2: 50.0, 3: 50.0}",未命中,-100.0,否,-555102.5,1
2020-11-01,2020-11,方案B（P：按命中概率选）,否,HOME,AWAY,5,2/3,0.4697279656095994,-0.19703625716465456,0.4697279656095994,300,"{2: 150.0, 3: 150.0}",未命中,-300.0,否,-555402.5,2
2020-11-01,2020-11,方案B（P：按命中概率选）,否,HOME,AWAY,3,2/3,0.4697279656095994,-0.16873186464719603,0.4697279656095994,900,"{2: 450.0, 3: 450.0}",命中,607.5,否,-554795.0,0
2020-11-01,2020-11,方案B（P：按命中概率选）,否,HOME,AWAY,3,2/3,0.4697279656095994,-0.19164645701823235,0.4697279656095994,100,"{2: 50.0, 3: 50.0}",命中,77.49999999999999,否,-554717.5,0
2020-11-01,2020-11,方案B（P：按命中概率选）,否,HOME,AWAY,4,2/3,0.4697279656095994,-0.19799985601205028,0.4697279656095994,100,"{2: 50.0, 3: 50.0}",未命中,-100.0,否,-554817.5,1
2020-11-01,2020-11,方案B（P：按命中概率选）,否,HOME,AWAY,3,2/3,0.4697279656095994,-0.19703625716465456,0.4697279656095994,300,"{2: 150.0, 3: 150.0}",命中,225.0,否,-554592.5,0
2020-11-01,2020-11,方案B（P：按命中概率选）,否,HOME,AWAY,0,2/3,0.4697279656095994,-0.16412565037667814,0.4697279656095994,100,"{2: 50.0, 3: 50.0}",未命中,-100.0,否,-554692.5,1
2020-11-01,2020-11,方案B（P：按命中概率选）,否,HOME,AWAY,5,2/3,0.4697279656095994,-0.15698866550695612,0.4697279656095994,300,"{2: 150.0, 3: 150.0}",未命中,-300.0,否,-554992.5,2
2020-11-01,2020-11,方案B（P：按命中概率选）,否,HOME,AWAY,5,2/3,0.4697279656095994,-0.17490525066952234,0.4697279656095994,900,"{2: 450.0, 3: 450.0}",未命中,-900.0,否,-555892.5,3
2020-11-01,2020-11,方案B（P：按命中概率选）,否,HOME,AWAY,5,2/3,0.4697279656095994,-0.10712507240380909,0.4697279656095994,2700,"{2: 1350.0, 3: 1350.0}",未命中,-2700.0,否,-558592.5,4
2020-11-01,2020-11,方案B（P：按命中概率选）,否,HOME,AWAY,3,2/3,0.4697279656095994,-0.09441827441617323,0.4697279656095994,8100,"{2: 4050.0, 3: 4050.0}",命中,5872.5,否,-552720.0,0
2020-11-01,2020-11,方案B（P：按命中概率选）,否,HOME,AWAY,3,2/3,0.4697279656095994,-0.18472125211497104,0.4697279656095994,100,"{2: 50.0, 3: 50.0}",命中,92.5,否,-552627.5,0
2020-11-01,2020-11,方案B（P：按命中概率选）,否,HOME,AWAY,5,2/3,0.4697279656095994,-0.1935736547130238,0.4697279656095994,100,"{2: 50.0, 3: 50.0}",未命中,-100.0,否,-552727.5,1
2020-11-01,2020-11,方案B（P：按命中概率选）,否,HOME,AWAY,2,2/3,0.4697279656095994,0.07576810663156075,0.4697279656095994,300,"{2: 150.0, 3: 150.0}",命中,480.0,否,-552247.5,0
2020-11-01,2020-11,方案B（P：按命中概率选）,否,HOME,AWAY,3,2/3,0.4697279656095994,-0.13889206737289816,0.4697279656095994,100,"{2: 50.0, 3: 50.0}",命中,72.50000000000001,否,-552175.0,0
2020-11-01,2020-11,方案B（P：按命中概率选）,否,HOME,AWAY,2,2/3,0.4697279656095994,-0.12618526938526253,0.4697279656095994,100,"{2: 50.0, 3: 50.0}",命中,97.5,否,-552077.5,0
2020-12-01,2020-12,方案B（P：按命中概率选）,否,HOME,AWAY,3,2/3,0.47013179465875,-0.16015622103753313,0.47013179465875,100,"{2: 50.0, 3: 50.0}",命中,80.0,否,-551997.5,0
2020-12-01,2020-12,方案B（P：按命中概率选）,否,HOME,AWAY,1,2/3,0.47013179465875,-0.1834710072277721,0.47013179465875,100,"{2: 50.0, 3: 50.0}",未命中,-100.0,否,-552097.5,1
2020-12-01,2020-12,方案B（P：按命中概率选）,否,HOME,AWAY,1,2/3,0.47013179465875,-0.07290692061446302,0.47013179465875,300,"{2: 150.0, 3: 150.0}",未命中,-300.0,否,-552397.5,2
2020-12-01,2020-12,方案B（P：按命中概率选）,否,HOME,AWAY,3,2/3,0.47013179465875,-0.08446841193823351,0.47013179465875,900,"{2: 450.0, 3: 450.0}",命中,742.5,否,-551655.0,0
2020-12-01,2020-12,方案B（P：按命中概率选）,否,HOME,AWAY,3,2/3,0.47013179465875,-0.16015622103753313,0.47013179465875,100,"{2: 50.0, 3: 50.0}",命中,80.0,否,-551575.0,0
2020-12-01,2020-12,方案B（P：按命中概率选）,否,HOME,AWAY,5,2/3,0.47013179465875,-0.16344884852052388,0.47013179465875,100,"{2: 50.0, 3: 50.0}",未命中,-100.0,否,-551675.0,1
2020-12-01,2020-12,方案B（P：按命中概率选）,否,HOME,AWAY,2,2/3,0.47013179465875,-0.18243739924767466,0.47013179465875,300,"{2: 150.0, 3: 150.0}",命中,187.5,否,-551487.5,0
2020-12-01,2020-12,方案B（P：按命中概率选）,否,HOME,AWAY,5,2/3,0.47013179465875,-0.10694139369107347,0.47013179465875,100,"{2: 50.0, 3: 50.0}",未命中,-100.0,否,-551587.5,1
2020-12-01,2020-12,方案B（P：按命中概率选）,否,HOME,AWAY,2,2/3,0.47013179465875,-0.09848072630759552,0.47013179465875,300,"{2: 150.0, 3: 150.0}",命中,330.0,否,-551257.5,0
2020-12-01,2020-12,方案B（P：按命中概率选）,否,HOME,AWAY,4,2/3,0.47013179465875,-0.12612174796092268,0.47013179465875,100,"{2: 50.0, 3: 50.0}",未命中,-100.0,否,-551357.5,1
2020-12-01,2020-12,方案B（P：按命中概率选）,否,HOME,AWAY,3,2/3,0.47013179465875,-0.13251519938420575,0.47013179465875,300,"{2: 150.0, 3: 150.0}",命中,225.0,否,-551132.5,0
2020-12-02,2020-12,方案B（P：按命中概率选）,否,HOME,AWAY,1,2/3,0.47013179465875,-0.18553822318796698,0.47013179465875,100,"{2: 50.0, 3: 50.0}",未命中,-100.0,否,-551232.5,1
2020-12-02,2020-12,方案B（P：按命中概率选）,否,HOME,AWAY,4,2/3,0.47013179465875,-0.06961429313147238,0.47013179465875,300,"{2: 150.0, 3: 150.0}",未命中,-300.0,否,-551532.5,2
2020-12-02,2020-12,方案B（P：按命中概率选）,否,HOME,AWAY,2,2/3,0.47013179465875,0.04133340056723345,0.47013179465875,900,"{2: 450.0, 3: 450.0}",命中,1350.0,否,-550182.5,0
2020-12-02,2020-12,方案B（P：按命中概率选）,否,HOME,AWAY,0,2/3,0.47013179465875,-0.12076190451773705,0.47013179465875,100,"{2: 50.0, 3: 50.0}",未命中,-100.0,否,-550282.5,1
2020-12-02,2020-12,方案B（P：按命中概率选）,否,HOME,AWAY,1,2/3,0.47013179465875,-0.18883085067095773,0.47013179465875,300,"{2: 150.0, 3: 150.0}",未命中,-300.0,否,-550582.5,2
2021-01-01,2021-01,方案B（P：按命中概率选）,否,HOME,AWAY,1,2/3,0.46947189485813384,-0.08976492327865415,0.46947189485813384,900,"{2: 450.0, 3: 450.0}",未命中,-900.0,否,-551482.5,3
2021-01-02,2021-01,方案B（P：按命中概率选）,否,HOME,AWAY,3,2/3,0.46947189485813384,-0.04096011118728704,0.46947189485813384,2700,"{2: 1350.0, 3: 1350.0}",命中,2160.0,否,-549322.5,0
2021-01-02,2021-01,方案B（P：按命中概率选）,否,HOME,AWAY,1,2/3,0.46947189485813384,-0.15309296664980532,0.46947189485813384,100,"{2: 50.0, 3: 50.0}",未命中,-100.0,否,-549422.5,1
2021-01-02,2021-01,方案B（P：按命中概率选）,否,HOME,AWAY,1,2/3,0.46947189485813384,-0.17057150662024312,0.46947189485813384,300,"{2: 150.0, 3: 150.0}",未命中,-300.0,否,-549722.5,2
2021-01-02,2021-01,方案B（P：按命中概率选）,否,HOME,AWAY,3,2/3,0.46947189485813384,-0.07709931460442387,0.46947189485813384,900,"{2: 450.0, 3: 450.0}",命中,675.0,否,-549047.5,0
2021-01-02,2021-01,方案B（P：按命中概率选）,否,HOME,AWAY,3,2/3,0.46947189485813384,-0.12776174930134476,0.46947189485813384,100,"{2: 50.0, 3: 50.0}",命中,75.0,否,-548972.5,0
2021-01-02,2021-01,方案B（P：按命中概率选）,否,HOME,AWAY,4,2/3,0.46947189485813384,-0.14042735797557504,0.46947189485813384,100,"{2: 50.0, 3: 50.0}",未命中,-100.0,否,-549072.5,1
2021-01-02,2021-01,方案B（P：按命中概率选）,否,HOME,AWAY,2,2/3,0.46947189485813384,-0.19201860397527293,0.46947189485813384,300,"{2: 150.0, 3: 150.0}",命中,202.5,否,-548870.0,0
2021-01-02,2021-01,方案B（P：按命中概率选）,否,HOME,AWAY,3,2/3,0.46947189485813384,-0.12050013366145285,0.46947189485813384,100,"{2: 50.0, 3: 50.0}",命中,72.50000000000001,否,-548797.5,0
2021-01-02,2021-01,方案B（P：按命中概率选）,否,HOME,AWAY,3,2/3,0.46947189485813384,-0.08621855284986979,0.46947189485813384,100,"{2: 50.0, 3: 50.0}",命中,82.5,否,-548715.0,0
2021-01-02,2021-01,方案B（P：按命中概率选）,否,HOME,AWAY,1,2/3,0.46947189485813384,-0.12142894496422973,0.46947189485813384,100,"{2: 50.0, 3: 50.0}",未命中,-100.0,否,-548815.0,1
2021-01-02,2021-01,方案B（P：按命中概率选）,否,HOME,AWAY,2,2/3,0.46947189485813384,-0.17580662487225818,0.46947189485813384,300,"{2: 150.0, 3: 150.0}",命中,202.5,否,-548612.5,0
2021-01-02,2021-01,方案B（P：按命中概率选）,否,HOME,AWAY,4,2/3,0.46947189485813384,-0.053625719861517096,0.46947189485813384,100,"{2: 50.0, 3: 50.0}",未命中,-100.0,否,-548712.5,1
2021-01-02,2021-01,方案B（P：按命中概率选）,否,HOME,AWAY,2,2/3,0.46947189485813384,-0.1731890657462506,0.46947189485813384,300,"{2: 150.0, 3: 150.0}",命中,180.0,否,-548532.5,0
2021-01-02,2021-01,方案B（P：按命中概率选）,否,HOME,AWAY,1,2/3,0.46947189485813384,-0.1813794926889195,0.46947189485813384,100,"{2: 50.0, 3: 50.0}",未命中,-100.0,否,-548632.5,1
2021-01-02,2021-01,方案B（P：按命中概率选）,否,HOME,AWAY,2,2/3,0.46947189485813384,-0.18940104484926534,0.46947189485813384,300,"{2: 150.0, 3: 150.0}",命中,180.0,否,-548452.5,0
2021-02-01,2021-02,方案B（P：按命中概率选）,否,HOME,AWAY,2,2/3,0.45951497838499755,-0.1874670768471287,0.45951497838499755,100,"{2: 50.0, 3: 50.0}",命中,55.0,否,-548397.5,0
2021-02-01,2021-02,方案B（P：按命中概率选）,否,HOME,AWAY,1,2/3,0.45951497838499755,-0.1916579323366916,0.45951497838499755,100,"{2: 50.0, 3: 50.0}",未命中,-100.0,否,-548497.5,1
2021-02-01,2021-02,方案B（P：按命中概率选）,否,HOME,AWAY,4,2/3,0.45951497838499755,-0.12485076541483842,0.45951497838499755,300,"{2: 150.0, 3: 150.0}",未命中,-300.0,否,-548797.5,2
2021-02-01,2021-02,方案B（P：按命中概率选）,否,HOME,AWAY,3,2/3,0.45951497838499755,-0.14886190216092143,0.45951497838499755,900,"{2: 450.0, 3: 450.0}",命中,697.5,否,-548100.0,0
2021-02-01,2021-02,方案B（P：按命中概率选）,否,HOME,AWAY,2,2/3,0.45951497838499755,-0.11858913427160922,0.45951497838499755,100,"{2: 50.0, 3: 50.0}",命中,110.0,否,-547990.0,0
2021-02-01,2021-02,方案B（P：按命中概率选）,否,HOME,AWAY,3,2/3,0.45951497838499755,-0.1982646927555316,0.45951497838499755,100,"{2: 50.0, 3: 50.0}",命中,92.5,否,-547897.5,0
2021-02-01,2021-02,方案B（P：按命中概率选）,否,HOME,AWAY,3,2/3,0.45951497838499755,-0.11301776167960242,0.45951497838499755,100,"{2: 50.0, 3: 50.0}",命中,75.0,否,-547822.5,0
2021-02-01,2021-02,方案B（P：按命中概率选）,否,HOME,AWAY,4,2/3,0.45951497838499755,-0.16000464734493525,0.45951497838499755,100,"{2: 50.0, 3: 50.0}",未命中,-100.0,否,-547922.5,1
2021-02-01,2021-02,方案B（P：按命中概率选）,否,HOME,AWAY,3,2/3,0.45951497838499755,-0.16661140776377537,0.45951497838499755,300,"{2: 150.0, 3: 150.0}",命中,232.5,否,-547690.0,0
2021-02-01,2021-02,方案B（P：按命中概率选）,否,HOME,AWAY,2,2/3,0.45951497838499755,-0.17809928222340032,0.45951497838499755,100,"{2: 50.0, 3: 50.0}",命中,82.5,否,-547607.5,0
2021-02-01,2021-02,方案B（P：按命中概率选）,否,HOME,AWAY,3,2/3,0.45951497838499755,-0.19860982203114275,0.45951497838499755,100,"{2: 50.0, 3: 50.0}",命中,95.0,否,-547512.5,0
2021-02-01,2021-02,方案B（P：按命中概率选）,否,HOME,AWAY,2,2/3,0.45951497838499755,0.09652501279853487,0.45951497838499755,100,"{2: 50.0, 3: 50.0}",命中,175.0,否,-547337.5,0
2021-02-01,2021-02,方案B（P：按命中概率选）,否,HOME,AWAY,1,2/3,0.45951497838499755,-0.17287303890700434,0.45951497838499755,100,"{2: 50.0, 3: 50.0}",未命中,-100.0,否,-547437.5,1
2021-02-02,2021-02,方案B（P：按命中概率选）,否,HOME,AWAY,3,2/3,0.45951497838499755,-0.2090623086639345,0.45951497838499755,300,"{2: 150.0, 3: 150.0}",命中,255.0,否,-547182.5,0
2021-02-02,2021-02,方案B（P：按命中概率选）,否,HOME,AWAY,1,2/3,0.45951497838499755,-0.1843609133666294,0.45951497838499755,100,"{2: 50.0, 3: 50.0}",未命中,-100.0,否,-547282.5,1
2021-02-02,2021-02,方案B（P：按命中概率选）,否,HOME,AWAY,1,2/3,0.45951497838499755,-0.20837205011271243,0.45951497838499755,300,"{2: 150.0, 3: 150.0}",未命中,-300.0,否,-547582.5,2
2021-03-01,2021-03,方案B（P：按命中概率选）,否,HOME,AWAY,3,2/3,0.4689664628917714,-0.11458963868177563,0.4689664628917714,900,"{2: 450.0, 3: 450.0}",命中,630.0,否,-546952.5,0
2021-03-01,2021-03,方案B（P：按命中概率选）,否,HOME,AWAY,0,2/3,0.4689664628917714,-0.1612868587669477,0.4689664628917714,100,"{2: 50.0, 3: 50.0}",未命中,-100.0,否,-547052.5,1
2021-03-01,2021-03,方案B（P：按命中概率选）,否,HOME,AWAY,3,2/3,0.4689664628917714,-0.11633199393781934,0.4689664628917714,300,"{2: 150.0, 3: 150.0}",命中,225.0,否,-546827.5,0
2021-03-01,2021-03,方案B（P：按命中概率选）,否,HOME,AWAY,2,2/3,0.4689664628917714,-0.09656780750932303,0.4689664628917714,100,"{2: 50.0, 3: 50.0}",命中,110.0,否,-546717.5,0
2021-03-01,2021-03,方案B（P：按命中概率选）,否,HOME,AWAY,2,2/3,0.4689664628917714,-0.10460783236552507,0.4689664628917714,100,"{2: 50.0, 3: 50.0}",命中,102.5,否,-546615.0,0
2021-03-01,2021-03,方案B（P：按命中概率选）,否,HOME,AWAY,2,2/3,0.4689664628917714,-0.11720317156584115,0.4689664628917714,100,"{2: 50.0, 3: 50.0}",命中,97.5,否,-546517.5,0
2021-03-01,2021-03,方案B（P：按命中概率选）,否,HOME,AWAY,2,2/3,0.4689664628917714,-0.18085161899143865,0.4689664628917714,100,"{2: 50.0, 3: 50.0}",命中,55.0,否,-546462.5,0
2021-03-01,2021-03,方案B（P：按命中概率选）,否,HOME,AWAY,3,2/3,0.4689664628917714,-0.13328322127824477,0.4689664628917714,100,"{2: 50.0, 3: 50.0}",命中,87.5,否,-546375.0,0
2021-03-01,2021-03,方案B（P：按命中概率选）,否,HOME,AWAY,5,2/3,0.4689664628917714,-0.1604156811389259,0.4689664628917714,100,"{2: 50.0, 3: 50.0}",未命中,-100.0,否,-546475.0,1
2021-03-01,2021-03,方案B（P：按命中概率选）,否,HOME,AWAY,0,2/3,0.4689664628917714,-0.1645721430750302,0.4689664628917714,300,"{2: 150.0, 3: 150.0}",未命中,-300.0,否,-546775.0,2
2021-03-01,2021-03,方案B（P：按命中概率选）,否,HOME,AWAY,1,2/3,0.4689664628917714,-0.1185466744138749,0.4689664628917714,900,"{2: 450.0, 3: 450.0}",未命中,-900.0,否,-547675.0,3
2021-03-02,2021-03,方案B（P：按命中概率选）,否,HOME,AWAY,3,2/3,0.4689664628917714,-0.10547900999354687,0.4689664628917714,2700,"{2: 1350.0, 3: 1350.0}",命中,2160.0,否,-545515.0,0
2021-03-02,2021-03,方案B（P：按命中概率选）,否,HOME,AWAY,1,2/3,0.4689664628917714,-0.11633199393781934,0.4689664628917714,100,"{2: 50.0, 3: 50.0}",未命中,-100.0,否,-545615.0,1
2021-03-02,2021-03,方案B（P：按命中概率选）,否,HOME,AWAY,2,2/3,0.4689664628917714,-0.19277520676773807,0.4689664628917714,300,"{2: 150.0, 3: 150.0}",命中,202.5,否,-545412.5,0
2021-03-02,2021-03,方案B（P：按命中概率选）,否,HOME,AWAY,2,2/3,0.4689664628917714,-0.11894552682188486,0.4689664628917714,100,"{2: 50.0, 3: 50.0}",命中,92.5,否,-545320.0,0
2021-03-02,2021-03,方案B（P：按命中概率选）,否,HOME,AWAY,1,2/3,0.4689664628917714,-0.1612868587669477,0.4689664628917714,100,"{2: 50.0, 3: 50.0}",未命中,-100.0,否,-545420.0,1
2021-04-01,2021-04,方案B（P：按命中概率选）,否,HOME,AWAY,1,2/3,0.4689664628917714,-0.1675845283671058,0.4689664628917714,300,"{2: 150.0, 3: 150.0}",未命中,-300.0,否,-545720.0,2
2021-04-01,2021-04,方案B（P：按命中概率选）,否,HOME,AWAY,1,2/3,0.4689664628917714,-0.17281159413523695,0.4689664628917714,900,"{2: 450.0, 3: 450.0}",未命中,-900.0,否,-546620.0,3
2021-04-01,2021-04,方案B（P：按命中概率选）,否,HOME,AWAY,2,2/3,0.4689664628917714,-0.16912745741914448,0.4689664628917714,2700,"{2: 1350.0, 3: 1350.0}",命中,1552.5,否,-545067.5,0
2021-04-01,2021-04,方案B（P：按命中概率选）,否,HOME,AWAY,0,2/3,0.4689664628917714,-0.16282978781898638,0.4689664628917714,100,"{2: 50.0, 3: 50.0}",未命中,-100.0,否,-545167.5,1
2021-04-01,2021-04,方案B（P：按命中概率选）,否,HOME,AWAY,3,2/3,0.4689664628917714,-0.16477156927903513,0.4689664628917714,300,"{2: 150.0, 3: 150.0}",命中,262.5,否,-544905.0,0
2021-04-01,2021-04,方案B（P：按命中概率选）,否,HOME,AWAY,4,2/3,0.4689664628917714,-0.17998044136341695,0.4689664628917714,100,"{2: 50.0, 3: 50.0}",未命中,-100.0,否,-545005.0,1
2021-04-01,2021-04,方案B（P：按命中概率选）,否,HOME,AWAY,3,2/3,0.4689664628917714,-0.13609618036631543,0.4689664628917714,300,"{2: 150.0, 3: 150.0}",命中,232.5,否,-544772.5,0
2021-04-01,2021-04,方案B（P：按命中概率选）,否,HOME,AWAY,3,2/3,0.4689664628917714,-0.055097653192282214,0.4689664628917714,100,"{2: 50.0, 3: 50.0}",命中,80.0,否,-544692.5,0
2021-04-01,2021-04,方案B（P：按命中概率选）,否,HOME,AWAY,3,2/3,0.4689664628917714,-0.1612868587669477,0.4689664628917714,100,"{2: 50.0, 3: 50.0}",命中,77.49999999999999,否,-544615.0,0
2021-04-01,2021-04,方案B（P：按命中概率选）,否,HOME,AWAY,3,2/3,0.4689664628917714,-0.11090550196568305,0.4689664628917714,100,"{2: 50.0, 3: 50.0}",命中,77.49999999999999,否,-544537.5,0
2021-04-01,2021-04,方案B（P：按命中概率选）,否,HOME,AWAY,3,2/3,0.4689664628917714,-0.15673154442283332,0.4689664628917714,100,"{2: 50.0, 3: 50.0}",命中,82.5,否,-544455.0,0
2021-04-02,2021-04,方案B（P：按命中概率选）,否,HOME,AWAY,4,2/3,0.4689664628917714,-0.19083342530768932,0.4689664628917714,100,"{2: 50.0, 3: 50.0}",未命中,-100.0,否,-544555.0,1
2021-04-02,2021-04,方案B（P：按命中概率选）,否,HOME,AWAY,2,2/3,0.4689664628917714,-0.19170460293571112,0.4689664628917714,300,"{2: 150.0, 3: 150.0}",命中,165.0,否,-544390.0,0
2021-04-02,2021-04,方案B（P：按命中概率选）,否,HOME,AWAY,1,2/3,0.4689664628917714,-0.16584217311106197,0.4689664628917714,100,"{2: 50.0, 3: 50.0}",未命中,-100.0,否,-544490.0,1
2021-04-02,2021-04,方案B（P：按命中概率选）,否,HOME,AWAY,1,2/3,0.4689664628917714,-0.15371915913075762,0.4689664628917714,300,"{2: 150.0, 3: 150.0}",未命中,-300.0,否,-544790.0,2
2021-04-02,2021-04,方案B（P：按命中概率选）,否,HOME,AWAY,1,2/3,0.4689664628917714,-0.18085161899143865,0.4689664628917714,900,"{2: 450.0, 3: 450.0}",未命中,-900.0,否,-545690.0,3
2021-05-01,2021-05,方案B（P：按命中概率选）,否,HOME,AWAY,2,2/3,0.468492557941476,-0.12289291376831024,0.468492557941476,2700,"{2: 1350.0, 3: 1350.0}",命中,2700.0,否,-542990.0,0
2021-05-01,2021-05,方案B（P：按命中概率选）,否,HOME,AWAY,3,2/3,0.468492557941476,0.1446827866973721,0.468492557941476,100,"{2: 50.0, 3: 50.0}",命中,97.5,否,-542892.5,0
2021-05-01,2021-05,方案B（P：按命中概率选）,否,HOME,AWAY,4,2/3,0.468492557941476,-0.060204346693179644,0.468492557941476,100,"{2: 50.0, 3: 50.0}",未命中,-100.0,否,-542992.5,1
2021-05-01,2021-05,方案B（P：按命中概率选）,否,HOME,AWAY,2,2/3,0.468492557941476,-0.00081737748400601,0.468492557941476,300,"{2: 150.0, 3: 150.0}",命中,420.0,否,-542572.5,0
2021-05-01,2021-05,方案B（P：按命中概率选）,否,HOME,AWAY,2,2/3,0.468492557941476,-0.09402482863021266,0.468492557941476,100,"{2: 50.0, 3: 50.0}",命中,104.99999999999997,否,-542467.5,0
2021-05-01,2021-05,方案B（P：按命中概率选）,否,HOME,AWAY,0,2/3,0.468492557941476,-0.12289291376831024,0.468492557941476,100,"{2: 50.0, 3: 50.0}",未命中,-100.0,否,-542567.5,1
2021-05-01,2021-05,方案B（P：按命中概率选）,否,HOME,AWAY,2,2/3,0.468492557941476,-0.1542371973058756,0.468492557941476,300,"{2: 150.0, 3: 150.0}",命中,262.5,否,-542305.0,0
2021-05-01,2021-05,方案B（P：按命中概率选）,否,HOME,AWAY,5,2/3,0.468492557941476,-0.20142079212442388,0.468492557941476,100,"{2: 50.0, 3: 50.0}",未命中,-100.0,否,-542405.0,1
2021-05-01,2021-05,方案B（P：按命中概率选）,否,HOME,AWAY,2,2/3,0.468492557941476,-0.16760031018739086,0.468492557941476,300,"{2: 150.0, 3: 150.0}",命中,240.0,否,-542165.0,0
2021-05-01,2021-05,方案B（P：按命中概率选）,否,HOME,AWAY,5,2/3,0.468492557941476,-0.11910025546026493,0.468492557941476,100,"{2: 50.0, 3: 50.0}",未命中,-100.0,否,-542265.0,1
2021-05-01,2021-05,方案B（P：按命中概率选）,否,HOME,AWAY,2,2/3,0.468492557941476,-0.20224619159091306,0.468492557941476,300,"{2: 150.0, 3: 150.0}",命中,172.5,否,-542092.5,0
2021-05-01,2021-05,方案B（P：按命中概率选）,否,HOME,AWAY,3,2/3,0.468492557941476,-0.12668557207635578,0.468492557941476,100,"{2: 50.0, 3: 50.0}",命中,64.99999999999999,否,-542027.5,0
2021-05-01,2021-05,方案B（P：按命中概率选）,否,HOME,AWAY,3,2/3,0.468492557941476,-0.20686424936544767,0.468492557941476,100,"{2: 50.0, 3: 50.0}",命中,80.0,否,-541947.5,0
2021-05-01,2021-05,方案B（P：按命中概率选）,否,HOME,AWAY,2,2/3,0.468492557941476,-0.1588552550804102,0.468492557941476,100,"{2: 50.0, 3: 50.0}",命中,90.0,否,-541857.5,0
2021-05-01,2021-05,方案B（P：按命中概率选）,否,HOME,AWAY,5,2/3,0.468492557941476,-0.1651241117879232,0.468492557941476,100,"{2: 50.0, 3: 50.0}",未命中,-100.0,否,-541957.5,1
2021-05-01,2021-05,方案B（P：按命中概率选）,否,HOME,AWAY,2,2/3,0.468492557941476,-0.20686424936544767,0.468492557941476,300,"{2: 150.0, 3: 150.0}",命中,180.0,否,-541777.5,0
2021-06-01,2021-06,方案B（P：按命中概率选）,否,HOME,AWAY,3,2/3,0.46562510534362855,-0.1888966009549662,0.46562510534362855,100,"{2: 50.0, 3: 50.0}",命中,90.0,否,-541687.5,0
2021-06-01,2021-06,方案B（P：按命中概率选）,否,HOME,AWAY,2,2/3,0.46562510534362855,-0.142231890002398,0.46562510534362855,100,"{2: 50.0, 3: 50.0}",命中,92.5,否,-541595.0,0
2021-06-01,2021-06,方案B（P：按命中概率选）,否,HOME,AWAY,2,2/3,0.46562510534362855,-0.19315835839412987,0.46562510534362855,100,"{2: 50.0, 3: 50.0}",命中,64.99999999999999,否,-541530.0,0
2021-06-01,2021-06,方案B（P：按命中概率选）,否,HOME,AWAY,6,2/3,0.46562510534362855,-0.18952002350601893,0.46562510534362855,100,"{2: 50.0, 3: 50.0}",未命中,-100.0,否,-541630.0,1
2021-06-01,2021-06,方案B（P：按命中概率选）,否,HOME,AWAY,2,2/3,0.46562510534362855,-0.19315835839412987,0.46562510534362855,300,"{2: 150.0, 3: 150.0}",命中,195.0,否,-541435.0,0
2021-06-02,2021-06,方案B（P：按命中概率选）,否,HOME,AWAY,2,2/3,0.46562510534362855,-0.18401142096474987,0.46562510534362855,100,"{2: 50.0, 3: 50.0}",命中,57.5,否,-541377.5,0
2021-06-02,2021-06,方案B（P：按命中概率选）,否,HOME,AWAY,2,2/3,0.46562510534362855,-0.1888966009549662,0.46562510534362855,100,"{2: 50.0, 3: 50.0}",命中,60.000000000000014,否,-541317.5,0
2021-06-02,2021-06,方案B（P：按命中概率选）,否,HOME,AWAY,3,2/3,0.46562510534362855,-0.1409850449002925,0.46562510534362855,100,"{2: 50.0, 3: 50.0}",命中,70.0,否,-541247.5,0
2021-06-02,2021-06,方案B（P：按命中概率选）,否,HOME,AWAY,0,2/3,0.46562510534362855,-0.17912624097453356,0.46562510534362855,100,"{2: 50.0, 3: 50.0}",未命中,-100.0,否,-541347.5,1
2021-06-02,2021-06,方案B（P：按命中概率选）,否,HOME,AWAY,2,2/3,0.46562510534362855,-0.09255226671277161,0.46562510534362855,300,"{2: 150.0, 3: 150.0}",命中,345.0,否,-541002.5,0
2021-06-03,2021-06,方案B（P：按命中概率选）,否,HOME,AWAY,4,2/3,0.46562510534362855,-0.1483639150947198,0.46562510534362855,100,"{2: 50.0, 3: 50.0}",未命中,-100.0,否,-541102.5,1
2021-06-03,2021-06,方案B（P：按命中概率选）,否,HOME,AWAY,1,2/3,0.46562510534362855,-0.18089430820948638,0.46562510534362855,300,"{2: 150.0, 3: 150.0}",未命中,-300.0,否,-541402.5,2
2021-06-03,2021-06,方案B（P：按命中概率选）,否,HOME,AWAY,2,2/3,0.46562510534362855,-0.15449594018704138,0.46562510534362855,900,"{2: 450.0, 3: 450.0}",命中,787.5,否,-540615.0,0
2021-06-03,2021-06,方案B（P：按命中概率选）,否,HOME,AWAY,3,2/3,0.46562510534362855,-0.16062796527936318,0.46562510534362855,100,"{2: 50.0, 3: 50.0}",命中,75.0,否,-540540.0,0
2021-06-03,2021-06,方案B（P：按命中概率选）,否,HOME,AWAY,4,2/3,0.46562510534362855,-0.0986842918050933,0.46562510534362855,100,"{2: 50.0, 3: 50.0}",未命中,-100.0,否,-540640.0,1
2021-06-04,2021-06,方案B（P：按命中概率选）,否,HOME,AWAY,2,2/3,0.46562510534362855,-0.16125138783041582,0.46562510534362855,300,"{2: 150.0, 3: 150.0}",命中,247.5,否,-540392.5,0
2021-07-01,2021-07,方案B（P：按命中概率选）,否,HOME,AWAY,2,2/3,0.4695612181090995,-0.17544669717417194,0.4695612181090995,100,"{2: 50.0, 3: 50.0}",命中,82.5,否,-540310.0,0
2021-07-01,2021-07,方案B（P：按命中概率选）,否,HOME,AWAY,5,2/3,0.4695612181090995,-0.16513410156493524,0.4695612181090995,100,"{2: 50.0, 3: 50.0}",未命中,-100.0,否,-540410.0,1
2021-07-01,2021-07,方案B（P：按命中概率选）,否,HOME,AWAY,0,2/3,0.4695612181090995,-0.17544669717417194,0.4695612181090995,300,"{2: 150.0, 3: 150.0}",未命中,-300.0,否,-540710.0,2
2021-07-01,2021-07,方案B（P：按命中概率选）,否,HOME,AWAY,0,2/3,0.4695612181090995,-0.15642756592762885,0.4695612181090995,900,"{2: 450.0, 3: 450.0}",未命中,-900.0,否,-541610.0,3
2021-07-01,2021-07,方案B（P：按命中概率选）,否,HOME,AWAY,6,2/3,0.4695612181090995,-0.13646804430278436,0.4695612181090995,2700,"{2: 1350.0, 3: 1350.0}",未命中,-2700.0,否,-544310.0,4
2021-07-01,2021-07,方案B（P：按命中概率选）,否,HOME,AWAY,3,2/3,0.4695612181090995,0.011923444156356044,0.4695612181090995,8100,"{2: 4050.0, 3: 4050.0}",命中,6075.0,否,-538235.0,0
2021-07-01,2021-07,方案B（P：按命中概率选）,否,HOME,AWAY,5,2/3,0.4695612181090995,-0.21372798189985298,0.4695612181090995,100,"{2: 50.0, 3: 50.0}",未命中,-100.0,否,-538335.0,1
2021-07-01,2021-07,方案B（P：按命中概率选）,否,HOME,AWAY,7,2/3,0.4695612181090995,-0.17687313201766264,0.4695612181090995,300,"{2: 150.0, 3: 150.0}",未命中,-300.0,否,-538635.0,2
2021-07-01,2021-07,方案B（P：按命中概率选）,否,HOME,AWAY,3,2/3,0.4695612181090995,-0.2019889514471256,0.4695612181090995,900,"{2: 450.0, 3: 450.0}",命中,787.5,否,-537847.5,0
2021-07-01,2021-07,方案B（P：按命中概率选）,否,HOME,AWAY,0,2/3,0.4695612181090995,-0.19658963140991248,0.4695612181090995,100,"{2: 50.0, 3: 50.0}",未命中,-100.0,否,-537947.5,1
2021-07-01,2021-07,方案B（P：按命中概率选）,否,HOME,AWAY,2,2/3,0.4695612181090995,-0.20292934182542688,0.4695612181090995,300,"{2: 150.0, 3: 150.0}",命中,157.5,否,-537790.0,0
2021-07-01,2021-07,方案B（P：按命中概率选）,否,HOME,AWAY,0,2/3,0.4695612181090995,-0.18767177209208885,0.4695612181090995,100,"{2: 50.0, 3: 50.0}",未命中,-100.0,否,-537890.0,1
2021-07-01,2021-07,方案B（P：按命中概率选）,否,HOME,AWAY,2,2/3,0.4695612181090995,-0.2172465211804635,0.4695612181090995,300,"{2: 150.0, 3: 150.0}",命中,172.5,否,-537717.5,0
2021-07-01,2021-07,方案B（P：按命中概率选）,否,HOME,AWAY,7,2/3,0.4695612181090995,-0.047955120718177424,0.4695612181090995,100,"{2: 50.0, 3: 50.0}",未命中,-100.0,否,-537817.5,1
2021-07-01,2021-07,方案B（P：按命中概率选）,否,HOME,AWAY,1,2/3,0.4695612181090995,-0.09303046177248486,0.4695612181090995,300,"{2: 150.0, 3: 150.0}",未命中,-300.0,否,-538117.5,2
2021-07-02,2021-07,方案B（P：按命中概率选）,否,HOME,AWAY,3,2/3,0.4695612181090995,-0.2045671003494347,0.4695612181090995,900,"{2: 450.0, 3: 450.0}",命中,697.5,否,-537420.0,0
2021-08-01,2021-08,方案B（P：按命中概率选）,否,HOME,AWAY,1,2/3,0.464413451819953,-0.20334840955819633,0.464413451819953,100,"{2: 50.0, 3: 50.0}",未命中,-100.0,否,-537520.0,1
2021-08-01,2021-08,方案B（P：按命中概率选）,否,HOME,AWAY,1,2/3,0.464413451819953,-0.20775932334731595,0.464413451819953,300,"{2: 150.0, 3: 150.0}",未命中,-300.0,否,-537820.0,2
2021-08-01,2021-08,方案B（P：按命中概率选）,否,HOME,AWAY,3,2/3,0.464413451819953,-0.20055990084093678,0.464413451819953,900,"{2: 450.0, 3: 450.0}",命中,720.0,否,-537100.0,0
2021-08-01,2021-08,方案B（P：按命中概率选）,否,HOME,AWAY,0,2/3,0.464413451819953,-0.2088747268342197,0.464413451819953,100,"{2: 50.0, 3: 50.0}",未命中,-100.0,否,-537200.0,1
2021-08-01,2021-08,方案B（P：按命中概率选）,否,HOME,AWAY,1,2/3,0.464413451819953,-0.14965694171132615,0.464413451819953,300,"{2: 150.0, 3: 150.0}",未命中,-300.0,否,-537500.0,2
2021-08-01,2021-08,方案B（P：按命中概率选）,否,HOME,AWAY,5,2/3,0.464413451819953,-0.17951933506525108,0.464413451819953,900,"{2: 450.0, 3: 450.0}",未命中,-900.0,否,-538400.0,3
2021-08-01,2021-08,方案B（P：按命中概率选）,否,HOME,AWAY,2,2/3,0.464413451819953,-0.20831702509076788,0.464413451819953,2700,"{2: 1350.0, 3: 1350.0}",命中,1485.0,否,-536915.0,0
2021-08-01,2021-08,方案B（P：按命中概率选）,否,HOME,AWAY,4,2/3,0.464413451819953,-0.1928534767496013,0.464413451819953,100,"{2: 50.0, 3: 50.0}",未命中,-100.0,否,-537015.0,1
2021-08-01,2021-08,方案B（P：按命中概率选）,否,HOME,AWAY,0,2/3,0.464413451819953,-0.20334840955819633,0.464413451819953,300,"{2: 150.0, 3: 150.0}",未命中,-300.0,否,-537315.0,2
2021-08-01,2021-08,方案B（P：按命中概率选）,否,HOME,AWAY,4,2/3,0.464413451819953,-0.20720162160386402,0.464413451819953,900,"{2: 450.0, 3: 450.0}",未命中,-900.0,否,-538215.0,3
2021-08-01,2021-08,方案B（P：按命中概率选）,否,HOME,AWAY,5,2/3,0.464413451819953,-0.1562986624742535,0.464413451819953,2700,"{2: 1350.0, 3: 1350.0}",未命中,-2700.0,否,-540915.0,4
2021-08-01,2021-08,方案B（P：按命中概率选）,否,HOME,AWAY,2,2/3,0.464413451819953,-0.1928534767496013,0.464413451819953,8100,"{2: 4050.0, 3: 4050.0}",命中,4050.0,否,-536865.0,0
2021-08-01,2021-08,方案B（P：按命中概率选）,否,HOME,AWAY,0,2/3,0.464413451819953,-0.20055990084093678,0.464413451819953,100,"{2: 50.0, 3: 50.0}",未命中,-100.0,否,-536965.0,1
2021-08-01,2021-08,方案B（P：按命中概率选）,否,HOME,AWAY,2,2/3,0.464413451819953,-0.09104755849038015,0.464413451819953,300,"{2: 150.0, 3: 150.0}",命中,330.0,否,-536635.0,0
2021-08-01,2021-08,方案B（P：按命中概率选）,否,HOME,AWAY,1,2/3,0.464413451819953,-0.1850963524997702,0.464413451819953,100,"{2: 50.0, 3: 50.0}",未命中,-100.0,否,-536735.0,1
2021-08-01,2021-08,方案B（P：按命中概率选）,否,HOME,AWAY,3,2/3,0.464413451819953,-0.15188774868513377,0.464413451819953,300,"{2: 150.0, 3: 150.0}",命中,240.0,否,-536495.0,0
2021-09-01,2021-09,方案B（P：按命中概率选）,否,HOME,AWAY,3,2/3,0.46766831743850173,-0.14499068947806126,0.46766831743850173,100,"{2: 50.0, 3: 50.0}",命中,77.49999999999999,否,-536417.5,0
2021-09-01,2021-09,方案B（P：按命中概率选）,否,HOME,AWAY,1,2/3,0.46766831743850173,-0.18460970687596812,0.46766831743850173,100,"{2: 50.0, 3: 50.0}",未命中,-100.0,否,-536517.5,1
2021-09-01,2021-09,方案B（P：按命中概率选）,否,HOME,AWAY,5,2/3,0.46766831743850173,-0.13952349330924818,0.46766831743850173,300,"{2: 150.0, 3: 150.0}",未命中,-300.0,否,-536817.5,2
2021-09-02,2021-09,方案B（P：按命中概率选）,否,HOME,AWAY,3,2/3,0.46766831743850173,-0.16214959358283676,0.46766831743850173,900,"{2: 450.0, 3: 450.0}",命中,652.5,否,-536165.0,0
2021-09-02,2021-09,方案B（P：按命中概率选）,否,HOME,AWAY,2,2/3,0.46766831743850173,-0.19234884983979073,0.46766831743850173,100,"{2: 50.0, 3: 50.0}",命中,57.5,否,-536107.5,0
2021-09-02,2021-09,方案B（P：按命中概率选）,否,HOME,AWAY,2,2/3,0.46766831743850173,-0.15819702861069684,0.46766831743850173,100,"{2: 50.0, 3: 50.0}",命中,80.0,否,-536027.5,0
2021-09-02,2021-09,方案B（P：按命中概率选）,否,HOME,AWAY,0,2/3,0.46766831743850173,-0.18763896926931412,0.46766831743850173,100,"{2: 50.0, 3: 50.0}",未命中,-100.0,否,-536127.5,1
2021-09-02,2021-09,方案B（P：按命中概率选）,否,HOME,AWAY,2,2/3,0.46766831743850173,-0.17199469636121179,0.46766831743850173,300,"{2: 150.0, 3: 150.0}",命中,157.5,否,-535970.0,0
2021-09-03,2021-09,方案B（P：按命中概率选）,否,HOME,AWAY,4,2/3,0.46766831743850173,-0.13254166594376215,0.46766831743850173,100,"{2: 50.0, 3: 50.0}",未命中,-100.0,否,-536070.0,1
2021-09-03,2021-09,方案B（P：按命中概率选）,否,HOME,AWAY,1,2/3,0.46766831743850173,-0.1387661777109117,0.46766831743850173,300,"{2: 150.0, 3: 150.0}",未命中,-300.0,否,-536370.0,2
2021-09-03,2021-09,方案B（P：按命中概率选）,否,HOME,AWAY,3,2/3,0.46766831743850173,-0.17443263013667853,0.46766831743850173,900,"{2: 450.0, 3: 450.0}",命中,832.5,否,-535537.5,0
2021-09-03,2021-09,方案B（P：按命中概率选）,否,HOME,AWAY,4,2/3,0.46766831743850173,-0.18141445750216467,0.46766831743850173,100,"{2: 50.0, 3: 50.0}",未命中,-100.0,否,-535637.5,1
2021-09-03,2021-09,方案B（P：按命中概率选）,否,HOME,AWAY,3,2/3,0.46766831743850173,-0.175189945735015,0.46766831743850173,300,"{2: 150.0, 3: 150.0}",命中,285.0,否,-535352.5,0
2021-09-03,2021-09,方案B（P：按命中概率选）,否,HOME,AWAY,1,2/3,0.46766831743850173,-0.1806571419038281,0.46766831743850173,100,"{2: 50.0, 3: 50.0}",未命中,-100.0,否,-535452.5,1
2021-09-03,2021-09,方案B（P：按命中概率选）,否,HOME,AWAY,0,2/3,0.46766831743850173,-0.17838519510881856,0.46766831743850173,300,"{2: 150.0, 3: 150.0}",未命中,-300.0,否,-535752.5,2
2021-09-03,2021-09,方案B（P：按命中概率选）,否,HOME,AWAY,2,2/3,0.46766831743850173,-0.17670457693168817,0.46766831743850173,900,"{2: 450.0, 3: 450.0}",命中,495.0,否,-535257.5,0
2021-10-01,2021-10,方案B（P：按命中概率选）,否,HOME,AWAY,4,2/3,0.45503285932981163,-0.11789180871445415,0.45503285932981163,100,"{2: 50.0, 3: 50.0}",未命中,-100.0,否,-535357.5,1
2021-10-01,2021-10,方案B（P：按命中概率选）,否,HOME,AWAY,3,2/3,0.45503285932981163,-0.09475454468073496,0.45503285932981163,300,"{2: 150.0, 3: 150.0}",命中,262.5,否,-535095.0,0
2021-10-01,2021-10,方案B（P：按命中概率选）,否,HOME,AWAY,2,2/3,0.45503285932981163,-0.09475454468073496,0.45503285932981163,100,"{2: 50.0, 3: 50.0}",命中,110.0,否,-534985.0,0
2021-10-06,2021-10,方案B（P：按命中概率选）,否,HOME,AWAY,2,2/3,0.45503285932981163,-0.19212386415597005,0.45503285932981163,100,"{2: 50.0, 3: 50.0}",命中,80.0,否,-534905.0,0
2021-10-06,2021-10,方案B（P：按命中概率选）,否,HOME,AWAY,3,2/3,0.45503285932981163,-0.1805552321391104,0.45503285932981163,100,"{2: 50.0, 3: 50.0}",命中,75.0,否,-534830.0,0
2021-10-06,2021-10,方案B（P：按命中概率选）,否,HOME,AWAY,3,2/3,0.45503285932981163,-0.1977153696307855,0.45503285932981163,100,"{2: 50.0, 3: 50.0}",命中,72.50000000000001,否,-534757.5,0
2021-10-07,2021-10,方案B（P：按命中概率选）,否,HOME,AWAY,3,2/3,0.45503285932981163,-0.1826761480088681,0.45503285932981163,100,"{2: 50.0, 3: 50.0}",命中,102.5,否,-534655.0,0
2021-10-07,2021-10,方案B（P：按命中概率选）,否,HOME,AWAY,2,2/3,0.45503285932981163,-0.21121210698378834,0.45503285932981163,100,"{2: 50.0, 3: 50.0}",命中,50.0,否,-534605.0,0
2021-10-07,2021-10,方案B（P：按命中概率选）,否,HOME,AWAY,2,2/3,0.45503285932981163,-0.22123825473173353,0.45503285932981163,100,"{2: 50.0, 3: 50.0}",命中,64.99999999999999,否,-534540.0,0
2021-10-08,2021-10,方案B（P：按命中概率选）,否,HOME,AWAY,0,2/3,0.45503285932981163,-0.17708464253405265,0.45503285932981163,100,"{2: 50.0, 3: 50.0}",未命中,-100.0,否,-534640.0,1
2021-10-08,2021-10,方案B（P：按命中概率选）,否,HOME,AWAY,0,2/3,0.45503285932981163,-0.19405196949211323,0.45503285932981163,300,"{2: 150.0, 3: 150.0}",未命中,-300.0,否,-534940.0,2
2021-10-08,2021-10,方案B（P：按命中概率选）,否,HOME,AWAY,5,2/3,0.45503285932981163,-0.2164179913913753,0.45503285932981163,900,"{2: 450.0, 3: 450.0}",未命中,-900.0,否,-535840.0,3
2021-10-09,2021-10,方案B（P：按命中概率选）,否,HOME,AWAY,1,2/3,0.45503285932981163,-0.210440864849331,0.45503285932981163,2700,"{2: 1350.0, 3: 1350.0}",未命中,-2700.0,否,-538540.0,4
2021-10-09,2021-10,方案B（P：按命中概率选）,否,HOME,AWAY,3,2/3,0.45503285932981163,-0.013581310029103233,0.45503285932981163,8100,"{2: 4050.0, 3: 4050.0}",命中,6885.0,否,-531655.0,0
2021-10-09,2021-10,方案B（P：按命中概率选）,否,HOME,AWAY,2,2/3,0.45503285932981163,-0.21564674925691796,0.45503285932981163,100,"{2: 50.0, 3: 50.0}",命中,64.99999999999999,否,-531590.0,0
2021-10-09,2021-10,方案B（P：按命中概率选）,否,HOME,AWAY,1,2/3,0.45503285932981163,-0.23319250781582168,0.45503285932981163,100,"{2: 50.0, 3: 50.0}",未命中,-100.0,否,-531690.0,1
2021-11-01,2021-11,方案B（P：按命中概率选）,否,HOME,AWAY,1,2/3,0.4572064284016747,-0.1640196781967589,0.4572064284016747,300,"{2: 150.0, 3: 150.0}",未命中,-300.0,否,-531990.0,2
2021-11-01,2021-11,方案B（P：按命中概率选）,否,HOME,AWAY,3,2/3,0.4572064284016747,-0.174338979298152,0.4572064284016747,900,"{2: 450.0, 3: 450.0}",命中,990.0,否,-531000.0,0
2021-11-01,2021-11,方案B（P：按命中概率选）,否,HOME,AWAY,3,2/3,0.4572064284016747,-0.13478653060074386,0.4572064284016747,100,"{2: 50.0, 3: 50.0}",命中,67.5,否,-530932.5,0
2021-11-01,2021-11,方案B（P：按命中概率选）,否,HOME,AWAY,1,2/3,0.4572064284016747,-0.0016295433008954863,0.4572064284016747,100,"{2: 50.0, 3: 50.0}",未命中,-100.0,否,-531032.5,1
2021-11-01,2021-11,方案B（P：按命中概率选）,否,HOME,AWAY,3,2/3,0.4572064284016747,-0.179922510488991,0.4572064284016747,300,"{2: 150.0, 3: 150.0}",命中,322.50000000000006,否,-530710.0,0
2021-11-01,2021-11,方案B（P：按命中概率选）,否,HOME,AWAY,3,2/3,0.4572064284016747,-0.11803593702822723,0.4572064284016747,100,"{2: 50.0, 3: 50.0}",命中,75.0,否,-530635.0,0
2021-11-01,2021-11,方案B（P：按命中概率选）,否,HOME,AWAY,5,2/3,0.4572064284016747,-0.17597603556352903,0.4572064284016747,100,"{2: 50.0, 3: 50.0}",未命中,-100.0,否,-530735.0,1
2021-11-01,2021-11,方案B（P：按命中概率选）,否,HOME,AWAY,7,2/3,0.4572064284016747,-0.18766929460193493,0.4572064284016747,300,"{2: 150.0, 3: 150.0}",未命中,-300.0,否,-531035.0,2
2021-11-01,2021-11,方案B（P：按命中概率选）,否,HOME,AWAY,3,2/3,0.4572064284016747,-0.18766929460193493,0.4572064284016747,900,"{2: 450.0, 3: 450.0}",命中,630.0,否,-530405.0,0
2021-11-01,2021-11,方案B（P：按命中概率选）,否,HOME,AWAY,1,2/3,0.4572064284016747,-0.20784016644318526,0.4572064284016747,100,"{2: 50.0, 3: 50.0}",未命中,-100.0,否,-530505.0,1
2021-11-01,2021-11,方案B（P：按命中概率选）,否,HOME,AWAY,4,2/3,0.4572064284016747,-0.21874413049649888,0.4572064284016747,300,"{2: 150.0, 3: 150.0}",未命中,-300.0,否,-530805.0,2
2021-11-01,2021-11,方案B（P：按命中概率选）,否,HOME,AWAY,1,2/3,0.4572064284016747,-0.1698663077159619,0.4572064284016747,900,"{2: 450.0, 3: 450.0}",未命中,-900.0,否,-531705.0,3
2021-11-01,2021-11,方案B（P：按命中概率选）,否,HOME,AWAY,2,2/3,0.4572064284016747,-0.21316059930566,0.4572064284016747,2700,"{2: 1350.0, 3: 1350.0}",命中,1485.0,否,-530220.0,0
2021-11-01,2021-11,方案B（P：按命中概率选）,否,HOME,AWAY,1,2/3,0.4572064284016747,-0.19377902244950207,0.4572064284016747,100,"{2: 50.0, 3: 50.0}",未命中,-100.0,否,-530320.0,1
2021-11-01,2021-11,方案B（P：按命中概率选）,否,HOME,AWAY,2,2/3,0.4572064284016747,-0.21769173718304247,0.4572064284016747,300,"{2: 150.0, 3: 150.0}",命中,195.0,否,-530125.0,0
2021-11-02,2021-11,方案B（P：按命中概率选）,否,HOME,AWAY,2,2/3,0.4572064284016747,-0.16454587485348715,0.4572064284016747,100,"{2: 50.0, 3: 50.0}",命中,92.5,否,-530032.5,0
2021-12-01,2021-12,方案B（P：按命中概率选）,否,HOME,AWAY,5,2/3,0.47031931423755186,-0.11707070685240661,0.47031931423755186,100,"{2: 50.0, 3: 50.0}",未命中,-100.0,否,-530132.5,1
2021-12-01,2021-12,方案B（P：按命中概率选）,否,HOME,AWAY,1,2/3,0.47031931423755186,-0.1813277087020595,0.47031931423755186,300,"{2: 150.0, 3: 150.0}",未命中,-300.0,否,-530432.5,2
2021-12-01,2021-12,方案B（P：按命中概率选）,否,HOME,AWAY,4,2/3,0.47031931423755186,-0.09774867133118237,0.47031931423755186,900,"{2: 450.0, 3: 450.0}",未命中,-900.0,否,-531332.5,3
2021-12-01,2021-12,方案B（P：按命中概率选）,否,HOME,AWAY,1,2/3,0.47031931423755186,-0.18552163889271278,0.47031931423755186,2700,"{2: 1350.0, 3: 1350.0}",未命中,-2700.0,否,-534032.5,4
2021-12-01,2021-12,方案B（P：按命中概率选）,否,HOME,AWAY,2,2/3,0.47031931423755186,-0.14052247975524357,0.47031931423755186,8100,"{2: 4050.0, 3: 4050.0}",命中,7897.5,否,-526135.0,0
2021-12-02,2021-12,方案B（P：按命中概率选）,否,HOME,AWAY,3,2/3,0.47031931423755186,-0.11274839104367207,0.47031931423755186,100,"{2: 50.0, 3: 50.0}",命中,75.0,否,-526060.0,0
2021-12-02,2021-12,方案B（P：按命中概率选）,否,HOME,AWAY,2,2/3,0.47031931423755186,-0.03679759914712122,0.47031931423755186,100,"{2: 50.0, 3: 50.0}",命中,127.5,否,-525932.5,0
2021-12-02,2021-12,方案B（P：按命中概率选）,否,HOME,AWAY,1,2/3,0.47031931423755186,-0.1501834975158558,0.47031931423755186,100,"{2: 50.0, 3: 50.0}",未命中,-100.0,否,-526032.5,1
2021-12-02,2021-12,方案B（P：按命中概率选）,否,HOME,AWAY,4,2/3,0.47031931423755186,-0.16302205932397817,0.47031931423755186,300,"{2: 150.0, 3: 150.0}",未命中,-300.0,否,-526332.5,2
2021-12-02,2021-12,方案B（P：按命中概率选）,否,HOME,AWAY,4,2/3,0.47031931423755186,-0.15660277841991688,0.47031931423755186,900,"{2: 450.0, 3: 450.0}",未命中,-900.0,否,-527232.5,3
2021-12-02,2021-12,方案B（P：按命中概率选）,否,HOME,AWAY,0,2/3,0.47031931423755186,-0.05071673990742709,0.47031931423755186,2700,"{2: 1350.0, 3: 1350.0}",未命中,-2700.0,否,-529932.5,4
2021-12-02,2021-12,方案B（P：按命中概率选）,否,HOME,AWAY,4,2/3,0.47031931423755186,-0.1501834975158558,0.47031931423755186,8100,"{2: 4050.0, 3: 4050.0}",未命中,-8100.0,否,-538032.5,5
2021-12-03,2021-12,方案B（P：按命中概率选）,否,HOME,AWAY,4,2/3,0.47031931423755186,-0.1865380250358557,0.47031931423755186,24300,"{2: 12150.0, 3: 12150.0}",未命中,-24300.0,否,-562332.5,6
2021-12-03,2021-12,方案B（P：按命中概率选）,否,HOME,AWAY,3,2/3,0.47031931423755186,-0.09457112728367223,0.47031931423755186,72900,"{2: 36450.0, 3: 36450.0}",命中,56497.5,否,-505835.0,0
2021-12-03,2021-12,方案B（P：按命中概率选）,否,HOME,AWAY,5,2/3,0.47031931423755186,-0.15660277841991688,0.47031931423755186,100,"{2: 50.0, 3: 50.0}",未命中,-100.0,否,-505935.0,1
2021-12-03,2021-12,方案B（P：按命中概率选）,否,HOME,AWAY,5,2/3,0.47031931423755186,-0.1951826566533249,0.47031931423755186,300,"{2: 150.0, 3: 150.0}",未命中,-300.0,否,-506235.0,2
2022-01-01,2022-01,方案B（P：按命中概率选）,否,HOME,AWAY,4,2/3,0.4613750607425011,-0.161875148723726,0.4613750607425011,900,"{2: 450.0, 3: 450.0}",未命中,-900.0,否,-507135.0,3
2022-01-01,2022-01,方案B（P：按命中概率选）,否,HOME,AWAY,3,2/3,0.4613750607425011,-0.12087731301526028,0.4613750607425011,2700,"{2: 1350.0, 3: 1350.0}",命中,2025.0,否,-505110.0,0
2022-01-01,2022-01,方案B（P：按命中概率选）,否,HOME,AWAY,1,2/3,0.4613750607425011,-0.1622934939860573,0.4613750607425011,100,"{2: 50.0, 3: 50.0}",未命中,-100.0,否,-505210.0,1
2022-01-02,2022-01,方案B（P：按命中概率选）,否,HOME,AWAY,1,2/3,0.4613750607425011,-0.18022257665739794,0.4613750607425011,300,"{2: 150.0, 3: 150.0}",未命中,-300.0,否,-505510.0,2
2022-01-02,2022-01,方案B（P：按命中概率选）,否,HOME,AWAY,5,2/3,0.4613750607425011,-0.20538305600617957,0.4613750607425011,900,"{2: 450.0, 3: 450.0}",未命中,-900.0,否,-506410.0,3
2022-01-02,2022-01,方案B（P：按命中概率选）,否,HOME,AWAY,2,2/3,0.4613750607425011,-0.2117777621589576,0.4613750607425011,2700,"{2: 1350.0, 3: 1350.0}",命中,1620.0000000000005,否,-504790.0,0
2022-01-02,2022-01,方案B（P：按命中概率选）,否,HOME,AWAY,2,2/3,0.4613750607425011,-0.14478275657704787,0.4613750607425011,100,"{2: 50.0, 3: 50.0}",命中,95.0,否,-504695.0,0
2022-01-02,2022-01,方案B（P：按命中概率选）,否,HOME,AWAY,1,2/3,0.4613750607425011,-0.2113594168966264,0.4613750607425011,100,"{2: 50.0, 3: 50.0}",未命中,-100.0,否,-504795.0,1
2022-01-02,2022-01,方案B（P：按命中概率选）,否,HOME,AWAY,0,2/3,0.4613750607425011,-0.2074747823178359,0.4613750607425011,300,"{2: 150.0, 3: 150.0}",未命中,-300.0,否,-505095.0,2
2022-01-02,2022-01,方案B（P：按命中概率选）,否,HOME,AWAY,5,2/3,0.4613750607425011,-0.2241488292021827,0.4613750607425011,900,"{2: 450.0, 3: 450.0}",未命中,-900.0,否,-505995.0,3
2022-01-02,2022-01,方案B（P：按命中概率选）,否,HOME,AWAY,0,2/3,0.4613750607425011,-0.21219610742128892,0.4613750607425011,2700,"{2: 1350.0, 3: 1350.0}",未命中,-2700.0,否,-508695.0,4
2022-01-02,2022-01,方案B（P：按命中概率选）,否,HOME,AWAY,2,2/3,0.4613750607425011,-0.20538305600617957,0.4613750607425011,8100,"{2: 4050.0, 3: 4050.0}",命中,5265.0,否,-503430.0,0
2022-01-02,2022-01,方案B（P：按命中概率选）,否,HOME,AWAY,3,2/3,0.4613750607425011,-0.19982504037806392,0.4613750607425011,100,"{2: 50.0, 3: 50.0}",命中,82.5,否,-503347.5,0
2022-01-03,2022-01,方案B（P：按命中概率选）,否,HOME,AWAY,4,2/3,0.4613750607425011,-0.12727201916803843,0.4613750607425011,100,"{2: 50.0, 3: 50.0}",未命中,-100.0,否,-503447.5,1
2022-01-03,2022-01,方案B（P：按命中概率选）,否,HOME,AWAY,4,2/3,0.4613750607425011,-0.15631713309561035,0.4613750607425011,300,"{2: 150.0, 3: 150.0}",未命中,-300.0,否,-503747.5,2
2022-01-03,2022-01,方案B（P：按命中概率选）,否,HOME,AWAY,2,2/3,0.4613750607425011,-0.20024338564039512,0.4613750607425011,900,"{2: 450.0, 3: 450.0}",命中,562.5,否,-503185.0,0
2022-02-09,2022-02,方案B（P：按命中概率选）,否,HOME,AWAY,3,2/3,0.46766831743850173,-0.17275201195954826,0.46766831743850173,100,"{2: 50.0, 3: 50.0}",命中,107.50000000000003,否,-503077.5,0
2022-02-09,2022-02,方案B（P：按命中概率选）,否,HOME,AWAY,2,2/3,0.46766831743850173,-0.19630141481193064,0.46766831743850173,100,"{2: 50.0, 3: 50.0}",命中,62.5,否,-503015.0,0
2022-02-09,2022-02,方案B（P：按命中概率选）,否,HOME,AWAY,1,2/3,0.46766831743850173,-0.13725154651423876,0.46766831743850173,100,"{2: 50.0, 3: 50.0}",未命中,-100.0,否,-503115.0,1
2022-02-09,2022-02,方案B（P：按命中概率选）,否,HOME,AWAY,3,2/3,0.46766831743850173,-0.1738413015187994,0.46766831743850173,300,"{2: 150.0, 3: 150.0}",命中,210.0,否,-502905.0,0
2022-02-09,2022-02,方案B（P：按命中概率选）,否,HOME,AWAY,2,2/3,0.46766831743850173,-0.16214959358283676,0.46766831743850173,100,"{2: 50.0, 3: 50.0}",命中,85.0,否,-502820.0,0
2022-02-09,2022-02,方案B（P：按命中概率选）,否,HOME,AWAY,2,2/3,0.46766831743850173,-0.14120411148637868,0.46766831743850173,100,"{2: 50.0, 3: 50.0}",命中,100.0,否,-502720.0,0
2022-02-09,2022-02,方案B（P：按命中概率选）,否,HOME,AWAY,4,2/3,0.46766831743850173,-0.1683741053499863,0.46766831743850173,100,"{2: 50.0, 3: 50.0}",未命中,-100.0,否,-502820.0,1
2022-02-10,2022-02,方案B（P：按命中概率选）,否,HOME,AWAY,2,2/3,0.46766831743850173,-0.2149749501133793,0.46766831743850173,300,"{2: 150.0, 3: 150.0}",命中,165.0,否,-502655.0,0
2022-02-10,2022-02,方案B（P：按命中概率选）,否,HOME,AWAY,1,2/3,0.46766831743850173,-0.08897008357371539,0.46766831743850173,100,"{2: 50.0, 3: 50.0}",未命中,-100.0,否,-502755.0,1
2022-02-10,2022-02,方案B（P：按命中概率选）,否,HOME,AWAY,2,2/3,0.46766831743850173,-0.19083421864311756,0.46766831743850173,300,"{2: 150.0, 3: 150.0}",命中,187.5,否,-502567.5,0
2022-02-10,2022-02,方案B（P：按命中概率选）,否,HOME,AWAY,2,2/3,0.46766831743850173,0.08077235231645252,0.46766831743850173,100,"{2: 50.0, 3: 50.0}",命中,165.0,否,-502402.5,0
2022-02-10,2022-02,方案B（P：按命中概率选）,否,HOME,AWAY,5,2/3,0.46766831743850173,-0.15516776621735073,0.46766831743850173,100,"{2: 50.0, 3: 50.0}",未命中,-100.0,否,-502502.5,1
2022-02-10,2022-02,方案B（P：按命中概率选）,否,HOME,AWAY,2,2/3,0.46766831743850173,-0.21573226571171578,0.46766831743850173,300,"{2: 150.0, 3: 150.0}",命中,157.5,否,-502345.0,0
2022-02-10,2022-02,方案B（P：按命中概率选）,否,HOME,AWAY,6,2/3,0.46766831743850173,-0.1481859388518647,0.46766831743850173,100,"{2: 50.0, 3: 50.0}",未命中,-100.0,否,-502445.0,1
2022-02-10,2022-02,方案B（P：按命中概率选）,否,HOME,AWAY,4,2/3,0.46766831743850173,-0.15516776621735073,0.46766831743850173,300,"{2: 150.0, 3: 150.0}",未命中,-300.0,否,-502745.0,2
2022-02-10,2022-02,方案B（P：按命中概率选）,否,HOME,AWAY,3,2/3,0.46766831743850173,-0.1729179989400056,0.46766831743850173,900,"{2: 450.0, 3: 450.0}",命中,787.5,否,-501957.5,0
2022-03-01,2022-03,方案B（P：按命中概率选）,否,HOME,AWAY,4,2/3,0.46766831743850173,-0.11782069561445363,0.46766831743850173,100,"{2: 50.0, 3: 50.0}",未命中,-100.0,否,-502057.5,1
2022-03-01,2022-03,方案B（P：按命中概率选）,否,HOME,AWAY,0,2/3,0.46766831743850173,-0.20479787337408983,0.46766831743850173,300,"{2: 150.0, 3: 150.0}",未命中,-300.0,否,-502357.5,2
2022-03-01,2022-03,方案B（P：按命中概率选）,否,HOME,AWAY,0,2/3,0.46766831743850173,-0.13405629714043532,0.46766831743850173,900,"{2: 450.0, 3: 450.0}",未命中,-900.0,否,-503257.5,3
2022-03-01,2022-03,方案B（P：按命中概率选）,否,HOME,AWAY,1,2/3,0.46766831743850173,-0.19462079663480025,0.46766831743850173,2700,"{2: 1350.0, 3: 1350.0}",未命中,-2700.0,否,-505957.5,4
2022-03-01,2022-03,方案B（P：按命中概率选）,否,HOME,AWAY,0,2/3,0.46766831743850173,-0.15635042345310923,0.46766831743850173,8100,"{2: 4050.0, 3: 4050.0}",未命中,-8100.0,否,-514057.5,5
2022-03-02,2022-03,方案B（P：按命中概率选）,否,HOME,AWAY,0,2/3,0.46766831743850173,-0.19554409921359417,0.46766831743850173,24300,"{2: 12150.0, 3: 12150.0}",未命中,-24300.0,否,-538357.5,6
2022-03-02,2022-03,方案B（P：按命中概率选）,否,HOME,AWAY,2,2/3,0.46766831743850173,0.17338271322535892,0.46766831743850173,72900,"{2: 36450.0, 3: 36450.0}",命中,145800.0,否,-392557.5,0
2022-03-02,2022-03,方案B（P：按命中概率选）,否,HOME,AWAY,2,2/3,0.46766831743850173,-0.18931958744644461,0.46766831743850173,100,"{2: 50.0, 3: 50.0}",命中,67.5,否,-392490.0,0
2022-03-02,2022-03,方案B（P：按命中概率选）,否,HOME,AWAY,0,2/3,0.46766831743850173,-0.17459861711713587,0.46766831743850173,100,"{2: 50.0, 3: 50.0}",未命中,-100.0,否,-392590.0,1
2022-03-02,2022-03,方案B（P：按命中概率选）,否,HOME,AWAY,1,2/3,0.46766831743850173,-0.19462079663480025,0.46766831743850173,300,"{2: 150.0, 3: 150.0}",未命中,-300.0,否,-392890.0,2
2022-03-02,2022-03,方案B（P：按命中概率选）,否,HOME,AWAY,2,2/3,0.46766831743850173,-0.18688165367097764,0.46766831743850173,900,"{2: 450.0, 3: 450.0}",命中,517.5,否,-392372.5,0
2022-03-02,2022-03,方案B（P：按命中概率选）,否,HOME,AWAY,1,2/3,0.46766831743850173,-0.20328324217741667,0.46766831743850173,100,"{2: 50.0, 3: 50.0}",未命中,-100.0,否,-392472.5,1
2022-03-02,2022-03,方案B（P：按命中概率选）,否,HOME,AWAY,1,2/3,0.46766831743850173,-0.1683741053499863,0.46766831743850173,300,"{2: 150.0, 3: 150.0}",未命中,-300.0,否,-392772.5,2
2022-03-02,2022-03,方案B（P：按命中概率选）,否,HOME,AWAY,1,2/3,0.46766831743850173,-0.1978160460086037,0.46766831743850173,900,"{2: 450.0, 3: 450.0}",未命中,-900.0,否,-393672.5,3
2022-03-02,2022-03,方案B（P：按命中概率选）,否,HOME,AWAY,3,2/3,0.46766831743850173,-0.2064784915512201,0.46766831743850173,2700,"{2: 1350.0, 3: 1350.0}",命中,2025.0,否,-391647.5,0
2022-03-03,2022-03,方案B（P：按命中概率选）,否,HOME,AWAY,4,2/3,0.46766831743850173,-0.05162301297081828,0.46766831743850173,100,"{2: 50.0, 3: 50.0}",未命中,-100.0,否,-391747.5,1
2022-04-02,2022-04,方案B（P：按命中概率选）,否,HOME,AWAY,3,2/3,0.4704865158391955,-0.093796438860275,0.4704865158391955,300,"{2: 150.0, 3: 150.0}",命中,232.5,否,-391515.0,0
2022-04-02,2022-04,方案B（P：按命中概率选）,否,HOME,AWAY,3,2/3,0.4704865158391955,-0.03149575187277698,0.4704865158391955,100,"{2: 50.0, 3: 50.0}",命中,82.5,否,-391432.5,0
2022-04-02,2022-04,方案B（P：按命中概率选）,否,HOME,AWAY,6,2/3,0.4704865158391955,-0.10969474695044557,0.4704865158391955,100,"{2: 50.0, 3: 50.0}",未命中,-100.0,否,-391532.5,1
2022-04-02,2022-04,方案B（P：按命中概率选）,否,HOME,AWAY,5,2/3,0.4704865158391955,-0.18479163313247093,0.4704865158391955,300,"{2: 150.0, 3: 150.0}",未命中,-300.0,否,-391832.5,2
2022-04-02,2022-04,方案B（P：按命中概率选）,否,HOME,AWAY,1,2/3,0.4704865158391955,-0.20185323205850758,0.4704865158391955,900,"{2: 450.0, 3: 450.0}",未命中,-900.0,否,-392732.5,3
2022-04-02,2022-04,方案B（P：按命中概率选）,否,HOME,AWAY,5,2/3,0.4704865158391955,-0.1819480333114648,0.4704865158391955,2700,"{2: 1350.0, 3: 1350.0}",未命中,-2700.0,否,-395432.5,4
2022-04-02,2022-04,方案B（P：按命中概率选）,否,HOME,AWAY,5,2/3,0.4704865158391955,-0.14019881775760212,0.4704865158391955,8100,"{2: 4050.0, 3: 4050.0}",未命中,-8100.0,否,-403532.5,5
2022-04-02,2022-04,方案B（P：按命中概率选）,否,HOME,AWAY,2,2/3,0.4704865158391955,-0.2006899412226415,0.4704865158391955,24300,"{2: 12150.0, 3: 12150.0}",命中,13972.5,否,-389560.0,0
2022-04-02,2022-04,方案B（P：按命中概率选）,否,HOME,AWAY,3,2/3,0.4704865158391955,-0.1602332710419634,0.4704865158391955,100,"{2: 50.0, 3: 50.0}",命中,67.5,否,-389492.5,0
2022-04-02,2022-04,方案B（P：按命中概率选）,否,HOME,AWAY,2,2/3,0.4704865158391955,0.12554851096915232,0.4704865158391955,100,"{2: 50.0, 3: 50.0}",命中,154.99999999999997,否,-389337.5,0
2022-04-02,2022-04,方案B（P：按命中概率选）,否,HOME,AWAY,5,2/3,0.4704865158391955,-0.13903552692173604,0.4704865158391955,100,"{2: 50.0, 3: 50.0}",未命中,-100.0,否,-389437.5,1
2022-04-02,2022-04,方案B（P：按命中概率选）,否,HOME,AWAY,3,2/3,0.4704865158391955,-0.04442120560462304,0.4704865158391955,300,"{2: 150.0, 3: 150.0}",命中,247.5,否,-389190.0,0
2022-04-02,2022-04,方案B（P：按命中概率选）,否,HOME,AWAY,5,2/3,0.4704865158391955,-0.14084509044419447,0.4704865158391955,100,"{2: 50.0, 3: 50.0}",未命中,-100.0,否,-389290.0,1
2022-04-02,2022-04,方案B（P：按命中概率选）,否,HOME,AWAY,4,2/3,0.4704865158391955,-0.1279196367123483,0.4704865158391955,300,"{2: 150.0, 3: 150.0}",未命中,-300.0,否,-389590.0,2
2022-04-02,2022-04,方案B（P：按命中概率选）,否,HOME,AWAY,3,2/3,0.4704865158391955,-0.11732076465223462,0.4704865158391955,900,"{2: 450.0, 3: 450.0}",命中,652.5,否,-388937.5,0
2022-04-02,2022-04,方案B（P：按命中概率选）,否,HOME,AWAY,6,2/3,0.4704865158391955,-0.19836335955090922,0.4704865158391955,100,"{2: 50.0, 3: 50.0}",未命中,-100.0,否,-389037.5,1
2022-05-01,2022-05,方案B（P：按命中概率选）,否,HOME,AWAY,3,2/3,0.4667112786483182,-0.1867051361153811,0.4667112786483182,300,"{2: 150.0, 3: 150.0}",命中,262.5,否,-388775.0,0
2022-05-01,2022-05,方案B（P：按命中概率选）,否,HOME,AWAY,2,2/3,0.4667112786483182,-0.1441738567504749,0.4667112786483182,100,"{2: 50.0, 3: 50.0}",命中,57.5,否,-388717.5,0
2022-05-01,2022-05,方案B（P：按命中概率选）,否,HOME,AWAY,2,2/3,0.4667112786483182,-0.18121623250727104,0.4667112786483182,100,"{2: 50.0, 3: 50.0}",命中,62.5,否,-388655.0,0
2022-05-01,2022-05,方案B（P：按命中概率选）,否,HOME,AWAY,1,2/3,0.4667112786483182,-0.11255859581820793,0.4667112786483182,100,"{2: 50.0, 3: 50.0}",未命中,-100.0,否,-388755.0,1
2022-05-01,2022-05,方案B（P：按命中概率选）,否,HOME,AWAY,4,2/3,0.4667112786483182,-0.19906289283157674,0.4667112786483182,300,"{2: 150.0, 3: 150.0}",未命中,-300.0,否,-389055.0,2
2022-05-01,2022-05,方案B（P：按命中概率选）,否,HOME,AWAY,4,2/3,0.4667112786483182,-0.09057208699397679,0.4667112786483182,900,"{2: 450.0, 3: 450.0}",未命中,-900.0,否,-389955.0,3
2022-05-01,2022-05,方案B（P：按命中概率选）,否,HOME,AWAY,2,2/3,0.4667112786483182,-0.20524177118967446,0.4667112786483182,2700,"{2: 1350.0, 3: 1350.0}",命中,1485.0,否,-388470.0,0
2022-05-01,2022-05,方案B（P：按命中概率选）,否,HOME,AWAY,3,2/3,0.4667112786483182,0.1078111008233491,0.4667112786483182,100,"{2: 50.0, 3: 50.0}",命中,95.0,否,-388375.0,0
2022-05-01,2022-05,方案B（P：按命中概率选）,否,HOME,AWAY,3,2/3,0.4667112786483182,-0.13862316435878363,0.4667112786483182,100,"{2: 50.0, 3: 50.0}",命中,70.0,否,-388305.0,0
2022-05-01,2022-05,方案B（P：按命中概率选）,否,HOME,AWAY,4,2/3,0.4667112786483182,-0.0720354519196833,0.4667112786483182,100,"{2: 50.0, 3: 50.0}",未命中,-100.0,否,-388405.0,1
2022-05-01,2022-05,方案B（P：按命中概率选）,否,HOME,AWAY,3,2/3,0.4667112786483182,-0.1997528675815643,0.4667112786483182,300,"{2: 150.0, 3: 150.0}",命中,270.0,否,-388135.0,0
2022-05-01,2022-05,方案B（P：按命中概率选）,否,HOME,AWAY,3,2/3,0.4667112786483182,-0.18325526236544332,0.4667112786483182,100,"{2: 50.0, 3: 50.0}",命中,75.0,否,-388060.0,0
2022-05-01,2022-05,方案B（P：按命中概率选）,否,HOME,AWAY,6,2/3,0.4667112786483182,-0.19219403972349136,0.4667112786483182,100,"{2: 50.0, 3: 50.0}",未命中,-100.0,否,-388160.0,1
2022-05-01,2022-05,方案B（P：按命中概率选）,否,HOME,AWAY,2,2/3,0.4667112786483182,-0.1867051361153811,0.4667112786483182,300,"{2: 150.0, 3: 150.0}",命中,187.5,否,-387972.5,0
2022-05-01,2022-05,方案B（P：按命中概率选）,否,HOME,AWAY,2,2/3,0.4667112786483182,-0.1915040649735038,0.4667112786483182,100,"{2: 50.0, 3: 50.0}",命中,64.99999999999999,否,-387907.5,0
2022-05-01,2022-05,方案B（P：按命中概率选）,否,HOME,AWAY,3,2/3,0.4667112786483182,-0.1509809210749793,0.4667112786483182,100,"{2: 50.0, 3: 50.0}",命中,70.0,否,-387837.5,0
2022-06-01,2022-06,方案B（P：按命中概率选）,否,HOME,AWAY,5,2/3,0.4592369158468991,-0.2088206547570748,0.4592369158468991,100,"{2: 50.0, 3: 50.0}",未命中,-100.0,否,-387937.5,1
2022-06-01,2022-06,方案B（P：按命中概率选）,否,HOME,AWAY,1,2/3,0.4592369158468991,-0.21506328350164883,0.4592369158468991,300,"{2: 150.0, 3: 150.0}",未命中,-300.0,否,-388237.5,2
2022-06-01,2022-06,方案B（P：按命中概率选）,否,HOME,AWAY,4,2/3,0.4592369158468991,-0.1983440664538778,0.4592369158468991,900,"{2: 450.0, 3: 450.0}",未命中,-900.0,否,-389137.5,3
2022-06-01,2022-06,方案B（P：按命中概率选）,否,HOME,AWAY,3,2/3,0.4592369158468991,-0.17047870470759308,0.4592369158468991,2700,"{2: 1350.0, 3: 1350.0}",命中,2767.5,否,-386370.0,0
2022-06-01,2022-06,方案B（P：按命中概率选）,否,HOME,AWAY,2,2/3,0.4592369158468991,-0.2035823606054763,0.4592369158468991,100,"{2: 50.0, 3: 50.0}",命中,62.5,否,-386307.5,0
2022-06-01,2022-06,方案B（P：按命中概率选）,否,HOME,AWAY,4,2/3,0.4592369158468991,-0.17827706742952154,0.4592369158468991,100,"{2: 50.0, 3: 50.0}",未命中,-100.0,否,-386407.5,1
2022-06-01,2022-06,方案B（P：按命中概率选）,否,HOME,AWAY,3,2/3,0.4592369158468991,-0.1723692168826061,0.4592369158468991,300,"{2: 150.0, 3: 150.0}",命中,217.5,否,-386190.0,0
2022-06-01,2022-06,方案B（P：按命中概率选）,否,HOME,AWAY,2,2/3,0.4592369158468991,-0.18262918399908268,0.4592369158468991,100,"{2: 50.0, 3: 50.0}",命中,52.499999999999986,否,-386137.5,0
2022-06-01,2022-06,方案B（P：按命中概率选）,否,HOME,AWAY,1,2/3,0.4592369158468991,-0.13737504880970985,0.4592369158468991,100,"{2: 50.0, 3: 50.0}",未命中,-100.0,否,-386237.5,1
2022-06-02,2022-06,方案B（P：按命中概率选）,否,HOME,AWAY,3,2/3,0.4592369158468991,-0.20458669519845196,0.4592369158468991,300,"{2: 150.0, 3: 150.0}",命中,277.5,否,-385960.0,0
2022-06-02,2022-06,方案B（P：按命中概率选）,否,HOME,AWAY,2,2/3,0.4592369158468991,-0.18262918399908268,0.4592369158468991,100,"{2: 50.0, 3: 50.0}",命中,52.499999999999986,否,-385907.5,0
2022-06-02,2022-06,方案B（P：按命中概率选）,否,HOME,AWAY,1,2/3,0.4592369158468991,-0.21015976754770893,0.4592369158468991,100,"{2: 50.0, 3: 50.0}",未命中,-100.0,否,-386007.5,1
2022-06-02,2022-06,方案B（P：按命中概率选）,否,HOME,AWAY,5,2/3,0.4592369158468991,-0.09032886562110609,0.4592369158468991,300,"{2: 150.0, 3: 150.0}",未命中,-300.0,否,-386307.5,2
2022-06-02,2022-06,方案B（P：按命中概率选）,否,HOME,AWAY,4,2/3,0.4592369158468991,-0.1937753286975965,0.4592369158468991,900,"{2: 450.0, 3: 450.0}",未命中,-900.0,否,-387207.5,3
2022-06-03,2022-06,方案B（P：按命中概率选）,否,HOME,AWAY,2,2/3,0.4592369158468991,-0.18853703454599824,0.4592369158468991,2700,"{2: 1350.0, 3: 1350.0}",命中,1350.0,否,-385857.5,0
2022-06-03,2022-06,方案B（P：按命中概率选）,否,HOME,AWAY,1,2/3,0.4592369158468991,-0.20982498935005034,0.4592369158468991,100,"{2: 50.0, 3: 50.0}",未命中,-100.0,否,-385957.5,1
2022-07-01,2022-07,方案B（P：按命中概率选）,否,HOME,AWAY,3,2/3,0.4652349829692284,-0.18082353853257827,0.4652349829692284,300,"{2: 150.0, 3: 150.0}",命中,314.99999999999994,否,-385642.5,0
2022-07-01,2022-07,方案B（P：按命中概率选）,否,HOME,AWAY,3,2/3,0.4652349829692284,-0.18463593738513062,0.4652349829692284,100,"{2: 50.0, 3: 50.0}",命中,70.0,否,-385572.5,0
2022-07-01,2022-07,方案B（P：按命中概率选）,否,HOME,AWAY,2,2/3,0.4652349829692284,-0.2212308889377057,0.4652349829692284,100,"{2: 50.0, 3: 50.0}",命中,42.5,否,-385530.0,0
2022-07-02,2022-07,方案B（P：按命中概率选）,否,HOME,AWAY,1,2/3,0.4652349829692284,-0.17350454822206318,0.4652349829692284,100,"{2: 50.0, 3: 50.0}",未命中,-100.0,否,-385630.0,1
2022-07-02,2022-07,方案B（P：按命中概率选）,否,HOME,AWAY,2,2/3,0.4652349829692284,-0.2004767604248805,0.4652349829692284,300,"{2: 150.0, 3: 150.0}",命中,180.0,否,-385450.0,0
2022-07-02,2022-07,方案B（P：按命中概率选）,否,HOME,AWAY,1,2/3,0.4652349829692284,-0.17350454822206318,0.4652349829692284,100,"{2: 50.0, 3: 50.0}",未命中,-100.0,否,-385550.0,1
2022-07-02,2022-07,方案B（P：按命中概率选）,否,HOME,AWAY,5,2/3,0.4652349829692284,-0.1827297379588545,0.4652349829692284,300,"{2: 150.0, 3: 150.0}",未命中,-300.0,否,-385850.0,2
2022-07-02,2022-07,方案B（P：按命中概率选）,否,HOME,AWAY,3,2/3,0.4652349829692284,-0.18152689554013468,0.4652349829692284,900,"{2: 450.0, 3: 450.0}",命中,742.5,否,-385107.5,0
2022-07-02,2022-07,方案B（P：按命中概率选）,否,HOME,AWAY,3,2/3,0.4652349829692284,-0.17912121070269515,0.4652349829692284,100,"{2: 50.0, 3: 50.0}",命中,72.50000000000001,否,-385035.0,0
2022-07-02,2022-07,方案B（P：按命中概率选）,否,HOME,AWAY,4,2/3,0.4652349829692284,-0.1827297379588545,0.4652349829692284,100,"{2: 50.0, 3: 50.0}",未命中,-100.0,否,-385135.0,1
2022-07-02,2022-07,方案B（P：按命中概率选）,否,HOME,AWAY,3,2/3,0.4652349829692284,-0.1736064840202598,0.4652349829692284,300,"{2: 150.0, 3: 150.0}",命中,225.0,否,-384910.0,0
2022-07-02,2022-07,方案B（P：按命中概率选）,否,HOME,AWAY,3,2/3,0.4652349829692284,-0.21090479258039152,0.4652349829692284,100,"{2: 50.0, 3: 50.0}",命中,77.49999999999999,否,-384832.5,0
2022-07-02,2022-07,方案B（P：按命中概率选）,否,HOME,AWAY,3,2/3,0.4652349829692284,-0.19807107558744097,0.4652349829692284,100,"{2: 50.0, 3: 50.0}",命中,75.0,否,-384757.5,0
2022-07-02,2022-07,方案B（P：按命中概率选）,否,HOME,AWAY,1,2/3,0.4652349829692284,-0.18824446464128997,0.4652349829692284,100,"{2: 50.0, 3: 50.0}",未命中,-100.0,否,-384857.5,1
2022-07-02,2022-07,方案B（P：按命中概率选）,否,HOME,AWAY,4,2/3,0.4652349829692284,-0.16367793727591207,0.4652349829692284,300,"{2: 150.0, 3: 150.0}",未命中,-300.0,否,-385157.5,2
2022-07-02,2022-07,方案B（P：按命中概率选）,否,HOME,AWAY,3,2/3,0.4652349829692284,-0.1381124390882078,0.4652349829692284,900,"{2: 450.0, 3: 450.0}",命中,720.0,否,-384437.5,0
2022-08-01,2022-08,方案B（P：按命中概率选）,否,HOME,AWAY,3,2/3,0.464831053504909,-0.11276440187635828,0.464831053504909,100,"{2: 50.0, 3: 50.0}",命中,72.50000000000001,否,-384365.0,0
2022-08-01,2022-08,方案B（P：按命中概率选）,否,HOME,AWAY,4,2/3,0.464831053504909,-0.19264580142552878,0.464831053504909,100,"{2: 50.0, 3: 50.0}",未命中,-100.0,否,-384465.0,1
2022-08-01,2022-08,方案B（P：按命中概率选）,否,HOME,AWAY,1,2/3,0.464831053504909,-0.1949638565479942,0.464831053504909,300,"{2: 150.0, 3: 150.0}",未命中,-300.0,否,-384765.0,2
2022-08-01,2022-08,方案B（P：按命中概率选）,否,HOME,AWAY,3,2/3,0.464831053504909,-0.18422760124394388,0.464831053504909,900,"{2: 450.0, 3: 450.0}",命中,585.0,否,-384180.0,0
2022-08-01,2022-08,方案B（P：按命中概率选）,否,HOME,AWAY,4,2/3,0.464831053504909,-0.0767430453022575,0.464831053504909,100,"{2: 50.0, 3: 50.0}",未命中,-100.0,否,-384280.0,1
2022-08-02,2022-08,方案B（P：按命中概率选）,否,HOME,AWAY,2,2/3,0.464831053504909,-0.20048448782649742,0.464831053504909,300,"{2: 150.0, 3: 150.0}",命中,187.5,否,-384092.5,0
2022-08-02,2022-08,方案B（P：按命中概率选）,否,HOME,AWAY,4,2/3,0.464831053504909,-0.14384464095257243,0.464831053504909,100,"{2: 50.0, 3: 50.0}",未命中,-100.0,否,-384192.5,1
2022-08-02,2022-08,方案B（P：按命中概率选）,否,HOME,AWAY,0,2/3,0.464831053504909,-0.21442331928658565,0.464831053504909,300,"{2: 150.0, 3: 150.0}",未命中,-300.0,否,-384492.5,2
2022-08-02,2022-08,方案B（P：按命中概率选）,否,HOME,AWAY,1,2/3,0.464831053504909,-0.22546458184359186,0.464831053504909,900,"{2: 450.0, 3: 450.0}",未命中,-900.0,否,-385392.5,3
2022-08-02,2022-08,方案B（P：按命中概率选）,否,HOME,AWAY,1,2/3,0.464831053504909,-0.18160453886852235,0.464831053504909,2700,"{2: 1350.0, 3: 1350.0}",未命中,-2700.0,否,-388092.5,4
2022-08-02,2022-08,方案B（P：按命中概率选）,否,HOME,AWAY,3,2/3,0.464831053504909,-0.17550439380940297,0.464831053504909,8100,"{2: 4050.0, 3: 4050.0}",命中,6480.0,否,-381612.5,0
2022-08-02,2022-08,方案B（P：按命中概率选）,否,HOME,AWAY,2,2/3,0.464831053504909,-0.17550439380940297,0.464831053504909,100,"{2: 50.0, 3: 50.0}",命中,75.0,否,-381537.5,0
2022-08-03,2022-08,方案B（P：按命中概率选）,否,HOME,AWAY,2,2/3,0.464831053504909,-0.18392259399098787,0.464831053504909,100,"{2: 50.0, 3: 50.0}",命中,62.5,否,-381475.0,0
2022-08-03,2022-08,方案B（P：按命中概率选）,否,HOME,AWAY,3,2/3,0.464831053504909,-0.1801405040543338,0.464831053504909,100,"{2: 50.0, 3: 50.0}",命中,100.0,否,-381375.0,0
2022-08-03,2022-08,方案B（P：按命中概率选）,否,HOME,AWAY,5,2/3,0.464831053504909,-0.09562299426023246,0.464831053504909,100,"{2: 50.0, 3: 50.0}",未命中,-100.0,否,-381475.0,1
2022-08-03,2022-08,方案B（P：按命中概率选）,否,HOME,AWAY,1,2/3,0.464831053504909,-0.20310755020191884,0.464831053504909,300,"{2: 150.0, 3: 150.0}",未命中,-300.0,否,-381775.0,2
2022-09-01,2022-09,方案B（P：按命中概率选）,否,HOME,AWAY,2,2/3,0.462846119670143,-0.2085813485015211,0.462846119670143,900,"{2: 450.0, 3: 450.0}",命中,585.0,否,-381190.0,0
2022-09-01,2022-09,方案B（P：按命中概率选）,否,HOME,AWAY,6,2/3,0.462846119670143,0.08334919885292869,0.462846119670143,100,"{2: 50.0, 3: 50.0}",未命中,-100.0,否,-381290.0,1
2022-09-01,2022-09,方案B（P：按命中概率选）,否,HOME,AWAY,3,2/3,0.462846119670143,-0.1830283856447319,0.462846119670143,300,"{2: 150.0, 3: 150.0}",命中,210.0,否,-381080.0,0
2022-09-01,2022-09,方案B（P：按命中概率选）,否,HOME,AWAY,2,2/3,0.462846119670143,-0.1176995843787898,0.462846119670143,100,"{2: 50.0, 3: 50.0}",命中,104.99999999999997,否,-380975.0,0
2022-09-01,2022-09,方案B（P：按命中概率选）,否,HOME,AWAY,3,2/3,0.462846119670143,-0.1176995843787898,0.462846119670143,100,"{2: 50.0, 3: 50.0}",命中,75.0,否,-380900.0,0
2022-09-01,2022-09,方案B（P：按命中概率选）,否,HOME,AWAY,3,2/3,0.462846119670143,0.018502528961642728,0.462846119670143,100,"{2: 50.0, 3: 50.0}",命中,87.5,否,-380812.5,0
2022-09-01,2022-09,方案B（P：按命中概率选）,否,HOME,AWAY,0,2/3,0.462846119670143,-0.22714340642579245,0.462846119670143,100,"{2: 50.0, 3: 50.0}",未命中,-100.0,否,-380912.5,1
2022-09-02,2022-09,方案B（P：按命中概率选）,否,HOME,AWAY,2,2/3,0.462846119670143,-0.12975286874519987,0.462846119670143,300,"{2: 150.0, 3: 150.0}",命中,300.0,否,-380612.5,0
2022-09-02,2022-09,方案B（P：按命中概率选）,否,HOME,AWAY,1,2/3,0.462846119670143,-0.13023500011985623,0.462846119670143,100,"{2: 50.0, 3: 50.0}",未命中,-100.0,否,-380712.5,1
2022-09-02,2022-09,方案B（P：按命中概率选）,否,HOME,AWAY,4,2/3,0.462846119670143,-0.1765196120868705,0.462846119670143,300,"{2: 150.0, 3: 150.0}",未命中,-300.0,否,-381012.5,2
2022-09-02,2022-09,方案B（P：按命中概率选）,否,HOME,AWAY,2,2/3,0.462846119670143,-0.1830283856447319,0.462846119670143,900,"{2: 450.0, 3: 450.0}",命中,742.5,否,-380270.0,0
2022-09-02,2022-09,方案B（P：按命中概率选）,否,HOME,AWAY,1,2/3,0.462846119670143,-0.1663948532190862,0.462846119670143,100,"{2: 50.0, 3: 50.0}",未命中,-100.0,否,-380370.0,1
2022-09-02,2022-09,方案B（P：按命中概率选）,否,HOME,AWAY,3,2/3,0.462846119670143,-0.17603748071221414,0.462846119670143,300,"{2: 150.0, 3: 150.0}",命中,195.0,否,-380175.0,0
2022-09-02,2022-09,方案B（P：按命中概率选）,否,HOME,AWAY,1,2/3,0.462846119670143,-0.1919478160758753,0.462846119670143,100,"{2: 50.0, 3: 50.0}",未命中,-100.0,否,-380275.0,1
2022-09-03,2022-09,方案B（P：按命中概率选）,否,HOME,AWAY,0,2/3,0.462846119670143,-0.08901276758673404,0.462846119670143,300,"{2: 150.0, 3: 150.0}",未命中,-300.0,否,-380575.0,2
2022-09-03,2022-09,方案B（P：按命中概率选）,否,HOME,AWAY,4,2/3,0.462846119670143,-0.140841890362297,0.462846119670143,900,"{2: 450.0, 3: 450.0}",未命中,-900.0,否,-381475.0,3
2022-10-01,2022-10,方案B（P：按命中概率选）,否,HOME,AWAY,3,2/3,0.4572064284016747,-0.15948854031937654,0.4572064284016747,2700,"{2: 1350.0, 3: 1350.0}",命中,2160.0,否,-379315.0,0
2022-10-01,2022-10,方案B（P：按命中概率选）,否,HOME,AWAY,2,2/3,0.4572064284016747,-0.2354947240690155,0.4572064284016747,100,"{2: 50.0, 3: 50.0}",命中,55.0,否,-379260.0,0
2022-10-01,2022-10,方案B（P：按命中概率选）,否,HOME,AWAY,4,2/3,0.4572064284016747,-0.18766929460193493,0.4572064284016747,100,"{2: 50.0, 3: 50.0}",未命中,-100.0,否,-379360.0,1
2022-10-06,2022-10,方案B（P：按命中概率选）,否,HOME,AWAY,5,2/3,0.4572064284016747,0.1599712966098754,0.4572064284016747,300,"{2: 150.0, 3: 150.0}",未命中,-300.0,否,-379660.0,2
2022-10-06,2022-10,方案B（P：按命中概率选）,否,HOME,AWAY,3,2/3,0.4572064284016747,-0.23602092072574377,0.4572064284016747,900,"{2: 450.0, 3: 450.0}",命中,765.0,否,-378895.0,0
2022-10-06,2022-10,方案B（P：按命中概率选）,否,HOME,AWAY,2,2/3,0.4572064284016747,-0.11803593702822723,0.4572064284016747,100,"{2: 50.0, 3: 50.0}",命中,110.0,否,-378785.0,0
2022-10-06,2022-10,方案B（P：按命中概率选）,否,HOME,AWAY,3,2/3,0.4572064284016747,-0.1823488617394602,0.4572064284016747,100,"{2: 50.0, 3: 50.0}",命中,75.0,否,-378710.0,0
2022-10-06,2022-10,方案B（P：按命中概率选）,否,HOME,AWAY,2,2/3,0.4572064284016747,-0.2238014650306095,0.4572064284016747,100,"{2: 50.0, 3: 50.0}",命中,60.000000000000014,否,-378650.0,0
2022-10-06,2022-10,方案B（P：按命中概率选）,否,HOME,AWAY,3,2/3,0.4572064284016747,-0.03670932041611352,0.4572064284016747,100,"{2: 50.0, 3: 50.0}",命中,80.0,否,-378570.0,0
2022-10-07,2022-10,方案B（P：按命中概率选）,否,HOME,AWAY,1,2/3,0.4572064284016747,-0.1940421207778662,0.4572064284016747,100,"{2: 50.0, 3: 50.0}",未命中,-100.0,否,-378670.0,1
2022-10-07,2022-10,方案B（P：按命中概率选）,否,HOME,AWAY,5,2/3,0.4572064284016747,-0.12972919606663336,0.4572064284016747,300,"{2: 150.0, 3: 150.0}",未命中,-300.0,否,-378970.0,2
2022-10-07,2022-10,方案B（P：按命中概率选）,否,HOME,AWAY,3,2/3,0.4572064284016747,-0.18261196006782443,0.4572064284016747,900,"{2: 450.0, 3: 450.0}",命中,697.5,否,-378272.5,0
2022-10-07,2022-10,方案B（P：按命中概率选）,否,HOME,AWAY,3,2/3,0.4572064284016747,-0.1119262091806601,0.4572064284016747,100,"{2: 50.0, 3: 50.0}",命中,72.50000000000001,否,-378200.0,0
2022-10-07,2022-10,方案B（P：按命中概率选）,否,HOME,AWAY,3,2/3,0.4572064284016747,-0.1881954912586632,0.4572064284016747,100,"{2: 50.0, 3: 50.0}",命中,75.0,否,-378125.0,0
2022-10-08,2022-10,方案B（P：按命中概率选）,否,HOME,AWAY,0,2/3,0.4572064284016747,-0.15364191080017353,0.4572064284016747,100,"{2: 50.0, 3: 50.0}",未命中,-100.0,否,-378225.0,1
2022-10-08,2022-10,方案B（P：按命中概率选）,否,HOME,AWAY,5,2/3,0.4572064284016747,-0.234705429083923,0.4572064284016747,300,"{2: 150.0, 3: 150.0}",未命中,-300.0,否,-378525.0,2
2022-11-01,2022-11,方案B（P：按命中概率选）,否,HOME,AWAY,4,2/3,0.45098984720255086,-0.21629163632939274,0.45098984720255086,900,"{2: 450.0, 3: 450.0}",未命中,-900.0,否,-379425.0,3
2022-11-01,2022-11,方案B（P：按命中概率选）,否,HOME,AWAY,3,2/3,0.45098984720255086,-0.10891670458771152,0.45098984720255086,2700,"{2: 1350.0, 3: 1350.0}",命中,2295.0000000000005,否,-377130.0,0
2022-11-01,2022-11,方案B（P：按命中概率选）,否,HOME,AWAY,5,2/3,0.45098984720255086,-0.21137312289513677,0.45098984720255086,100,"{2: 50.0, 3: 50.0}",未命中,-100.0,否,-377230.0,1
2022-11-02,2022-11,方案B（P：按命中概率选）,否,HOME,AWAY,4,2/3,0.45098984720255086,-0.12586665857653234,0.45098984720255086,300,"{2: 150.0, 3: 150.0}",未命中,-300.0,否,-377530.0,2
2022-11-02,2022-11,方案B（P：按命中概率选）,否,HOME,AWAY,3,2/3,0.45098984720255086,-0.20547090677402957,0.45098984720255086,900,"{2: 450.0, 3: 450.0}",命中,787.5,否,-376742.5,0
2022-11-02,2022-11,方案B（P：按命中概率选）,否,HOME,AWAY,1,2/3,0.45098984720255086,-0.23952215362657114,0.45098984720255086,100,"{2: 50.0, 3: 50.0}",未命中,-100.0,否,-376842.5,1
2022-11-02,2022-11,方案B（P：按命中概率选）,否,HOME,AWAY,4,2/3,0.45098984720255086,-0.24512169199787792,0.45098984720255086,300,"{2: 150.0, 3: 150.0}",未命中,-300.0,否,-377142.5,2
2022-11-02,2022-11,方案B（P：按命中概率选）,否,HOME,AWAY,0,2/3,0.45098984720255086,-0.24512169199787792,0.45098984720255086,900,"{2: 450.0, 3: 450.0}",未命中,-900.0,否,-378042.5,3
2022-11-02,2022-11,方案B（P：按命中概率选）,否,HOME,AWAY,1,2/3,0.45098984720255086,-0.23899246756442039,0.45098984720255086,2700,"{2: 1350.0, 3: 1350.0}",未命中,-2700.0,否,-380742.5,4
2022-11-02,2022-11,方案B（P：按命中概率选）,否,HOME,AWAY,0,2/3,0.45098984720255086,-0.13131485807293886,0.45098984720255086,8100,"{2: 4050.0, 3: 4050.0}",未命中,-8100.0,否,-388842.5,5
2022-11-02,2022-11,方案B（P：按命中概率选）,否,HOME,AWAY,3,2/3,0.45098984720255086,-0.17111698217168758,0.45098984720255086,24300,"{2: 12150.0, 3: 12150.0}",命中,18832.499999999996,否,-370010.0,0
2022-11-02,2022-11,方案B（P：按命中概率选）,否,HOME,AWAY,6,2/3,0.45098984720255086,-0.07486545773516995,0.45098984720255086,100,"{2: 50.0, 3: 50.0}",未命中,-100.0,否,-370110.0,1
2022-11-02,2022-11,方案B（P：按命中概率选）,否,HOME,AWAY,3,2/3,0.45098984720255086,-0.18821827503540844,0.45098984720255086,300,"{2: 150.0, 3: 150.0}",命中,240.0,否,-369870.0,0
2022-11-02,2022-11,方案B（P：按命中概率选）,否,HOME,AWAY,2,2/3,0.45098984720255086,-0.04096554975752853,0.45098984720255086,100,"{2: 50.0, 3: 50.0}",命中,135.0,否,-369735.0,0
2022-11-02,2022-11,方案B（P：按命中概率选）,否,HOME,AWAY,1,2/3,0.45098984720255086,-0.24466767537317735,0.45098984720255086,100,"{2: 50.0, 3: 50.0}",未命中,-100.0,否,-369835.0,1
2022-11-02,2022-11,方案B（P：按命中概率选）,否,HOME,AWAY,2,2/3,0.45098984720255086,-0.0975662889701977,0.45098984720255086,300,"{2: 150.0, 3: 150.0}",命中,345.0,否,-369490.0,0
2022-12-01,2022-12,方案B（P：按命中概率选）,否,HOME,AWAY,3,2/3,0.4608591946156517,-0.16767240282776685,0.4608591946156517,100,"{2: 50.0, 3: 50.0}",命中,62.5,否,-369427.5,0
2022-12-01,2022-12,方案B（P：按命中概率选）,否,HOME,AWAY,2,2/3,0.4608591946156517,-0.2066070589246065,0.4608591946156517,100,"{2: 50.0, 3: 50.0}",命中,62.5,否,-369365.0,0
2022-12-01,2022-12,方案B（P：按命中概率选）,否,HOME,AWAY,3,2/3,0.4608591946156517,-0.21256644506187783,0.4608591946156517,100,"{2: 50.0, 3: 50.0}",命中,82.5,否,-369282.5,0
2022-12-01,2022-12,方案B（P：按命中概率选）,否,HOME,AWAY,0,2/3,0.4608591946156517,-0.20620976651545497,0.4608591946156517,100,"{2: 50.0, 3: 50.0}",未命中,-100.0,否,-369382.5,1
2022-12-02,2022-12,方案B（P：按命中概率选）,否,HOME,AWAY,3,2/3,0.4608591946156517,-0.16330218632710114,0.4608591946156517,300,"{2: 150.0, 3: 150.0}",命中,217.5,否,-369165.0,0
2022-12-02,2022-12,方案B（P：按命中概率选）,否,HOME,AWAY,6,2/3,0.4608591946156517,-0.010741901212954375,0.4608591946156517,100,"{2: 50.0, 3: 50.0}",未命中,-100.0,否,-369265.0,1
2022-12-02,2022-12,方案B（P：按命中概率选）,否,HOME,AWAY,2,2/3,0.4608591946156517,-0.21812853878999772,0.4608591946156517,300,"{2: 150.0, 3: 150.0}",命中,180.0,否,-369085.0,0
2022-12-02,2022-12,方案B（P：按命中概率选）,否,HOME,AWAY,3,2/3,0.4608591946156517,-0.1867424384670353,0.4608591946156517,100,"{2: 50.0, 3: 50.0}",命中,70.0,否,-369015.0,0
2022-12-03,2022-12,方案B（P：按命中概率选）,否,HOME,AWAY,5,2/3,0.4608591946156517,-0.21177186024357497,0.4608591946156517,100,"{2: 50.0, 3: 50.0}",未命中,-100.0,否,-369115.0,1
2022-12-03,2022-12,方案B（P：按命中概率选）,否,HOME,AWAY,1,2/3,0.4608591946156517,-0.13906734936886433,0.4608591946156517,300,"{2: 150.0, 3: 150.0}",未命中,-300.0,否,-369415.0,2
2022-12-03,2022-12,方案B（P：按命中概率选）,否,HOME,AWAY,4,2/3,0.4608591946156517,-0.2077989361520607,0.4608591946156517,900,"{2: 450.0, 3: 450.0}",未命中,-900.0,否,-370315.0,3
2022-12-04,2022-12,方案B（P：按命中概率选）,否,HOME,AWAY,3,2/3,0.4608591946156517,-0.16290489391794982,0.4608591946156517,2700,"{2: 1350.0, 3: 1350.0}",命中,1890.0,否,-368425.0,0
2022-12-04,2022-12,方案B（P：按命中概率选）,否,HOME,AWAY,4,2/3,0.4608591946156517,-0.18713973087618663,0.4608591946156517,100,"{2: 50.0, 3: 50.0}",未命中,-100.0,否,-368525.0,1
2022-12-05,2022-12,方案B（P：按命中概率选）,否,HOME,AWAY,3,2/3,0.4608591946156517,-0.21892312360830057,0.4608591946156517,300,"{2: 150.0, 3: 150.0}",命中,255.0,否,-368270.0,0
2022-12-05,2022-12,方案B（P：按命中概率选）,否,HOME,AWAY,2,2/3,0.4608591946156517,-0.20819622856121212,0.4608591946156517,100,"{2: 50.0, 3: 50.0}",命中,52.499999999999986,否,-368217.5,0
2022-12-06,2022-12,方案B（P：按命中概率选）,否,HOME,AWAY,5,2/3,0.4608591946156517,-0.16330218632710114,0.4608591946156517,100,"{2: 50.0, 3: 50.0}",未命中,-100.0,否,-368317.5,1
2023-01-01,2023-01,方案B（P：按命中概率选）,否,HOME,AWAY,2,2/3,0.4683645623063804,-0.09432820465247516,0.4683645623063804,300,"{2: 150.0, 3: 150.0}",命中,314.99999999999994,否,-368002.5,0
2023-01-01,2023-01,方案B（P：按命中概率选）,否,HOME,AWAY,4,2/3,0.4683645623063804,-0.15612978526696675,0.4683645623063804,100,"{2: 50.0, 3: 50.0}",未命中,-100.0,否,-368102.5,1
2023-01-01,2023-01,方案B（P：按命中概率选）,否,HOME,AWAY,1,2/3,0.4683645623063804,-0.11774643276779417,0.4683645623063804,300,"{2: 150.0, 3: 150.0}",未命中,-300.0,否,-368402.5,2
2023-01-01,2023-01,方案B（P：按命中概率选）,否,HOME,AWAY,2,2/3,0.4683645623063804,-0.20703625440534734,0.4683645623063804,900,"{2: 450.0, 3: 450.0}",命中,540.0000000000001,否,-367862.5,0
2023-01-01,2023-01,方案B（P：按命中概率选）,否,HOME,AWAY,2,2/3,0.4683645623063804,-0.12482199366894675,0.4683645623063804,100,"{2: 50.0, 3: 50.0}",命中,95.0,否,-367767.5,0
2023-01-01,2023-01,方案B（P：按命中概率选）,否,HOME,AWAY,1,2/3,0.4683645623063804,-0.2024027012488404,0.4683645623063804,100,"{2: 50.0, 3: 50.0}",未命中,-100.0,否,-367867.5,1
2023-01-01,2023-01,方案B（P：按命中概率选）,否,HOME,AWAY,1,2/3,0.4683645623063804,-0.20703625440534734,0.4683645623063804,300,"{2: 150.0, 3: 150.0}",未命中,-300.0,否,-368167.5,2
2023-01-01,2023-01,方案B（P：按命中概率选）,否,HOME,AWAY,2,2/3,0.4683645623063804,-0.20077469608574328,0.4683645623063804,900,"{2: 450.0, 3: 450.0}",命中,562.5,否,-367605.0,0
2023-01-01,2023-01,方案B（P：按命中概率选）,否,HOME,AWAY,2,2/3,0.4683645623063804,-0.20622225182379883,0.4683645623063804,100,"{2: 50.0, 3: 50.0}",命中,62.5,否,-367542.5,0
2023-01-01,2023-01,方案B（P：按命中概率选）,否,HOME,AWAY,6,2/3,0.4683645623063804,-0.14604867637240426,0.4683645623063804,100,"{2: 50.0, 3: 50.0}",未命中,-100.0,否,-367642.5,1
2023-01-01,2023-01,方案B（P：按命中概率选）,否,HOME,AWAY,3,2/3,0.4683645623063804,-0.2015886986672919,0.4683645623063804,300,"{2: 150.0, 3: 150.0}",命中,247.5,否,-367395.0,0
2023-01-01,2023-01,方案B（P：按命中概率选）,否,HOME,AWAY,3,2/3,0.4683645623063804,-0.209478262149993,0.4683645623063804,100,"{2: 50.0, 3: 50.0}",命中,87.5,否,-367307.5,0
2023-01-01,2023-01,方案B（P：按命中概率选）,否,HOME,AWAY,3,2/3,0.4683645623063804,-0.20540824924225043,0.4683645623063804,100,"{2: 50.0, 3: 50.0}",命中,75.0,否,-367232.5,0
2023-01-02,2023-01,方案B（P：按命中概率选）,否,HOME,AWAY,3,2/3,0.4683645623063804,-0.21955937104455536,0.4683645623063804,100,"{2: 50.0, 3: 50.0}",命中,80.0,否,-367152.5,0
2023-01-02,2023-01,方案B（P：按命中概率选）,否,HOME,AWAY,2,2/3,0.4683645623063804,-0.16320534616811933,0.4683645623063804,100,"{2: 50.0, 3: 50.0}",命中,77.49999999999999,否,-367075.0,0
2023-01-02,2023-01,方案B（P：按命中概率选）,否,HOME,AWAY,2,2/3,0.4683645623063804,-0.1498682269473628,0.4683645623063804,100,"{2: 50.0, 3: 50.0}",命中,85.0,否,-366990.0,0
2023-02-01,2023-02,方案B（P：按命中概率选）,否,HOME,AWAY,1,2/3,0.4697279656095994,-0.17336984591268312,0.4697279656095994,100,"{2: 50.0, 3: 50.0}",未命中,-100.0,否,-367090.0,1
2023-02-01,2023-02,方案B（P：按命中概率选）,否,HOME,AWAY,3,2/3,0.4697279656095994,-0.17893965903059672,0.4697279656095994,300,"{2: 150.0, 3: 150.0}",命中,232.5,否,-366857.5,0
2023-02-01,2023-02,方案B（P：按命中概率选）,否,HOME,AWAY,1,2/3,0.4697279656095994,-0.19646445125521095,0.4697279656095994,100,"{2: 50.0, 3: 50.0}",未命中,-100.0,否,-366957.5,1
2023-02-01,2023-02,方案B（P：按命中概率选）,否,HOME,AWAY,3,2/3,0.4697279656095994,-0.2145610493892688,0.4697279656095994,300,"{2: 150.0, 3: 150.0}",命中,262.5,否,-366695.0,0
2023-02-01,2023-02,方案B（P：按命中概率选）,否,HOME,AWAY,2,2/3,0.4697279656095994,-0.2145610493892688,0.4697279656095994,100,"{2: 50.0, 3: 50.0}",命中,50.0,否,-366645.0,0
2023-02-01,2023-02,方案B（P：按命中概率选）,否,HOME,AWAY,2,2/3,0.4697279656095994,-0.2145610493892688,0.4697279656095994,100,"{2: 50.0, 3: 50.0}",命中,50.0,否,-366595.0,0
2023-02-01,2023-02,方案B（P：按命中概率选）,否,HOME,AWAY,3,2/3,0.4697279656095994,-0.15795226435435172,0.4697279656095994,100,"{2: 50.0, 3: 50.0}",命中,72.50000000000001,否,-366522.5,0
2023-02-01,2023-02,方案B（P：按命中概率选）,否,HOME,AWAY,1,2/3,0.4697279656095994,-0.16526926219556537,0.4697279656095994,100,"{2: 50.0, 3: 50.0}",未命中,-100.0,否,-366622.5,1
2023-02-01,2023-02,方案B（P：按命中概率选）,否,HOME,AWAY,3,2/3,0.4697279656095994,-0.13157506953168463,0.4697279656095994,300,"{2: 150.0, 3: 150.0}",命中,210.0,否,-366412.5,0
2023-02-01,2023-02,方案B（P：按命中概率选）,否,HOME,AWAY,2,2/3,0.4697279656095994,-0.2101348480902423,0.4697279656095994,100,"{2: 50.0, 3: 50.0}",命中,47.500000000000014,否,-366365.0,0
2023-02-02,2023-02,方案B（P：按命中概率选）,否,HOME,AWAY,2,2/3,0.4697279656095994,-0.12618526938526253,0.4697279656095994,100,"{2: 50.0, 3: 50.0}",命中,97.5,否,-366267.5,0
2023-02-02,2023-02,方案B（P：按命中概率选）,否,HOME,AWAY,2,2/3,0.4697279656095994,-0.13889206737289816,0.4697279656095994,100,"{2: 50.0, 3: 50.0}",命中,92.5,否,-366175.0,0
2023-02-02,2023-02,方案B（P：按命中概率选）,否,HOME,AWAY,4,2/3,0.4697279656095994,-0.08363867412332904,0.4697279656095994,100,"{2: 50.0, 3: 50.0}",未命中,-100.0,否,-366275.0,1
2023-02-02,2023-02,方案B（P：按命中概率选）,否,HOME,AWAY,3,2/3,0.4697279656095994,-0.16969546349459175,0.4697279656095994,300,"{2: 150.0, 3: 150.0}",命中,210.0,否,-366065.0,0
2023-02-02,2023-02,方案B（P：按命中概率选）,否,HOME,AWAY,4,2/3,0.4697279656095994,-0.08363867412332904,0.4697279656095994,100,"{2: 50.0, 3: 50.0}",未命中,-100.0,否,-366165.0,1
2023-02-02,2023-02,方案B（P：按命中概率选）,否,HOME,AWAY,5,2/3,0.4697279656095994,-0.19510905946986312,0.4697279656095994,300,"{2: 150.0, 3: 150.0}",未命中,-300.0,否,-366465.0,2
2023-03-01,2023-03,方案B（P：按命中概率选）,否,HOME,AWAY,1,2/3,0.46653911861236785,-0.15473726089502615,0.46653911861236785,900,"{2: 450.0, 3: 450.0}",未命中,-900.0,否,-367365.0,3
2023-03-01,2023-03,方案B（P：按命中概率选）,否,HOME,AWAY,2,2/3,0.46653911861236785,-0.1979353274332083,0.46653911861236785,2700,"{2: 1350.0, 3: 1350.0}",命中,1687.5,否,-365677.5,0
2023-03-01,2023-03,方案B（P：按命中概率选）,否,HOME,AWAY,3,2/3,0.46653911861236785,-0.15948904821422616,0.46653911861236785,100,"{2: 50.0, 3: 50.0}",命中,100.0,否,-365577.5,0
2023-03-01,2023-03,方案B（P：按命中概率选）,否,HOME,AWAY,3,2/3,0.46653911861236785,-0.10536804199424643,0.46653911861236785,100,"{2: 50.0, 3: 50.0}",命中,82.5,否,-365495.0,0
2023-03-01,2023-03,方案B（P：按命中概率选）,否,HOME,AWAY,6,2/3,0.46653911861236785,-0.15948904821422616,0.46653911861236785,100,"{2: 50.0, 3: 50.0}",未命中,-100.0,否,-365595.0,1
2023-03-01,2023-03,方案B（P：按命中概率选）,否,HOME,AWAY,3,2/3,0.46653911861236785,-0.01483723683494187,0.46653911861236785,300,"{2: 150.0, 3: 150.0}",命中,270.0,否,-365325.0,0
2023-03-01,2023-03,方案B（P：按命中概率选）,否,HOME,AWAY,3,2/3,0.46653911861236785,-0.11289684787661525,0.46653911861236785,100,"{2: 50.0, 3: 50.0}",命中,87.5,否,-365237.5,0
2023-03-01,2023-03,方案B（P：按命中概率选）,否,HOME,AWAY,4,2/3,0.46653911861236785,-0.14986205052857415,0.46653911861236785,100,"{2: 50.0, 3: 50.0}",未命中,-100.0,否,-365337.5,1
2023-03-01,2023-03,方案B（P：按命中概率选）,否,HOME,AWAY,0,2/3,0.46653911861236785,-0.15948904821422616,0.46653911861236785,300,"{2: 150.0, 3: 150.0}",未命中,-300.0,否,-365637.5,2
2023-03-02,2023-03,方案B（P：按命中概率选）,否,HOME,AWAY,2,2/3,0.46653911861236785,-0.14239495616983122,0.46653911861236785,900,"{2: 450.0, 3: 450.0}",命中,765.0,否,-364872.5,0
2023-03-02,2023-03,方案B（P：按命中概率选）,否,HOME,AWAY,1,2/3,0.46653911861236785,-0.1553543761312859,0.46653911861236785,100,"{2: 50.0, 3: 50.0}",未命中,-100.0,否,-364972.5,1
2023-03-02,2023-03,方案B（P：按命中概率选）,否,HOME,AWAY,3,2/3,0.46653911861236785,-0.17115252617953536,0.46653911861236785,300,"{2: 150.0, 3: 150.0}",命中,292.5,否,-364680.0,0
2023-03-02,2023-03,方案B（P：按命中概率选）,否,HOME,AWAY,7,2/3,0.46653911861236785,-0.11906800023921282,0.46653911861236785,100,"{2: 50.0, 3: 50.0}",未命中,-100.0,否,-364780.0,1
2023-03-02,2023-03,方案B（P：按命中概率选）,否,HOME,AWAY,3,2/3,0.46653911861236785,-0.0998757163915347,0.46653911861236785,300,"{2: 150.0, 3: 150.0}",命中,255.0,否,-364525.0,0
2023-03-02,2023-03,方案B（P：按命中概率选）,否,HOME,AWAY,1,2/3,0.46653911861236785,-0.14307378292971684,0.46653911861236785,100,"{2: 50.0, 3: 50.0}",未命中,-100.0,否,-364625.0,1
2023-03-02,2023-03,方案B（P：按命中概率选）,否,HOME,AWAY,4,2/3,0.46653911861236785,-0.10536804199424643,0.46653911861236785,300,"{2: 150.0, 3: 150.0}",未命中,-300.0,否,-364925.0,2
2023-04-01,2023-04,方案B（P：按命中概率选）,否,HOME,AWAY,3,2/3,0.45629209331441,-0.21964739959698854,0.45629209331441,900,"{2: 450.0, 3: 450.0}",命中,742.5,否,-364182.5,0
2023-04-01,2023-04,方案B（P：按命中概率选）,否,HOME,AWAY,4,2/3,0.45629209331441,-0.1148864598054149,0.45629209331441,100,"{2: 50.0, 3: 50.0}",未命中,-100.0,否,-364282.5,1
2023-04-01,2023-04,方案B（P：按命中概率选）,否,HOME,AWAY,6,2/3,0.45629209331441,-0.17238857564656762,0.45629209331441,300,"{2: 150.0, 3: 150.0}",未命中,-300.0,否,-364582.5,2
2023-04-01,2023-04,方案B（P：按命中概率选）,否,HOME,AWAY,2,2/3,0.45629209331441,-0.10371195956098034,0.45629209331441,900,"{2: 450.0, 3: 450.0}",命中,944.9999999999998,否,-363637.5,0
2023-04-01,2023-04,方案B（P：按命中概率选）,否,HOME,AWAY,0,2/3,0.45629209331441,-0.18495988842155642,0.45629209331441,100,"{2: 50.0, 3: 50.0}",未命中,-100.0,否,-363737.5,1
2023-04-01,2023-04,方案B（P：按命中概率选）,否,HOME,AWAY,1,2/3,0.45629209331441,-0.1856582946868336,0.45629209331441,300,"{2: 150.0, 3: 150.0}",未命中,-300.0,否,-364037.5,2
2023-04-01,2023-04,方案B（P：按命中概率选）,否,HOME,AWAY,5,2/3,0.45629209331441,-0.17960544038776494,0.45629209331441,900,"{2: 450.0, 3: 450.0}",未命中,-900.0,否,-364937.5,3
2023-04-01,2023-04,方案B（P：按命中概率选）,否,HOME,AWAY,5,2/3,0.45629209331441,-0.1321138143489181,0.45629209331441,2700,"{2: 1350.0, 3: 1350.0}",未命中,-2700.0,否,-367637.5,4
2023-04-01,2023-04,方案B（P：按命中概率选）,否,HOME,AWAY,4,2/3,0.45629209331441,-0.16214528375583592,0.45629209331441,8100,"{2: 4050.0, 3: 4050.0}",未命中,-8100.0,否,-375737.5,5
2023-04-01,2023-04,方案B（P：按命中概率选）,否,HOME,AWAY,2,2/3,0.45629209331441,-0.13793386655956108,0.45629209331441,24300,"{2: 12150.0, 3: 12150.0}",命中,23692.5,否,-352045.0,0
2023-04-01,2023-04,方案B（P：按命中概率选）,否,HOME,AWAY,0,2/3,0.45629209331441,-0.19753120119654533,0.45629209331441,100,"{2: 50.0, 3: 50.0}",未命中,-100.0,否,-352145.0,1
2023-04-01,2023-04,方案B（P：按命中概率选）,否,HOME,AWAY,1,2/3,0.45629209331441,-0.19101274272062518,0.45629209331441,300,"{2: 150.0, 3: 150.0}",未命中,-300.0,否,-352445.0,2
2023-04-01,2023-04,方案B（P：按命中概率选）,否,HOME,AWAY,6,2/3,0.45629209331441,-0.19101274272062518,0.45629209331441,900,"{2: 450.0, 3: 450.0}",未命中,-900.0,否,-353345.0,3
2023-04-01,2023-04,方案B（P：按命中概率选）,否,HOME,AWAY,5,2/3,0.45629209331441,-0.20870570144097977,0.45629209331441,2700,"{2: 1350.0, 3: 1350.0}",未命中,-2700.0,否,-356045.0,4
2023-04-01,2023-04,方案B（P：按命中概率选）,否,HOME,AWAY,2,2/3,0.45629209331441,-0.19753120119654533,0.45629209331441,8100,"{2: 4050.0, 3: 4050.0}",命中,4657.5,否,-351387.5,0
2023-04-01,2023-04,方案B（P：按命中概率选）,否,HOME,AWAY,4,2/3,0.45629209331441,-0.08601900084062564,0.45629209331441,100,"{2: 50.0, 3: 50.0}",未命中,-100.0,否,-351487.5,1
2023-05-01,2023-05,方案B（P：按命中概率选）,否,HOME,AWAY,6,2/3,0.45098984720255086,-0.10316582734150459,0.45098984720255086,300,"{2: 150.0, 3: 150.0}",未命中,-300.0,否,-351787.5,2
2023-05-01,2023-05,方案B（P：按命中概率选）,否,HOME,AWAY,3,2/3,0.45098984720255086,-0.13736841306894632,0.45098984720255086,900,"{2: 450.0, 3: 450.0}",命中,787.5,否,-351000.0,0
2023-05-01,2023-05,方案B（P：按命中概率选）,否,HOME,AWAY,1,2/3,0.45098984720255086,-0.10331716621640474,0.45098984720255086,100,"{2: 50.0, 3: 50.0}",未命中,-100.0,否,-351100.0,1
2023-05-01,2023-05,方案B（P：按命中概率选）,否,HOME,AWAY,2,2/3,0.45098984720255086,-0.18882363053500917,0.45098984720255086,300,"{2: 150.0, 3: 150.0}",命中,180.0,否,-350920.0,0
2023-05-01,2023-05,方案B（P：按命中概率选）,否,HOME,AWAY,0,2/3,0.45098984720255086,-0.18829394447285863,0.45098984720255086,100,"{2: 50.0, 3: 50.0}",未命中,-100.0,否,-351020.0,1
2023-05-02,2023-05,方案B（P：按命中概率选）,否,HOME,AWAY,7,2/3,0.45098984720255086,-0.16566878267528085,0.45098984720255086,300,"{2: 150.0, 3: 150.0}",未命中,-300.0,否,-351320.0,2
2023-05-02,2023-05,方案B（P：按命中概率选）,否,HOME,AWAY,2,2/3,0.45098984720255086,-0.20554657621147965,0.45098984720255086,900,"{2: 450.0, 3: 450.0}",命中,562.5,否,-350757.5,0
2023-05-02,2023-05,方案B（P：按命中概率选）,否,HOME,AWAY,4,2/3,0.45098984720255086,-0.19987136840272268,0.45098984720255086,100,"{2: 50.0, 3: 50.0}",未命中,-100.0,否,-350857.5,1
2023-05-03,2023-05,方案B（P：按命中概率选）,否,HOME,AWAY,1,2/3,0.45098984720255086,-0.14864315924901006,0.45098984720255086,300,"{2: 150.0, 3: 150.0}",未命中,-300.0,否,-351157.5,2
2023-05-03,2023-05,方案B（P：按命中概率选）,否,HOME,AWAY,6,2/3,0.45098984720255086,-0.19412049115651575,0.45098984720255086,900,"{2: 450.0, 3: 450.0}",未命中,-900.0,否,-352057.5,3
2023-05-03,2023-05,方案B（P：按命中概率选）,否,HOME,AWAY,4,2/3,0.45098984720255086,-0.159993574866524,0.45098984720255086,2700,"{2: 1350.0, 3: 1350.0}",未命中,-2700.0,否,-354757.5,4
2023-05-03,2023-05,方案B（P：按命中概率选）,否,HOME,AWAY,2,2/3,0.45098984720255086,-0.19972002952782253,0.45098984720255086,8100,"{2: 4050.0, 3: 4050.0}",命中,5670.0,否,-349087.5,0
2023-05-03,2023-05,方案B（P：按命中概率选）,否,HOME,AWAY,6,2/3,0.45098984720255086,-0.19972002952782253,0.45098984720255086,100,"{2: 50.0, 3: 50.0}",未命中,-100.0,否,-349187.5,1
2023-05-03,2023-05,方案B（P：按命中概率选）,否,HOME,AWAY,4,2/3,0.45098984720255086,-0.19434749946886587,0.45098984720255086,300,"{2: 150.0, 3: 150.0}",未命中,-300.0,否,-349487.5,2
2023-05-03,2023-05,方案B（P：按命中概率选）,否,HOME,AWAY,4,2/3,0.45098984720255086,-0.1655174438003808,0.45098984720255086,900,"{2: 450.0, 3: 450.0}",未命中,-900.0,否,-350387.5,3
2023-05-04,2023-05,方案B（P：按命中概率选）,否,HOME,AWAY,5,2/3,0.45098984720255086,-0.16006924430397407,0.45098984720255086,2700,"{2: 1350.0, 3: 1350.0}",未命中,-2700.0,否,-353087.5,4
2023-06-01,2023-06,方案B（P：按命中概率选）,否,HOME,AWAY,4,2/3,0.4592369158468991,-0.18619358716238832,0.4592369158468991,8100,"{2: 4050.0, 3: 4050.0}",未命中,-8100.0,否,-361187.5,5
2023-06-01,2023-06,方案B（P：按命中概率选）,否,HOME,AWAY,6,2/3,0.4592369158468991,-0.1261107471002576,0.4592369158468991,24300,"{2: 12150.0, 3: 12150.0}",未命中,-24300.0,否,-385487.5,6
2023-06-01,2023-06,方案B（P：按命中概率选）,否,HOME,AWAY,1,2/3,0.4592369158468991,-0.14383429874100406,0.4592369158468991,72900,"{2: 36450.0, 3: 36450.0}",未命中,-72900.0,否,-458387.5,7
2023-06-01,2023-06,方案B（P：按命中概率选）,否,HOME,AWAY,2,2/3,0.4592369158468991,-0.11998627536662176,0.4592369158468991,218700,"{2: 109350.0, 3: 109350.0}",命中,136687.5,否,-321700.0,0
2023-06-01,2023-06,方案B（P：按命中概率选）,否,HOME,AWAY,4,2/3,0.4592369158468991,-0.17337355147558164,0.4592369158468991,100,"{2: 50.0, 3: 50.0}",未命中,-100.0,否,-321800.0,1
2023-06-01,2023-06,方案B（P：按命中概率选）,否,HOME,AWAY,5,2/3,0.4592369158468991,-0.15564999983483507,0.4592369158468991,300,"{2: 150.0, 3: 150.0}",未命中,-300.0,否,-322100.0,2
2023-06-01,2023-06,方案B（P：按命中概率选）,否,HOME,AWAY,3,2/3,0.4592369158468991,-0.18162484940610701,0.4592369158468991,900,"{2: 450.0, 3: 450.0}",命中,877.5,否,-321222.5,0
2023-06-01,2023-06,方案B（P：按命中概率选）,否,HOME,AWAY,5,2/3,0.4592369158468991,-0.1093915300524867,0.4592369158468991,100,"{2: 50.0, 3: 50.0}",未命中,-100.0,否,-321322.5,1
2023-06-02,2023-06,方案B（P：按命中概率选）,否,HOME,AWAY,3,2/3,0.4592369158468991,-0.15564999983483507,0.4592369158468991,300,"{2: 150.0, 3: 150.0}",命中,240.0,否,-321082.5,0
2023-06-02,2023-06,方案B（P：按命中概率选）,否,HOME,AWAY,2,2/3,0.4592369158468991,-0.16356651956770185,0.4592369158468991,100,"{2: 50.0, 3: 50.0}",命中,70.0,否,-321012.5,0
2023-06-02,2023-06,方案B（P：按命中概率选）,否,HOME,AWAY,3,2/3,0.4592369158468991,-0.14383429874100406,0.4592369158468991,100,"{2: 50.0, 3: 50.0}",命中,80.0,否,-320932.5,0
2023-06-03,2023-06,方案B（P：按命中概率选）,否,HOME,AWAY,3,2/3,0.4592369158468991,-0.17337355147558164,0.4592369158468991,100,"{2: 50.0, 3: 50.0}",命中,80.0,否,-320852.5,0
2023-06-03,2023-06,方案B（P：按命中概率选）,否,HOME,AWAY,5,2/3,0.4592369158468991,-0.1553152216371767,0.4592369158468991,100,"{2: 50.0, 3: 50.0}",未命中,-100.0,否,-320952.5,1
2023-06-03,2023-06,方案B（P：按命中概率选）,否,HOME,AWAY,1,2/3,0.4592369158468991,-0.18786747815068106,0.4592369158468991,300,"{2: 150.0, 3: 150.0}",未命中,-300.0,否,-321252.5,2
2023-06-03,2023-06,方案B（P：按命中概率选）,否,HOME,AWAY,2,2/3,0.4592369158468991,-0.1671309227310076,0.4592369158468991,900,"{2: 450.0, 3: 450.0}",命中,765.0,否,-320487.5,0
2023-06-03,2023-06,方案B（P：按命中概率选）,否,HOME,AWAY,3,2/3,0.4592369158468991,-0.13859600458940569,0.4592369158468991,100,"{2: 50.0, 3: 50.0}",命中,85.0,否,-320402.5,0
2023-07-01,2023-07,方案B（P：按命中概率选）,否,HOME,AWAY,2,2/3,0.462846119670143,-0.05839742529605285,0.462846119670143,100,"{2: 50.0, 3: 50.0}",命中,125.0,否,-320277.5,0
2023-07-01,2023-07,方案B（P：按命中概率选）,否,HOME,AWAY,2,2/3,0.462846119670143,-0.16928764146702457,0.462846119670143,100,"{2: 50.0, 3: 50.0}",命中,67.5,否,-320210.0,0
2023-07-01,2023-07,方案B（P：按命中概率选）,否,HOME,AWAY,0,2/3,0.462846119670143,-0.18736756801663956,0.462846119670143,100,"{2: 50.0, 3: 50.0}",未命中,-100.0,否,-320310.0,1
2023-07-01,2023-07,方案B（P：按命中概率选）,否,HOME,AWAY,2,2/3,0.462846119670143,-0.13216352561848188,0.462846119670143,300,"{2: 150.0, 3: 150.0}",命中,262.5,否,-320047.5,0
2023-07-01,2023-07,方案B（P：按命中概率选）,否,HOME,AWAY,3,2/3,0.462846119670143,-0.05936168804536546,0.462846119670143,100,"{2: 50.0, 3: 50.0}",命中,85.0,否,-319962.5,0
2023-07-01,2023-07,方案B（P：按命中概率选）,否,HOME,AWAY,2,2/3,0.462846119670143,-0.15168984629206594,0.462846119670143,100,"{2: 50.0, 3: 50.0}",命中,72.50000000000001,否,-319890.0,0
2023-07-02,2023-07,方案B（P：按命中概率选）,否,HOME,AWAY,2,2/3,0.462846119670143,-0.17844813758549616,0.462846119670143,100,"{2: 50.0, 3: 50.0}",命中,77.49999999999999,否,-319812.5,0
2023-07-02,2023-07,方案B（P：按命中概率选）,否,HOME,AWAY,5,2/3,0.462846119670143,-0.16085034241053764,0.462846119670143,100,"{2: 50.0, 3: 50.0}",未命中,-100.0,否,-319912.5,1
2023-07-02,2023-07,方案B（P：按命中概率选）,否,HOME,AWAY,2,2/3,0.462846119670143,-0.1844747797687012,0.462846119670143,300,"{2: 150.0, 3: 150.0}",命中,225.0,否,-319687.5,0
2023-07-02,2023-07,方案B（P：按命中概率选）,否,HOME,AWAY,4,2/3,0.462846119670143,-0.14228828448626618,0.462846119670143,100,"{2: 50.0, 3: 50.0}",未命中,-100.0,否,-319787.5,1
2023-07-02,2023-07,方案B（P：按命中概率选）,否,HOME,AWAY,1,2/3,0.462846119670143,-0.1854390425180139,0.462846119670143,300,"{2: 150.0, 3: 150.0}",未命中,-300.0,否,-320087.5,2
2023-07-02,2023-07,方案B（P：按命中概率选）,否,HOME,AWAY,2,2/3,0.462846119670143,-0.1663948532190862,0.462846119670143,900,"{2: 450.0, 3: 450.0}",命中,742.5,否,-319345.0,0
2023-07-02,2023-07,方案B（P：按命中概率选）,否,HOME,AWAY,0,2/3,0.462846119670143,-0.18736756801663956,0.462846119670143,100,"{2: 50.0, 3: 50.0}",未命中,-100.0,否,-319445.0,1
2023-07-02,2023-07,方案B（P：按命中概率选）,否,HOME,AWAY,4,2/3,0.462846119670143,-0.16036821103588117,0.462846119670143,300,"{2: 150.0, 3: 150.0}",未命中,-300.0,否,-319745.0,2
2023-07-02,2023-07,方案B（P：按命中概率选）,否,HOME,AWAY,1,2/3,0.462846119670143,-0.1242083579366513,0.462846119670143,900,"{2: 450.0, 3: 450.0}",未命中,-900.0,否,-320645.0,3
2023-07-02,2023-07,方案B（P：按命中概率选）,否,HOME,AWAY,2,2/3,0.462846119670143,-0.1381901678016868,0.462846119670143,2700,"{2: 1350.0, 3: 1350.0}",命中,2295.0000000000005,否,-318350.0,0
2023-08-01,2023-08,方案B（P：按命中概率选）,否,HOME,AWAY,4,2/3,0.4611187028476388,-0.1103074691044954,0.4611187028476388,100,"{2: 50.0, 3: 50.0}",未命中,-100.0,否,-318450.0,1
2023-08-01,2023-08,方案B（P：按命中概率选）,否,HOME,AWAY,1,2/3,0.4611187028476388,-0.18355333035924115,0.4611187028476388,300,"{2: 150.0, 3: 150.0}",未命中,-300.0,否,-318750.0,2
2023-08-01,2023-08,方案B（P：按命中概率选）,否,HOME,AWAY,7,2/3,0.4611187028476388,-0.1660574762110747,0.4611187028476388,900,"{2: 450.0, 3: 450.0}",未命中,-900.0,否,-319650.0,3
2023-08-01,2023-08,方案B（P：按命中概率选）,否,HOME,AWAY,0,2/3,0.4611187028476388,-0.1107152746872554,0.4611187028476388,2700,"{2: 1350.0, 3: 1350.0}",未命中,-2700.0,否,-322350.0,4
2023-08-02,2023-08,方案B（P：按命中概率选）,否,HOME,AWAY,4,2/3,0.4611187028476388,-0.18829780018793663,0.4611187028476388,8100,"{2: 4050.0, 3: 4050.0}",未命中,-8100.0,否,-330450.0,5
2023-08-02,2023-08,方案B（P：按命中概率选）,否,HOME,AWAY,3,2/3,0.4611187028476388,-0.18436894152476113,0.4611187028476388,24300,"{2: 12150.0, 3: 12150.0}",命中,23085.0,否,-307365.0,0
2023-08-02,2023-08,方案B（P：按命中概率选）,否,HOME,AWAY,5,2/3,0.4611187028476388,-0.18273771919372117,0.4611187028476388,100,"{2: 50.0, 3: 50.0}",未命中,-100.0,否,-307465.0,1
2023-08-02,2023-08,方案B（P：按命中概率选）,否,HOME,AWAY,2,2/3,0.4611187028476388,-0.18273771919372117,0.4611187028476388,300,"{2: 150.0, 3: 150.0}",命中,210.0,否,-307255.0,0
2023-08-02,2023-08,方案B（P：按命中概率选）,否,HOME,AWAY,0,2/3,0.4611187028476388,-0.13499462657791728,0.4611187028476388,100,"{2: 50.0, 3: 50.0}",未命中,-100.0,否,-307355.0,1
2023-08-02,2023-08,方案B（P：按命中概率选）,否,HOME,AWAY,3,2/3,0.4611187028476388,-0.1899290225189766,0.4611187028476388,300,"{2: 150.0, 3: 150.0}",命中,277.5,否,-307077.5,0
2023-08-02,2023-08,方案B（P：按命中概率选）,否,HOME,AWAY,2,2/3,0.4611187028476388,-0.1541217030571237,0.4611187028476388,100,"{2: 50.0, 3: 50.0}",命中,75.0,否,-307002.5,0
2023-08-03,2023-08,方案B（P：按命中概率选）,否,HOME,AWAY,4,2/3,0.4611187028476388,-0.09918730711606438,0.4611187028476388,100,"{2: 50.0, 3: 50.0}",未命中,-100.0,否,-307102.5,1
2023-08-03,2023-08,方案B（P：按命中概率选）,否,HOME,AWAY,2,2/3,0.4611187028476388,-0.04032405251182958,0.4611187028476388,300,"{2: 150.0, 3: 150.0}",命中,375.0,否,-306727.5,0
2023-08-03,2023-08,方案B（P：按命中概率选）,否,HOME,AWAY,4,2/3,0.4611187028476388,-0.09918730711606438,0.4611187028476388,100,"{2: 50.0, 3: 50.0}",未命中,-100.0,否,-306827.5,1
2023-08-03,2023-08,方案B（P：按命中概率选）,否,HOME,AWAY,3,2/3,0.4611187028476388,-0.1533060918916037,0.4611187028476388,300,"{2: 150.0, 3: 150.0}",命中,262.5,否,-306565.0,0
2023-08-03,2023-08,方案B（P：按命中概率选）,否,HOME,AWAY,2,2/3,0.4611187028476388,-0.1417781243204128,0.4611187028476388,100,"{2: 50.0, 3: 50.0}",命中,82.5,否,-306482.5,0
2023-09-01,2023-09,方案B（P：按命中概率选）,否,HOME,AWAY,2,2/3,0.4499191885180898,-0.20148756573363702,0.4499191885180898,100,"{2: 50.0, 3: 50.0}",命中,72.50000000000001,否,-306410.0,0
2023-09-01,2023-09,方案B（P：按命中概率选）,否,HOME,AWAY,5,2/3,0.4499191885180898,-0.1902395860206847,0.4499191885180898,100,"{2: 50.0, 3: 50.0}",未命中,-100.0,否,-306510.0,1
2023-09-01,2023-09,方案B（P：按命中概率选）,否,HOME,AWAY,1,2/3,0.4499191885180898,-0.02100220088354554,0.4499191885180898,300,"{2: 150.0, 3: 150.0}",未命中,-300.0,否,-306810.0,2
2023-09-01,2023-09,方案B（P：按命中概率选）,否,HOME,AWAY,2,2/3,0.4499191885180898,-0.07168870360676549,0.4499191885180898,900,"{2: 450.0, 3: 450.0}",命中,1125.0,否,-305685.0,0
2023-09-01,2023-09,方案B（P：按命中概率选）,否,HOME,AWAY,4,2/3,0.4499191885180898,-0.15065987498054745,0.4499191885180898,100,"{2: 50.0, 3: 50.0}",未命中,-100.0,否,-305785.0,1
2023-09-02,2023-09,方案B（P：按命中概率选）,否,HOME,AWAY,1,2/3,0.4499191885180898,-0.1902395860206847,0.4499191885180898,300,"{2: 150.0, 3: 150.0}",未命中,-300.0,否,-306085.0,2
2023-09-02,2023-09,方案B（P：按命中概率选）,否,HOME,AWAY,4,2/3,0.4499191885180898,-0.2074174629881641,0.4499191885180898,900,"{2: 450.0, 3: 450.0}",未命中,-900.0,否,-306985.0,3
2023-09-02,2023-09,方案B（P：按命中概率选）,否,HOME,AWAY,4,2/3,0.4499191885180898,-0.12802272752477317,0.4499191885180898,2700,"{2: 1350.0, 3: 1350.0}",未命中,-2700.0,否,-309685.0,4
2023-09-02,2023-09,方案B（P：按命中概率选）,否,HOME,AWAY,4,2/3,0.4499191885180898,-0.20718214960504788,0.4499191885180898,8100,"{2: 4050.0, 3: 4050.0}",未命中,-8100.0,否,-317785.0,5
2023-09-02,2023-09,方案B（P：按命中概率选）,否,HOME,AWAY,4,2/3,0.4499191885180898,0.06916988752656517,0.4499191885180898,24300,"{2: 12150.0, 3: 12150.0}",未命中,-24300.0,否,-342085.0,6
2023-09-02,2023-09,方案B（P：按命中概率选）,否,HOME,AWAY,3,2/3,0.4499191885180898,-0.20172287911675313,0.4499191885180898,72900,"{2: 36450.0, 3: 36450.0}",命中,69255.0,否,-272830.0,0
2023-09-02,2023-09,方案B（P：按命中概率选）,否,HOME,AWAY,2,2/3,0.4499191885180898,-0.11108016394040998,0.4499191885180898,100,"{2: 50.0, 3: 50.0}",命中,115.0,否,-272715.0,0
2023-09-02,2023-09,方案B（P：按命中概率选）,否,HOME,AWAY,2,2/3,0.4499191885180898,-0.1675553758882874,0.4499191885180898,100,"{2: 50.0, 3: 50.0}",命中,90.0,否,-272625.0,0
2023-09-02,2023-09,方案B（P：按命中概率选）,否,HOME,AWAY,6,2/3,0.4499191885180898,-0.066088245088601,0.4499191885180898,100,"{2: 50.0, 3: 50.0}",未命中,-100.0,否,-272725.0,1
2023-09-02,2023-09,方案B（P：按命中概率选）,否,HOME,AWAY,3,2/3,0.4499191885180898,-0.2070880242518015,0.4499191885180898,300,"{2: 150.0, 3: 150.0}",命中,240.0,否,-272485.0,0
2023-09-02,2023-09,方案B（P：按命中概率选）,否,HOME,AWAY,6,2/3,0.4499191885180898,-0.20718214960504788,0.4499191885180898,100,"{2: 50.0, 3: 50.0}",未命中,-100.0,否,-272585.0,1
2023-10-01,2023-10,方案B（P：按命中概率选）,否,HOME,AWAY,2,2/3,0.44618580664746377,-0.20232715853087224,0.44618580664746377,300,"{2: 150.0, 3: 150.0}",命中,217.5,否,-272367.5,0
2023-10-01,2023-10,方案B（P：按命中概率选）,否,HOME,AWAY,3,2/3,0.44618580664746377,-0.013346178391702823,0.44618580664746377,100,"{2: 50.0, 3: 50.0}",命中,92.5,否,-272275.0,0
2023-10-01,2023-10,方案B（P：按命中概率选）,否,HOME,AWAY,4,2/3,0.44618580664746377,-0.02436196905374599,0.44618580664746377,100,"{2: 50.0, 3: 50.0}",未命中,-100.0,否,-272375.0,1
2023-10-01,2023-10,方案B（P：按命中概率选）,否,HOME,AWAY,3,2/3,0.44618580664746377,-0.1635404670401488,0.44618580664746377,300,"{2: 150.0, 3: 150.0}",命中,240.0,否,-272135.0,0
2023-10-01,2023-10,方案B（P：按命中概率选）,否,HOME,AWAY,4,2/3,0.44618580664746377,-0.1801567227026425,0.44618580664746377,100,"{2: 50.0, 3: 50.0}",未命中,-100.0,否,-272235.0,1
2023-10-01,2023-10,方案B（P：按命中概率选）,否,HOME,AWAY,2,2/3,0.44618580664746377,-0.19686554803456513,0.44618580664746377,300,"{2: 150.0, 3: 150.0}",命中,240.0,否,-271995.0,0
2023-10-06,2023-10,方案B（P：按命中概率选）,否,HOME,AWAY,3,2/3,0.44618580664746377,-0.14118489187306116,0.44618580664746377,100,"{2: 50.0, 3: 50.0}",命中,87.5,否,-271907.5,0
2023-10-06,2023-10,方案B（P：按命中概率选）,否,HOME,AWAY,4,2/3,0.44618580664746377,-0.0911047007120076,0.44618580664746377,100,"{2: 50.0, 3: 50.0}",未命中,-100.0,否,-272007.5,1
2023-10-06,2023-10,方案B（P：按命中概率选）,否,HOME,AWAY,2,2/3,0.44618580664746377,-0.035516614219932574,0.44618580664746377,300,"{2: 150.0, 3: 150.0}",命中,412.5,否,-271595.0,0
2023-10-06,2023-10,方案B（P：按命中概率选）,否,HOME,AWAY,3,2/3,0.44618580664746377,-0.046578689716690214,0.44618580664746377,100,"{2: 50.0, 3: 50.0}",命中,97.5,否,-271497.5,0
2023-10-06,2023-10,方案B（P：按命中概率选）,否,HOME,AWAY,4,2/3,0.44618580664746377,-0.13553814203789605,0.44618580664746377,100,"{2: 50.0, 3: 50.0}",未命中,-100.0,否,-271597.5,1
2023-10-06,2023-10,方案B（P：按命中概率选）,否,HOME,AWAY,7,2/3,0.44618580664746377,1.089066014837477,0.44618580664746377,300,"{2: 150.0, 3: 150.0}",未命中,-300.0,否,-271897.5,2
2023-10-07,2023-10,方案B（P：按命中概率选）,否,HOME,AWAY,6,2/3,0.44618580664746377,-0.14132374637720457,0.44618580664746377,900,"{2: 450.0, 3: 450.0}",未命中,-900.0,否,-272797.5,3
2023-10-07,2023-10,方案B（P：按命中概率选）,否,HOME,AWAY,1,2/3,0.44618580664746377,-0.17469511220633538,0.44618580664746377,2700,"{2: 1350.0, 3: 1350.0}",未命中,-2700.0,否,-275497.5,4
2023-10-07,2023-10,方案B（P：按命中概率选）,否,HOME,AWAY,3,2/3,0.44618580664746377,-0.13012281637630352,0.44618580664746377,8100,"{2: 4050.0, 3: 4050.0}",命中,6885.0,否,-268612.5,0
2023-10-07,2023-10,方案B（P：按命中概率选）,否,HOME,AWAY,2,2/3,0.44618580664746377,-0.15789371720498369,0.44618580664746377,100,"{2: 50.0, 3: 50.0}",命中,92.5,否,-268520.0,0
2023-11-01,2023-11,方案B（P：按命中概率选）,否,HOME,AWAY,1,2/3,0.44221120242735557,-0.1656675677659184,0.44221120242735557,100,"{2: 50.0, 3: 50.0}",未命中,-100.0,否,-268620.0,1
2023-11-01,2023-11,方案B（P：按命中概率选）,否,HOME,AWAY,1,2/3,0.44221120242735557,-0.13277469746190818,0.44221120242735557,300,"{2: 150.0, 3: 150.0}",未命中,-300.0,否,-268920.0,2
2023-11-01,2023-11,方案B（P：按命中概率选）,否,HOME,AWAY,5,2/3,0.44221120242735557,-0.18736867307022376,0.44221120242735557,900,"{2: 450.0, 3: 450.0}",未命中,-900.0,否,-269820.0,3
2023-11-01,2023-11,方案B（P：按命中概率选）,否,HOME,AWAY,4,2/3,0.44221120242735557,-0.08896303203623512,0.44221120242735557,2700,"{2: 1350.0, 3: 1350.0}",未命中,-2700.0,否,-272520.0,4
2023-11-01,2023-11,方案B（P：按命中概率选）,否,HOME,AWAY,2,2/3,0.44221120242735557,-0.20906977837452922,0.44221120242735557,8100,"{2: 4050.0, 3: 4050.0}",命中,5670.0,否,-266850.0,0
2023-11-02,2023-11,方案B（P：按命中概率选）,否,HOME,AWAY,3,2/3,0.44221120242735557,-0.18736867307022376,0.44221120242735557,100,"{2: 50.0, 3: 50.0}",命中,85.0,否,-266765.0,0
2023-11-02,2023-11,方案B（P：按命中概率选）,否,HOME,AWAY,1,2/3,0.44221120242735557,0.07563780442283607,0.44221120242735557,100,"{2: 50.0, 3: 50.0}",未命中,-100.0,否,-266865.0,1
2023-11-02,2023-11,方案B（P：按命中概率选）,否,HOME,AWAY,4,2/3,0.44221120242735557,-0.13291118240092903,0.44221120242735557,300,"{2: 150.0, 3: 150.0}",未命中,-300.0,否,-267165.0,2
2023-11-02,2023-11,方案B（P：按命中概率选）,否,HOME,AWAY,4,2/3,0.44221120242735557,-0.1764498779485606,0.44221120242735557,900,"{2: 450.0, 3: 450.0}",未命中,-900.0,否,-268065.0,3
2023-11-02,2023-11,方案B（P：按命中概率选）,否,HOME,AWAY,3,2/3,0.44221120242735557,-0.1273152999010767,0.44221120242735557,2700,"{2: 1350.0, 3: 1350.0}",命中,2295.0000000000005,否,-265770.0,0
2023-11-02,2023-11,方案B（P：按命中概率选）,否,HOME,AWAY,3,2/3,0.44221120242735557,-0.1546122877052345,0.44221120242735557,100,"{2: 50.0, 3: 50.0}",命中,85.0,否,-265685.0,0
2023-11-02,2023-11,方案B（P：按命中概率选）,否,HOME,AWAY,2,2/3,0.44221120242735557,-0.21439269099634006,0.44221120242735557,100,"{2: 50.0, 3: 50.0}",命中,64.99999999999999,否,-265620.0,0
2023-11-02,2023-11,方案B（P：按命中概率选）,否,HOME,AWAY,3,2/3,0.44221120242735557,-0.1875051580092446,0.44221120242735557,100,"{2: 50.0, 3: 50.0}",命中,82.5,否,-265537.5,0
2023-11-02,2023-11,方案B（P：按命中概率选）,否,HOME,AWAY,2,2/3,0.44221120242735557,-0.0833671495363828,0.44221120242735557,100,"{2: 50.0, 3: 50.0}",命中,125.0,否,-265412.5,0
2023-11-03,2023-11,方案B（P：按命中概率选）,否,HOME,AWAY,2,2/3,0.44221120242735557,-0.21411972111829836,0.44221120242735557,100,"{2: 50.0, 3: 50.0}",命中,60.000000000000014,否,-265352.5,0
2023-11-04,2023-11,方案B（P：按命中概率选）,否,HOME,AWAY,2,2/3,0.44221120242735557,-0.11093710721858208,0.44221120242735557,100,"{2: 50.0, 3: 50.0}",命中,117.49999999999997,否,-265235.0,0
2023-12-01,2023-12,方案B（P：按命中概率选）,否,HOME,AWAY,5,2/3,0.445409691342774,-0.1816565604625222,0.445409691342774,100,"{2: 50.0, 3: 50.0}",未命中,-100.0,否,-265335.0,1
2023-12-01,2023-12,方案B（P：按命中概率选）,否,HOME,AWAY,4,2/3,0.445409691342774,-0.10956809053393002,0.445409691342774,300,"{2: 150.0, 3: 150.0}",未命中,-300.0,否,-265635.0,2
2023-12-01,2023-12,方案B（P：按命中概率选）,否,HOME,AWAY,2,2/3,0.445409691342774,-0.18159198159260925,0.445409691342774,900,"{2: 450.0, 3: 450.0}",命中,765.0,否,-264870.0,0
2023-12-01,2023-12,方案B（P：按命中概率选）,否,HOME,AWAY,5,2/3,0.445409691342774,-0.17058589704886584,0.445409691342774,100,"{2: 50.0, 3: 50.0}",未命中,-100.0,否,-264970.0,1
2023-12-01,2023-12,方案B（P：按命中概率选）,否,HOME,AWAY,4,2/3,0.445409691342774,0.029202675356252428,0.445409691342774,300,"{2: 150.0, 3: 150.0}",未命中,-300.0,否,-265270.0,2
2023-12-01,2023-12,方案B（P：按命中概率选）,否,HOME,AWAY,2,2/3,0.445409691342774,-0.03181513115868351,0.445409691342774,900,"{2: 450.0, 3: 450.0}",命中,1260.0,否,-264010.0,0
2023-12-02,2023-12,方案B（P：按命中概率选）,否,HOME,AWAY,5,2/3,0.445409691342774,-0.15404448079829436,0.445409691342774,100,"{2: 50.0, 3: 50.0}",未命中,-100.0,否,-264110.0,1
2023-12-02,2023-12,方案B（P：按命中概率选）,否,HOME,AWAY,1,2/3,0.445409691342774,-0.14271550190498605,0.445409691342774,300,"{2: 150.0, 3: 150.0}",未命中,-300.0,否,-264410.0,2
2023-12-02,2023-12,方案B（P：按命中概率选）,否,HOME,AWAY,3,2/3,0.445409691342774,-0.2090749035170112,0.445409691342774,900,"{2: 450.0, 3: 450.0}",命中,810.0,否,-263600.0,0
2023-12-02,2023-12,方案B（P：按命中概率选）,否,HOME,AWAY,4,2/3,0.445409691342774,-0.1263032433942406,0.445409691342774,100,"{2: 50.0, 3: 50.0}",未命中,-100.0,否,-263700.0,1
2023-12-02,2023-12,方案B（P：按命中概率选）,否,HOME,AWAY,1,2/3,0.445409691342774,-0.1539799019283814,0.445409691342774,300,"{2: 150.0, 3: 150.0}",未命中,-300.0,否,-264000.0,2
2023-12-02,2023-12,方案B（P：按命中概率选）,否,HOME,AWAY,5,2/3,0.445409691342774,-0.1207679116874123,0.445409691342774,900,"{2: 450.0, 3: 450.0}",未命中,-900.0,否,-264900.0,3
2023-12-02,2023-12,方案B（P：按命中概率选）,否,HOME,AWAY,1,2/3,0.445409691342774,-0.1373093279379839,0.445409691342774,2700,"{2: 1350.0, 3: 1350.0}",未命中,-2700.0,否,-267600.0,4
2023-12-02,2023-12,方案B（P：按命中概率选）,否,HOME,AWAY,3,2/3,0.445409691342774,-0.19800424010335482,0.445409691342774,8100,"{2: 4050.0, 3: 4050.0}",命中,7290.0,否,-260310.0,0
2023-12-02,2023-12,方案B（P：按命中概率选）,否,HOME,AWAY,3,2/3,0.445409691342774,0.05675017615056732,0.445409691342774,100,"{2: 50.0, 3: 50.0}",命中,95.0,否,-260215.0,0
2023-12-02,2023-12,方案B（P：按命中概率选）,否,HOME,AWAY,3,2/3,0.445409691342774,0.04593782821656278,0.445409691342774,100,"{2: 50.0, 3: 50.0}",命中,104.99999999999997,否,-260110.0,0
2024-01-01,2024-01,方案B（P：按命中概率选）,否,HOME,AWAY,2,2/3,0.46376170842729514,-0.17338919182584378,0.46376170842729514,100,"{2: 50.0, 3: 50.0}",命中,67.5,否,-260042.5,0
2024-01-01,2024-01,方案B（P：按命中概率选）,否,HOME,AWAY,5,2/3,0.46376170842729514,-0.09251367438059588,0.46376170842729514,100,"{2: 50.0, 3: 50.0}",未命中,-100.0,否,-260142.5,1
2024-01-01,2024-01,方案B（P：按命中概率选）,否,HOME,AWAY,1,2/3,0.46376170842729514,-0.17944879603003316,0.46376170842729514,300,"{2: 150.0, 3: 150.0}",未命中,-300.0,否,-260442.5,2
2024-01-01,2024-01,方案B（P：按命中概率选）,否,HOME,AWAY,2,2/3,0.46376170842729514,-0.11675209119735352,0.46376170842729514,900,"{2: 450.0, 3: 450.0}",命中,900.0,否,-259542.5,0
2024-01-01,2024-01,方案B（P：按命中概率选）,否,HOME,AWAY,3,2/3,0.46376170842729514,-0.057206380550852254,0.46376170842729514,100,"{2: 50.0, 3: 50.0}",命中,85.0,否,-259457.5,0
2024-01-01,2024-01,方案B（P：按命中概率选）,否,HOME,AWAY,6,2/3,0.46376170842729514,-0.11675209119735352,0.46376170842729514,100,"{2: 50.0, 3: 50.0}",未命中,-100.0,否,-259557.5,1
2024-01-02,2024-01,方案B（P：按命中概率选）,否,HOME,AWAY,6,2/3,0.46376170842729514,-0.026908359529905335,0.46376170842729514,300,"{2: 150.0, 3: 150.0}",未命中,-300.0,否,-259857.5,2
2024-01-03,2024-01,方案B（P：按命中概率选）,否,HOME,AWAY,2,2/3,0.46376170842729514,-0.13121434656468556,0.46376170842729514,900,"{2: 450.0, 3: 450.0}",命中,517.5,否,-259340.0,0
2024-01-03,2024-01,方案B（P：按命中概率选）,否,HOME,AWAY,4,2/3,0.46376170842729514,-0.17286402612814733,0.46376170842729514,100,"{2: 50.0, 3: 50.0}",未命中,-100.0,否,-259440.0,1
2024-01-03,2024-01,方案B（P：按命中概率选）,否,HOME,AWAY,2,2/3,0.46376170842729514,-0.17443952322123657,0.46376170842729514,300,"{2: 150.0, 3: 150.0}",命中,187.5,否,-259252.5,0
2024-01-03,2024-01,方案B（P：按命中概率选）,否,HOME,AWAY,5,2/3,0.46376170842729514,-0.12939646530342874,0.46376170842729514,100,"{2: 50.0, 3: 50.0}",未命中,-100.0,否,-259352.5,1
2024-01-03,2024-01,方案B（P：按命中概率选）,否,HOME,AWAY,0,2/3,0.46376170842729514,-0.08802956726949573,0.46376170842729514,300,"{2: 150.0, 3: 150.0}",未命中,-300.0,否,-259652.5,2
2024-01-04,2024-01,方案B（P：按命中概率选）,否,HOME,AWAY,2,2/3,0.46376170842729514,-0.1367487850711786,0.46376170842729514,900,"{2: 450.0, 3: 450.0}",命中,517.5,否,-259135.0,0
2024-01-04,2024-01,方案B（P：按命中概率选）,否,HOME,AWAY,4,2/3,0.46376170842729514,-0.07591035886111697,0.46376170842729514,100,"{2: 50.0, 3: 50.0}",未命中,-100.0,否,-259235.0,1
2024-01-04,2024-01,方案B（P：按命中概率选）,否,HOME,AWAY,1,2/3,0.46376170842729514,-0.11727725689504997,0.46376170842729514,300,"{2: 150.0, 3: 150.0}",未命中,-300.0,否,-259535.0,2
2024-01-04,2024-01,方案B（P：按命中概率选）,否,HOME,AWAY,3,2/3,0.46376170842729514,-0.17233886043045088,0.46376170842729514,900,"{2: 450.0, 3: 450.0}",命中,765.0,否,-258770.0,0
2024-02-01,2024-02,方案B（P：按命中概率选）,否,HOME,AWAY,1,2/3,0.4611187028476388,-0.1103074691044954,0.4611187028476388,100,"{2: 50.0, 3: 50.0}",未命中,-100.0,否,-258870.0,1
2024-02-01,2024-02,方案B（P：按命中概率选）,否,HOME,AWAY,2,2/3,0.4611187028476388,-0.18273771919372117,0.4611187028476388,300,"{2: 150.0, 3: 150.0}",命中,210.0,否,-258660.0,0
2024-02-01,2024-02,方案B（P：按命中概率选）,否,HOME,AWAY,5,2/3,0.4611187028476388,-0.05144421450026049,0.4611187028476388,100,"{2: 50.0, 3: 50.0}",未命中,-100.0,否,-258760.0,1
2024-02-01,2024-02,方案B（P：按命中概率选）,否,HOME,AWAY,4,2/3,0.4611187028476388,0.07658684553112005,0.4611187028476388,300,"{2: 150.0, 3: 150.0}",未命中,-300.0,否,-259060.0,2
2024-02-01,2024-02,方案B（P：按命中概率选）,否,HOME,AWAY,0,2/3,0.4611187028476388,-0.17161755720529026,0.4611187028476388,900,"{2: 450.0, 3: 450.0}",未命中,-900.0,否,-259960.0,3
2024-02-01,2024-02,方案B（P：按命中概率选）,否,HOME,AWAY,4,2/3,0.4611187028476388,-0.08725153396211338,0.4611187028476388,2700,"{2: 1350.0, 3: 1350.0}",未命中,-2700.0,否,-262660.0,4
2024-02-01,2024-02,方案B（P：按命中概率选）,否,HOME,AWAY,3,2/3,0.4611187028476388,-0.1461147885663483,0.4611187028476388,8100,"{2: 4050.0, 3: 4050.0}",命中,6480.0,否,-256180.0,0
2024-02-01,2024-02,方案B（P：按命中概率选）,否,HOME,AWAY,5,2/3,0.4611187028476388,-0.04588413350604503,0.4611187028476388,100,"{2: 50.0, 3: 50.0}",未命中,-100.0,否,-256280.0,1
2024-02-01,2024-02,方案B（P：按命中概率选）,否,HOME,AWAY,2,2/3,0.4611187028476388,-0.11112308027001538,0.4611187028476388,300,"{2: 150.0, 3: 150.0}",命中,300.0,否,-255980.0,0
2024-02-01,2024-02,方案B（P：按命中概率选）,否,HOME,AWAY,2,2/3,0.4611187028476388,-0.17161755720529026,0.4611187028476388,100,"{2: 50.0, 3: 50.0}",命中,70.0,否,-255910.0,0
2024-02-02,2024-02,方案B（P：按命中概率选）,否,HOME,AWAY,7,2/3,0.4611187028476388,-0.1461147885663483,0.4611187028476388,100,"{2: 50.0, 3: 50.0}",未命中,-100.0,否,-256010.0,1
2024-02-02,2024-02,方案B（P：按命中概率选）,否,HOME,AWAY,2,2/3,0.4611187028476388,-0.1103074691044954,0.4611187028476388,300,"{2: 150.0, 3: 150.0}",命中,314.99999999999994,否,-255695.0,0
2024-02-02,2024-02,方案B（P：按命中概率选）,否,HOME,AWAY,2,2/3,0.4611187028476388,-0.1699863348742502,0.4611187028476388,100,"{2: 50.0, 3: 50.0}",命中,80.0,否,-255615.0,0
2024-02-02,2024-02,方案B（P：按命中概率选）,否,HOME,AWAY,1,2/3,0.4611187028476388,-0.13988829357103727,0.4611187028476388,100,"{2: 50.0, 3: 50.0}",未命中,-100.0,否,-255715.0,1
2024-02-02,2024-02,方案B（P：按命中概率选）,否,HOME,AWAY,2,2/3,0.4611187028476388,-0.15697634213644363,0.4611187028476388,300,"{2: 150.0, 3: 150.0}",命中,172.5,否,-255542.5,0
2024-02-02,2024-02,方案B（P：按命中概率选）,否,HOME,AWAY,6,2/3,0.4611187028476388,-0.03476397151761401,0.4611187028476388,100,"{2: 50.0, 3: 50.0}",未命中,-100.0,否,-255642.5,1
2024-03-01,2024-03,方案B（P：按命中概率选）,否,HOME,AWAY,3,2/3,0.4543863391837075,0.0412251429746453,0.4543863391837075,300,"{2: 150.0, 3: 150.0}",命中,307.5,否,-255335.0,0
2024-03-01,2024-03,方案B（P：按命中概率选）,否,HOME,AWAY,3,2/3,0.4543863391837075,-0.1717828693279706,0.4543863391837075,100,"{2: 50.0, 3: 50.0}",命中,97.5,否,-255237.5,0
2024-03-01,2024-03,方案B（P：按命中概率选）,否,HOME,AWAY,3,2/3,0.4543863391837075,-0.1595582622331806,0.4543863391837075,100,"{2: 50.0, 3: 50.0}",命中,87.5,否,-255150.0,0
2024-03-01,2024-03,方案B（P：按命中概率选）,否,HOME,AWAY,2,2/3,0.4543863391837075,-0.19363723767195862,0.4543863391837075,100,"{2: 50.0, 3: 50.0}",命中,75.0,否,-255075.0,0
2024-03-01,2024-03,方案B（P：按命中概率选）,否,HOME,AWAY,2,2/3,0.4543863391837075,-0.03321810117334523,0.4543863391837075,100,"{2: 50.0, 3: 50.0}",命中,129.99999999999997,否,-254945.0,0
2024-03-01,2024-03,方案B（P：按命中概率选）,否,HOME,AWAY,1,2/3,0.4543863391837075,-0.18193159974628714,0.4543863391837075,100,"{2: 50.0, 3: 50.0}",未命中,-100.0,否,-255045.0,1
2024-03-02,2024-03,方案B（P：按命中概率选）,否,HOME,AWAY,4,2/3,0.4543863391837075,-0.11867502435484956,0.4543863391837075,300,"{2: 150.0, 3: 150.0}",未命中,-300.0,否,-255345.0,2
2024-03-02,2024-03,方案B（P：按命中概率选）,否,HOME,AWAY,4,2/3,0.4543863391837075,-0.06170374223384667,0.4543863391837075,900,"{2: 450.0, 3: 450.0}",未命中,-900.0,否,-256245.0,3
2024-03-02,2024-03,方案B（P：按命中概率选）,否,HOME,AWAY,1,2/3,0.4543863391837075,-0.18873586218583993,0.4543863391837075,2700,"{2: 1350.0, 3: 1350.0}",未命中,-2700.0,否,-258945.0,4
2024-03-02,2024-03,方案B（P：按命中概率选）,否,HOME,AWAY,0,2/3,0.4543863391837075,-0.09560972794958533,0.4543863391837075,8100,"{2: 4050.0, 3: 4050.0}",未命中,-8100.0,否,-267045.0,5
2024-03-02,2024-03,方案B（P：按命中概率选）,否,HOME,AWAY,1,2/3,0.4543863391837075,-0.06118477306472825,0.4543863391837075,24300,"{2: 12150.0, 3: 12150.0}",未命中,-24300.0,否,-291345.0,6
2024-03-02,2024-03,方案B（P：按命中概率选）,否,HOME,AWAY,2,2/3,0.4543863391837075,-0.1827965483614844,0.4543863391837075,72900,"{2: 36450.0, 3: 36450.0}",命中,51030.0,否,-240315.0,0
2024-03-02,2024-03,方案B（P：按命中概率选）,否,HOME,AWAY,5,2/3,0.4543863391837075,-0.0896704141252298,0.4543863391837075,100,"{2: 50.0, 3: 50.0}",未命中,-100.0,否,-240415.0,1
2024-03-02,2024-03,方案B（P：按命中概率选）,否,HOME,AWAY,2,2/3,0.4543863391837075,-0.19484816573323505,0.4543863391837075,300,"{2: 150.0, 3: 150.0}",命中,172.5,否,-240242.5,0
2024-03-02,2024-03,方案B（P：按命中概率选）,否,HOME,AWAY,4,2/3,0.4543863391837075,-0.16480561716537823,0.4543863391837075,100,"{2: 50.0, 3: 50.0}",未命中,-100.0,否,-240342.5,1
2024-03-02,2024-03,方案B（P：按命中概率选）,否,HOME,AWAY,2,2/3,0.4543863391837075,-0.1876979238476031,0.4543863391837075,300,"{2: 150.0, 3: 150.0}",命中,240.0,否,-240102.5,0
2024-04-01,2024-04,方案B（P：按命中概率选）,否,HOME,AWAY,2,2/3,0.4623686564989344,-0.1441572194847931,0.4623686564989344,100,"{2: 50.0, 3: 50.0}",命中,87.5,否,-240015.0,0
2024-04-01,2024-04,方案B（P：按命中概率选）,否,HOME,AWAY,1,2/3,0.4623686564989344,-0.1330387357604903,0.4623686564989344,100,"{2: 50.0, 3: 50.0}",未命中,-100.0,否,-240115.0,1
2024-04-01,2024-04,方案B（P：按命中概率选）,否,HOME,AWAY,4,2/3,0.4623686564989344,-0.1376864622902889,0.4623686564989344,300,"{2: 150.0, 3: 150.0}",未命中,-300.0,否,-240415.0,2
2024-04-01,2024-04,方案B（P：按命中概率选）,否,HOME,AWAY,3,2/3,0.4623686564989344,-0.15108874267147554,0.4623686564989344,900,"{2: 450.0, 3: 450.0}",命中,787.5,否,-239627.5,0
2024-04-01,2024-04,方案B（P：按命中概率选）,否,HOME,AWAY,2,2/3,0.4623686564989344,-0.17558947347295728,0.4623686564989344,100,"{2: 50.0, 3: 50.0}",命中,67.5,否,-239560.0,0
2024-04-01,2024-04,方案B（P：按命中概率选）,否,HOME,AWAY,2,2/3,0.4623686564989344,-0.1131857314888074,0.4623686564989344,100,"{2: 50.0, 3: 50.0}",命中,104.99999999999997,否,-239455.0,0
2024-04-01,2024-04,方案B（P：按命中概率选）,否,HOME,AWAY,4,2/3,0.4623686564989344,-0.06602733385455717,0.4623686564989344,100,"{2: 50.0, 3: 50.0}",未命中,-100.0,否,-239555.0,1
2024-04-01,2024-04,方案B（P：按命中概率选）,否,HOME,AWAY,2,2/3,0.4623686564989344,-0.1705010142549881,0.4623686564989344,300,"{2: 150.0, 3: 150.0}",命中,195.0,否,-239360.0,0
2024-04-01,2024-04,方案B（P：按命中概率选）,否,HOME,AWAY,2,2/3,0.4623686564989344,-0.1016265150763338,0.4623686564989344,100,"{2: 50.0, 3: 50.0}",命中,107.50000000000003,否,-239252.5,0
2024-04-02,2024-04,方案B（P：按命中概率选）,否,HOME,AWAY,0,2/3,0.4623686564989344,-0.1815994646752831,0.4623686564989344,100,"{2: 50.0, 3: 50.0}",未命中,-100.0,否,-239352.5,1
2024-04-02,2024-04,方案B（P：按命中概率选）,否,HOME,AWAY,2,2/3,0.4623686564989344,-0.0794296142357438,0.4623686564989344,300,"{2: 150.0, 3: 150.0}",命中,322.50000000000006,否,-239030.0,0
2024-04-02,2024-04,方案B（P：按命中概率选）,否,HOME,AWAY,3,2/3,0.4623686564989344,-0.14323568750043647,0.4623686564989344,100,"{2: 50.0, 3: 50.0}",命中,77.49999999999999,否,-238952.5,0
2024-04-02,2024-04,方案B（P：按命中概率选）,否,HOME,AWAY,2,2/3,0.4623686564989344,-0.1691187162784531,0.4623686564989344,100,"{2: 50.0, 3: 50.0}",命中,72.50000000000001,否,-238880.0,0
2024-04-03,2024-04,方案B（P：按命中概率选）,否,HOME,AWAY,2,2/3,0.4623686564989344,0.058800183417750285,0.4623686564989344,100,"{2: 50.0, 3: 50.0}",命中,165.0,否,-238715.0,0
2024-04-03,2024-04,方案B（P：按命中概率选）,否,HOME,AWAY,4,2/3,0.4623686564989344,-0.17374640950424403,0.4623686564989344,100,"{2: 50.0, 3: 50.0}",未命中,-100.0,否,-238815.0,1
2024-04-03,2024-04,方案B（P：按命中概率选）,否,HOME,AWAY,2,2/3,0.4623686564989344,-0.07341962303341809,0.4623686564989344,300,"{2: 150.0, 3: 150.0}",命中,330.0,否,-238485.0,0
2024-05-01,2024-05,方案B（P：按命中概率选）,否,HOME,AWAY,3,2/3,0.43971700436360583,-0.12151132881288218,0.43971700436360583,100,"{2: 50.0, 3: 50.0}",命中,87.5,否,-238397.5,0
2024-05-01,2024-05,方案B（P：按命中概率选）,否,HOME,AWAY,4,2/3,0.43971700436360583,-0.17012868801770353,0.43971700436360583,100,"{2: 50.0, 3: 50.0}",未命中,-100.0,否,-238497.5,1
2024-05-01,2024-05,方案B（P：按命中概率选）,否,HOME,AWAY,3,2/3,0.43971700436360583,-0.18671260943534795,0.43971700436360583,300,"{2: 150.0, 3: 150.0}",命中,247.5,否,-238250.0,0
2024-05-01,2024-05,方案B（P：按命中概率选）,否,HOME,AWAY,3,2/3,0.43971700436360583,-0.2135331859300077,0.43971700436360583,100,"{2: 50.0, 3: 50.0}",命中,85.0,否,-238165.0,0
2024-05-01,2024-05,方案B（P：按命中概率选）,否,HOME,AWAY,2,2/3,0.43971700436360583,-0.19732739952840062,0.43971700436360583,100,"{2: 50.0, 3: 50.0}",命中,80.0,否,-238085.0,0
2024-05-01,2024-05,方案B（P：按命中概率选）,否,HOME,AWAY,3,2/3,0.43971700436360583,-0.21334411842198908,0.43971700436360583,100,"{2: 50.0, 3: 50.0}",命中,87.5,否,-237997.5,0
2024-05-02,2024-05,方案B（P：按命中概率选）,否,HOME,AWAY,1,2/3,0.43971700436360583,-0.14330811152304368,0.43971700436360583,100,"{2: 50.0, 3: 50.0}",未命中,-100.0,否,-238097.5,1
2024-05-02,2024-05,方案B（P：按命中概率选）,否,HOME,AWAY,4,2/3,0.43971700436360583,-0.17571968432625784,0.43971700436360583,300,"{2: 150.0, 3: 150.0}",未命中,-300.0,否,-238397.5,2
2024-05-02,2024-05,方案B（P：按命中概率选）,否,HOME,AWAY,2,2/3,0.43971700436360583,-0.20159492328082385,0.43971700436360583,900,"{2: 450.0, 3: 450.0}",命中,562.5,否,-237835.0,0
2024-05-03,2024-05,方案B（P：按命中概率选）,否,HOME,AWAY,3,2/3,0.43971700436360583,-0.19694926451236316,0.43971700436360583,100,"{2: 50.0, 3: 50.0}",命中,90.0,否,-237745.0,0
2024-05-03,2024-05,方案B（P：按命中概率选）,否,HOME,AWAY,2,2/3,0.43971700436360583,0.01448222874060412,0.43971700436360583,100,"{2: 50.0, 3: 50.0}",命中,162.5,否,-237582.5,0
2024-05-03,2024-05,方案B（P：按命中概率选）,否,HOME,AWAY,2,2/3,0.43971700436360583,-0.18036534309471852,0.43971700436360583,100,"{2: 50.0, 3: 50.0}",命中,77.49999999999999,否,-237505.0,0
2024-05-03,2024-05,方案B（P：按命中概率选）,否,HOME,AWAY,5,2/3,0.43971700436360583,-0.19676019700434433,0.43971700436360583,100,"{2: 50.0, 3: 50.0}",未命中,-100.0,否,-237605.0,1
2024-05-03,2024-05,方案B（P：按命中概率选）,否,HOME,AWAY,6,2/3,0.43971700436360583,-0.15392290161609634,0.43971700436360583,300,"{2: 150.0, 3: 150.0}",未命中,-300.0,否,-237905.0,2
2024-05-03,2024-05,方案B（P：按命中概率选）,否,HOME,AWAY,2,2/3,0.43971700436360583,-0.16008110044870705,0.43971700436360583,900,"{2: 450.0, 3: 450.0}",命中,944.9999999999998,否,-236960.0,0
2024-05-03,2024-05,方案B（P：按命中概率选）,否,HOME,AWAY,4,2/3,0.43971700436360583,-0.2135331859300077,0.43971700436360583,100,"{2: 50.0, 3: 50.0}",未命中,-100.0,否,-237060.0,1
2024-06-01,2024-06,方案B（P：按命中概率选）,否,HOME,AWAY,5,2/3,0.4506355547363161,-0.16045991779709334,0.4506355547363161,300,"{2: 150.0, 3: 150.0}",未命中,-300.0,否,-237360.0,2
2024-06-01,2024-06,方案B（P：按命中概率选）,否,HOME,AWAY,6,2/3,0.4506355547363161,-0.14346192956311654,0.4506355547363161,900,"{2: 450.0, 3: 450.0}",未命中,-900.0,否,-238260.0,3
2024-06-01,2024-06,方案B（P：按命中概率选）,否,HOME,AWAY,2,2/3,0.4506355547363161,-0.17739180274349342,0.4506355547363161,2700,"{2: 1350.0, 3: 1350.0}",命中,2429.9999999999995,否,-235830.0,0
2024-06-01,2024-06,方案B（P：按命中概率选）,否,HOME,AWAY,2,2/3,0.4506355547363161,-0.2003863034933453,0.4506355547363161,100,"{2: 50.0, 3: 50.0}",命中,67.5,否,-235762.5,0
2024-06-01,2024-06,方案B（P：按命中概率选）,否,HOME,AWAY,4,2/3,0.4506355547363161,-0.1322621439822853,0.4506355547363161,100,"{2: 50.0, 3: 50.0}",未命中,-100.0,否,-235862.5,1
2024-06-01,2024-06,方案B（P：按命中概率选）,否,HOME,AWAY,3,2/3,0.4506355547363161,-0.1949186172780828,0.4506355547363161,300,"{2: 150.0, 3: 150.0}",命中,285.0,否,-235577.5,0
2024-06-01,2024-06,方案B（P：按命中概率选）,否,HOME,AWAY,4,2/3,0.4506355547363161,-0.18898820804978422,0.4506355547363161,100,"{2: 50.0, 3: 50.0}",未命中,-100.0,否,-235677.5,1
2024-06-01,2024-06,方案B（P：按命中概率选）,否,HOME,AWAY,1,2/3,0.4506355547363161,-0.17759011260622315,0.4506355547363161,300,"{2: 150.0, 3: 150.0}",未命中,-300.0,否,-235977.5,2
2024-06-01,2024-06,方案B（P：按命中概率选）,否,HOME,AWAY,6,2/3,0.4506355547363161,-0.12099625511387735,0.4506355547363161,900,"{2: 450.0, 3: 450.0}",未命中,-900.0,否,-236877.5,3
2024-06-01,2024-06,方案B（P：按命中概率选）,否,HOME,AWAY,3,2/3,0.4506355547363161,-0.1493262355038385,0.4506355547363161,2700,"{2: 1350.0, 3: 1350.0}",命中,2295.0000000000005,否,-234582.5,0
2024-06-01,2024-06,方案B（P：按命中概率选）,否,HOME,AWAY,1,2/3,0.4506355547363161,-0.1321960406947087,0.4506355547363161,100,"{2: 50.0, 3: 50.0}",未命中,-100.0,否,-234682.5,1
2024-06-02,2024-06,方案B（P：按命中概率选）,否,HOME,AWAY,3,2/3,0.4506355547363161,-0.18925262120009045,0.4506355547363161,300,"{2: 150.0, 3: 150.0}",命中,285.0,否,-234397.5,0
2024-06-02,2024-06,方案B（P：按命中概率选）,否,HOME,AWAY,4,2/3,0.4506355547363161,-0.14912792564110888,0.4506355547363161,100,"{2: 50.0, 3: 50.0}",未命中,-100.0,否,-234497.5,1
2024-06-02,2024-06,方案B（P：按命中概率选）,否,HOME,AWAY,1,2/3,0.4506355547363161,-0.1152641557483085,0.4506355547363161,300,"{2: 150.0, 3: 150.0}",未命中,-300.0,否,-234797.5,2
2024-06-02,2024-06,方案B（P：按命中概率选）,否,HOME,AWAY,3,2/3,0.4506355547363161,-0.14952454536656812,0.4506355547363161,900,"{2: 450.0, 3: 450.0}",命中,832.5,否,-233965.0,0
2024-06-02,2024-06,方案B（P：按命中概率选）,否,HOME,AWAY,3,2/3,0.4506355547363161,-0.16619201716266208,0.4506355547363161,100,"{2: 50.0, 3: 50.0}",命中,80.0,否,-233885.0,0
2024-07-01,2024-07,方案B（P：按命中概率选）,否,HOME,AWAY,2,2/3,0.4682327929031832,-0.16119409889332015,0.4682327929031832,100,"{2: 50.0, 3: 50.0}",命中,67.5,否,-233817.5,0
2024-07-01,2024-07,方案B（P：按命中概率选）,否,HOME,AWAY,5,2/3,0.4682327929031832,-0.10169559528932703,0.4682327929031832,100,"{2: 50.0, 3: 50.0}",未命中,-100.0,否,-233917.5,1
2024-07-01,2024-07,方案B（P：按命中概率选）,否,HOME,AWAY,3,2/3,0.4682327929031832,-0.16360197456475012,0.4682327929031832,300,"{2: 150.0, 3: 150.0}",命中,300.0,否,-233617.5,0
2024-07-01,2024-07,方案B（P：按命中概率选）,否,HOME,AWAY,0,2/3,0.4682327929031832,-0.1526987799659807,0.4682327929031832,100,"{2: 50.0, 3: 50.0}",未命中,-100.0,否,-233717.5,1
2024-07-02,2024-07,方案B（P：按命中概率选）,否,HOME,AWAY,0,2/3,0.4682327929031832,-0.15333462592250546,0.4682327929031832,300,"{2: 150.0, 3: 150.0}",未命中,-300.0,否,-234017.5,2
2024-07-02,2024-07,方案B（P：按命中概率选）,否,HOME,AWAY,1,2/3,0.4682327929031832,-0.1627993493409401,0.4682327929031832,900,"{2: 450.0, 3: 450.0}",未命中,-900.0,否,-234917.5,3
2024-07-02,2024-07,方案B（P：按命中概率选）,否,HOME,AWAY,4,2/3,0.4682327929031832,-0.133769333129111,0.4682327929031832,2700,"{2: 1350.0, 3: 1350.0}",未命中,-2700.0,否,-237617.5,4
2024-07-02,2024-07,方案B（P：按命中概率选）,否,HOME,AWAY,1,2/3,0.4682327929031832,-0.15413725114631538,0.4682327929031832,8100,"{2: 4050.0, 3: 4050.0}",未命中,-8100.0,否,-245717.5,5
2024-07-03,2024-07,方案B（P：按命中概率选）,否,HOME,AWAY,3,2/3,0.4682327929031832,-0.1595888484457002,0.4682327929031832,24300,"{2: 12150.0, 3: 12150.0}",命中,21262.5,否,-224455.0,0
2024-07-03,2024-07,方案B（P：按命中概率选）,否,HOME,AWAY,3,2/3,0.4682327929031832,-0.16584307096889495,0.4682327929031832,100,"{2: 50.0, 3: 50.0}",命中,87.5,否,-224367.5,0
2024-07-03,2024-07,方案B（P：按命中概率选）,否,HOME,AWAY,2,2/3,0.4682327929031832,-0.17450516916351977,0.4682327929031832,100,"{2: 50.0, 3: 50.0}",命中,60.000000000000014,否,-224307.5,0
2024-07-03,2024-07,方案B（P：按命中概率选）,否,HOME,AWAY,3,2/3,0.4682327929031832,-0.17995676646290448,0.4682327929031832,100,"{2: 50.0, 3: 50.0}",命中,92.5,否,-224215.0,0
2024-07-03,2024-07,方案B（P：按命中概率选）,否,HOME,AWAY,1,2/3,0.4682327929031832,-0.032899147534184436,0.4682327929031832,100,"{2: 50.0, 3: 50.0}",未命中,-100.0,否,-224315.0,1
2024-07-04,2024-07,方案B（P：按命中概率选）,否,HOME,AWAY,3,2/3,0.4682327929031832,-0.0875818997953175,0.4682327929031832,300,"{2: 150.0, 3: 150.0}",命中,232.5,否,-224082.5,0
2024-07-04,2024-07,方案B（P：按命中概率选）,否,HOME,AWAY,7,2/3,0.4682327929031832,-0.1000903448417072,0.4682327929031832,100,"{2: 50.0, 3: 50.0}",未命中,-100.0,否,-224182.5,1
2024-07-04,2024-07,方案B（P：按命中概率选）,否,HOME,AWAY,3,2/3,0.4682327929031832,-0.14467252772788064,0.4682327929031832,300,"{2: 150.0, 3: 150.0}",命中,240.0,否,-223942.5,0
2024-08-01,2024-08,方案B（P：按命中概率选）,否,HOME,AWAY,4,2/3,0.45659976447995315,-0.06737069382818084,0.45659976447995315,100,"{2: 50.0, 3: 50.0}",未命中,-100.0,否,-224042.5,1
2024-08-01,2024-08,方案B（P：按命中概率选）,否,HOME,AWAY,5,2/3,0.45659976447995315,0.41060182558487646,0.45659976447995315,300,"{2: 150.0, 3: 150.0}",未命中,-300.0,否,-224342.5,2
2024-08-01,2024-08,方案B（P：按命中概率选）,否,HOME,AWAY,1,2/3,0.45659976447995315,-0.16646255760893658,0.45659976447995315,900,"{2: 450.0, 3: 450.0}",未命中,-900.0,否,-225242.5,3
2024-08-01,2024-08,方案B（P：按命中概率选）,否,HOME,AWAY,3,2/3,0.45659976447995315,-0.11424503135192077,0.45659976447995315,2700,"{2: 1350.0, 3: 1350.0}",命中,2227.5,否,-223015.0,0
2024-08-01,2024-08,方案B（P：按命中概率选）,否,HOME,AWAY,3,2/3,0.45659976447995315,-0.03895464465575815,0.45659976447995315,100,"{2: 50.0, 3: 50.0}",命中,87.5,否,-222927.5,0
2024-08-01,2024-08,方案B（P：按命中概率选）,否,HOME,AWAY,1,2/3,0.45659976447995315,-0.1492186303333639,0.45659976447995315,100,"{2: 50.0, 3: 50.0}",未命中,-100.0,否,-223027.5,1
2024-08-01,2024-08,方案B（P：按命中概率选）,否,HOME,AWAY,3,2/3,0.45659976447995315,-0.10768748154290009,0.45659976447995315,300,"{2: 150.0, 3: 150.0}",命中,225.0,否,-222802.5,0
2024-08-02,2024-08,方案B（P：按命中概率选）,否,HOME,AWAY,2,2/3,0.45659976447995315,-0.1375607640062162,0.45659976447995315,100,"{2: 50.0, 3: 50.0}",命中,95.0,否,-222707.5,0
2024-08-02,2024-08,方案B（P：按命中概率选）,否,HOME,AWAY,5,2/3,0.45659976447995315,-0.13197470305779113,0.45659976447995315,100,"{2: 50.0, 3: 50.0}",未命中,-100.0,否,-222807.5,1
2024-08-02,2024-08,方案B（P：按命中概率选）,否,HOME,AWAY,1,2/3,0.45659976447995315,-0.16087649666051163,0.45659976447995315,300,"{2: 150.0, 3: 150.0}",未命中,-300.0,否,-223107.5,2
2024-08-02,2024-08,方案B（P：按命中概率选）,否,HOME,AWAY,4,2/3,0.45659976447995315,-0.15553330792723563,0.45659976447995315,900,"{2: 450.0, 3: 450.0}",未命中,-900.0,否,-224007.5,3
2024-08-02,2024-08,方案B（P：按命中概率选）,否,HOME,AWAY,4,2/3,0.45659976447995315,-0.13173183084264228,0.45659976447995315,2700,"{2: 1350.0, 3: 1350.0}",未命中,-2700.0,否,-226707.5,4
2024-08-02,2024-08,方案B（P：按命中概率选）,否,HOME,AWAY,3,2/3,0.45659976447995315,-0.18516371817540267,0.45659976447995315,8100,"{2: 4050.0, 3: 4050.0}",命中,7492.5,否,-219215.0,0
2024-08-03,2024-08,方案B（P：按命中概率选）,否,HOME,AWAY,2,2/3,0.45659976447995315,-0.15529043571208656,0.45659976447995315,100,"{2: 50.0, 3: 50.0}",命中,85.0,否,-219130.0,0
2024-08-03,2024-08,方案B（P：按命中概率选）,否,HOME,AWAY,2,2/3,0.45659976447995315,-0.1963358400722527,0.45659976447995315,100,"{2: 50.0, 3: 50.0}",命中,64.99999999999999,否,-219065.0,0
2024-08-03,2024-08,方案B（P：按命中概率选）,否,HOME,AWAY,3,2/3,0.45659976447995315,-0.08534323774920027,0.45659976447995315,100,"{2: 50.0, 3: 50.0}",命中,85.0,否,-218980.0,0
2024-09-01,2024-09,方案B（P：按命中概率选）,否,HOME,AWAY,7,2/3,0.464413451819953,-0.09713157750985546,0.464413451819953,100,"{2: 50.0, 3: 50.0}",未命中,-100.0,否,-219080.0,1
2024-09-01,2024-09,方案B（P：按命中概率选）,否,HOME,AWAY,5,2/3,0.464413451819953,-0.06118516513645522,0.464413451819953,300,"{2: 150.0, 3: 150.0}",未命中,-300.0,否,-219380.0,2
2024-09-01,2024-09,方案B（P：按命中概率选）,否,HOME,AWAY,1,2/3,0.464413451819953,-0.1734860162042713,0.464413451819953,900,"{2: 450.0, 3: 450.0}",未命中,-900.0,否,-220280.0,3
2024-09-01,2024-09,方案B（P：按命中概率选）,否,HOME,AWAY,1,2/3,0.464413451819953,-0.17237061271736753,0.464413451819953,2700,"{2: 1350.0, 3: 1350.0}",未命中,-2700.0,否,-222980.0,4
2024-09-01,2024-09,方案B（P：按命中概率选）,否,HOME,AWAY,3,2/3,0.464413451819953,-0.125979967693868,0.464413451819953,8100,"{2: 4050.0, 3: 4050.0}",命中,10327.5,否,-212652.5,0
2024-09-01,2024-09,方案B（P：按命中概率选）,否,HOME,AWAY,3,2/3,0.464413451819953,-0.1347510951136115,0.464413451819953,100,"{2: 50.0, 3: 50.0}",命中,85.0,否,-212567.5,0
2024-09-01,2024-09,方案B（P：按命中概率选）,否,HOME,AWAY,1,2/3,0.464413451819953,-0.08121172774222829,0.464413451819953,100,"{2: 50.0, 3: 50.0}",未命中,-100.0,否,-212667.5,1
2024-09-01,2024-09,方案B（P：按命中概率选）,否,HOME,AWAY,4,2/3,0.464413451819953,-0.17125520923046378,0.464413451819953,300,"{2: 150.0, 3: 150.0}",未命中,-300.0,否,-212967.5,2
2024-09-01,2024-09,方案B（P：按命中概率选）,否,HOME,AWAY,2,2/3,0.464413451819953,-0.15300315217203764,0.464413451819953,900,"{2: 450.0, 3: 450.0}",命中,720.0,否,-212247.5,0
2024-09-01,2024-09,方案B（P：按命中概率选）,否,HOME,AWAY,2,2/3,0.464413451819953,-0.12090995184430509,0.464413451819953,100,"{2: 50.0, 3: 50.0}",命中,100.0,否,-212147.5,0
2024-09-01,2024-09,方案B（P：按命中概率选）,否,HOME,AWAY,1,2/3,0.464413451819953,-0.12090995184430509,0.464413451819953,100,"{2: 50.0, 3: 50.0}",未命中,-100.0,否,-212247.5,1
2024-09-01,2024-09,方案B（P：按命中概率选）,否,HOME,AWAY,2,2/3,0.464413451819953,-0.04293310807802908,0.464413451819953,300,"{2: 150.0, 3: 150.0}",命中,382.5,否,-211865.0,0
2024-09-01,2024-09,方案B（P：按命中概率选）,否,HOME,AWAY,1,2/3,0.464413451819953,-0.17069750748701185,0.464413451819953,100,"{2: 50.0, 3: 50.0}",未命中,-100.0,否,-211965.0,1
2024-09-01,2024-09,方案B（P：按命中概率选）,否,HOME,AWAY,4,2/3,0.464413451819953,0.004065938847418238,0.464413451819953,300,"{2: 150.0, 3: 150.0}",未命中,-300.0,否,-212265.0,2
2024-09-01,2024-09,方案B（P：按命中概率选）,否,HOME,AWAY,0,2/3,0.464413451819953,-0.18950726628888992,0.464413451819953,900,"{2: 450.0, 3: 450.0}",未命中,-900.0,否,-213165.0,3
2024-09-01,2024-09,方案B（P：按命中概率选）,否,HOME,AWAY,2,2/3,0.464413451819953,-0.13971971064618316,0.464413451819953,2700,"{2: 1350.0, 3: 1350.0}",命中,2429.9999999999995,否,-210735.0,0
2024-10-01,2024-10,方案B（P：按命中概率选）,否,HOME,AWAY,2,2/3,0.44261908107732156,-0.19222017703388816,0.44261908107732156,100,"{2: 50.0, 3: 50.0}",命中,82.5,否,-210652.5,0
2024-10-01,2024-10,方案B（P：按命中概率选）,否,HOME,AWAY,2,2/3,0.44261908107732156,-0.19209256856735024,0.44261908107732156,100,"{2: 50.0, 3: 50.0}",命中,80.0,否,-210572.5,0
2024-10-01,2024-10,方案B（P：按命中概率选）,否,HOME,AWAY,3,2/3,0.44261908107732156,0.06584060186770024,0.44261908107732156,100,"{2: 50.0, 3: 50.0}",命中,102.5,否,-210470.0,0
2024-10-01,2024-10,方案B（P：按命中概率选）,否,HOME,AWAY,5,2/3,0.44261908107732156,-0.18128230847349303,0.44261908107732156,100,"{2: 50.0, 3: 50.0}",未命中,-100.0,否,-210570.0,1
2024-10-01,2024-10,方案B（P：按命中概率选）,否,HOME,AWAY,4,2/3,0.44261908107732156,-0.20837176294140491,0.44261908107732156,300,"{2: 150.0, 3: 150.0}",未命中,-300.0,否,-210870.0,2
2024-10-01,2024-10,方案B（P：按命中概率选）,否,HOME,AWAY,4,2/3,0.44261908107732156,-0.0883104257101347,0.44261908107732156,900,"{2: 450.0, 3: 450.0}",未命中,-900.0,否,-211770.0,3
2024-10-01,2024-10,方案B（P：按命中概率选）,否,HOME,AWAY,4,2/3,0.44261908107732156,-0.1488515281919216,0.44261908107732156,2700,"{2: 1350.0, 3: 1350.0}",未命中,-2700.0,否,-214470.0,4
2024-10-05,2024-10,方案B（P：按命中概率选）,否,HOME,AWAY,4,2/3,0.44261908107732156,0.2693396464338509,0.44261908107732156,8100,"{2: 4050.0, 3: 4050.0}",未命中,-8100.0,否,-222570.0,5
2024-10-05,2024-10,方案B（P：按命中概率选）,否,HOME,AWAY,1,2/3,0.44261908107732156,-0.17059965684617384,0.44261908107732156,24300,"{2: 12150.0, 3: 12150.0}",未命中,-24300.0,否,-246870.0,6
2024-10-05,2024-10,方案B（P：按命中概率选）,否,HOME,AWAY,4,2/3,0.44261908107732156,-0.20849937140794284,0.44261908107732156,72900,"{2: 36450.0, 3: 36450.0}",未命中,-72900.0,否,-319770.0,7
2024-10-05,2024-10,方案B（P：按命中概率选）,否,HOME,AWAY,1,2/3,0.44261908107732156,-0.20862697987448076,0.44261908107732156,218700,"{2: 109350.0, 3: 109350.0}",未命中,-218700.0,是,-538470.0,0
2024-10-05,2024-10,方案B（P：按命中概率选）,否,HOME,AWAY,1,2/3,0.44261908107732156,-0.09924829427052984,0.44261908107732156,100,"{2: 50.0, 3: 50.0}",未命中,-100.0,否,-538570.0,1
2024-10-05,2024-10,方案B（P：按命中概率选）,否,HOME,AWAY,3,2/3,0.44261908107732156,-0.19247539396696411,0.44261908107732156,300,"{2: 150.0, 3: 150.0}",命中,232.5,否,-538337.5,0
2024-10-05,2024-10,方案B（P：按命中概率选）,否,HOME,AWAY,4,2/3,0.44261908107732156,-0.02217278048161242,0.44261908107732156,100,"{2: 50.0, 3: 50.0}",未命中,-100.0,否,-538437.5,1
2024-10-05,2024-10,方案B（P：按命中概率选）,否,HOME,AWAY,5,2/3,0.44261908107732156,-0.16513072256597638,0.44261908107732156,300,"{2: 150.0, 3: 150.0}",未命中,-300.0,否,-538737.5,2
2024-10-05,2024-10,方案B（P：按命中概率选）,否,HOME,AWAY,5,2/3,0.44261908107732156,-0.08271388296339921,0.44261908107732156,900,"{2: 450.0, 3: 450.0}",未命中,-900.0,否,-539637.5,3
2024-11-01,2024-11,方案B（P：按命中概率选）,否,HOME,AWAY,6,2/3,0.45629209331441,-0.17960544038776494,0.45629209331441,2700,"{2: 1350.0, 3: 1350.0}",未命中,-2700.0,否,-542337.5,4
2024-11-01,2024-11,方案B（P：按命中概率选）,否,HOME,AWAY,1,2/3,0.45629209331441,-0.17378538817712186,0.45629209331441,8100,"{2: 4050.0, 3: 4050.0}",未命中,-8100.0,否,-550437.5,5
2024-11-01,2024-11,方案B（P：按命中概率选）,否,HOME,AWAY,2,2/3,0.45629209331441,-0.16680132552435034,0.45629209331441,24300,"{2: 12150.0, 3: 12150.0}",命中,21262.5,否,-529175.0,0
2024-11-01,2024-11,方案B（P：按命中概率选）,否,HOME,AWAY,5,2/3,0.45629209331441,-0.06273879199805366,0.45629209331441,100,"{2: 50.0, 3: 50.0}",未命中,-100.0,否,-529275.0,1
2024-11-01,2024-11,方案B（P：按命中概率选）,否,HOME,AWAY,1,2/3,0.45629209331441,-0.16214528375583592,0.45629209331441,300,"{2: 150.0, 3: 150.0}",未命中,-300.0,否,-529575.0,2
2024-11-02,2024-11,方案B（P：按命中概率选）,否,HOME,AWAY,1,2/3,0.45629209331441,-0.17401819026554755,0.45629209331441,900,"{2: 450.0, 3: 450.0}",未命中,-900.0,否,-530475.0,3
2024-11-02,2024-11,方案B（P：按命中概率选）,否,HOME,AWAY,2,2/3,0.45629209331441,-0.1854254925984078,0.45629209331441,2700,"{2: 1350.0, 3: 1350.0}",命中,1822.5,否,-528652.5,0
2024-11-02,2024-11,方案B（P：按命中概率选）,否,HOME,AWAY,0,2/3,0.45629209331441,0.01781073059724525,0.45629209331441,100,"{2: 50.0, 3: 50.0}",未命中,-100.0,否,-528752.5,1
2024-11-02,2024-11,方案B（P：按命中概率选）,否,HOME,AWAY,4,2/3,0.45629209331441,-0.1805366487414677,0.45629209331441,300,"{2: 150.0, 3: 150.0}",未命中,-300.0,否,-529052.5,2
2024-11-02,2024-11,方案B（P：按命中概率选）,否,HOME,AWAY,2,2/3,0.45629209331441,-0.19101274272062518,0.45629209331441,900,"{2: 450.0, 3: 450.0}",命中,607.5,否,-528445.0,0
2024-11-02,2024-11,方案B（P：按命中概率选）,否,HOME,AWAY,3,2/3,0.45629209331441,-0.12629376213827515,0.45629209331441,100,"{2: 50.0, 3: 50.0}",命中,80.0,否,-528365.0,0
2024-11-02,2024-11,方案B（P：按命中概率选）,否,HOME,AWAY,1,2/3,0.45629209331441,-0.14980677306927281,0.45629209331441,100,"{2: 50.0, 3: 50.0}",未命中,-100.0,否,-528465.0,1
2024-11-02,2024-11,方案B（P：按命中概率选）,否,HOME,AWAY,1,2/3,0.45629209331441,-0.19706559701969373,0.45629209331441,300,"{2: 150.0, 3: 150.0}",未命中,-300.0,否,-528765.0,2
2024-11-02,2024-11,方案B（P：按命中概率选）,否,HOME,AWAY,2,2/3,0.45629209331441,-0.14375391877020416,0.45629209331441,900,"{2: 450.0, 3: 450.0}",命中,855.0,否,-527910.0,0
2024-11-02,2024-11,方案B（P：按命中概率选）,否,HOME,AWAY,2,2/3,0.45629209331441,-0.13816666864798677,0.45629209331441,100,"{2: 50.0, 3: 50.0}",命中,95.0,否,-527815.0,0
2024-11-02,2024-11,方案B（P：按命中概率选）,否,HOME,AWAY,2,2/3,0.45629209331441,-0.14375391877020416,0.45629209331441,100,"{2: 50.0, 3: 50.0}",命中,95.0,否,-527720.0,0
2024-12-01,2024-12,方案B（P：按命中概率选）,否,HOME,AWAY,2,2/3,0.45134152486997803,-0.13074123446955865,0.45134152486997803,100,"{2: 50.0, 3: 50.0}",命中,104.99999999999997,否,-527615.0,0
2024-12-01,2024-12,方案B（P：按命中概率选）,否,HOME,AWAY,3,2/3,0.45134152486997803,-0.1878410533274797,0.45134152486997803,100,"{2: 50.0, 3: 50.0}",命中,87.5,否,-527527.5,0
2024-12-01,2024-12,方案B（P：按命中概率选）,否,HOME,AWAY,4,2/3,0.45134152486997803,-0.17621645108114337,0.45134152486997803,100,"{2: 50.0, 3: 50.0}",未命中,-100.0,否,-527627.5,1
2024-12-01,2024-12,方案B（P：按命中概率选）,否,HOME,AWAY,5,2/3,0.45134152486997803,-0.19361072143507452,0.45134152486997803,300,"{2: 150.0, 3: 150.0}",未命中,-300.0,否,-527927.5,2
2024-12-01,2024-12,方案B（P：按命中概率选）,否,HOME,AWAY,3,2/3,0.45134152486997803,-0.1423658367158951,0.45134152486997803,900,"{2: 450.0, 3: 450.0}",命中,787.5,否,-527140.0,0
2024-12-01,2024-12,方案B（P：按命中概率选）,否,HOME,AWAY,3,2/3,0.45134152486997803,-0.17664278123687693,0.45134152486997803,100,"{2: 50.0, 3: 50.0}",命中,92.5,否,-527047.5,0
2024-12-01,2024-12,方案B（P：按命中概率选）,否,HOME,AWAY,4,2/3,0.45134152486997803,-0.19352545540392785,0.45134152486997803,100,"{2: 50.0, 3: 50.0}",未命中,-100.0,否,-527147.5,1
2024-12-01,2024-12,方案B（P：按命中概率选）,否,HOME,AWAY,7,2/3,0.45134152486997803,-0.1365109025771536,0.45134152486997803,300,"{2: 150.0, 3: 150.0}",未命中,-300.0,否,-527447.5,2
2024-12-01,2024-12,方案B（P：按命中概率选）,否,HOME,AWAY,2,2/3,0.45134152486997803,-0.06286947367676854,0.45134152486997803,900,"{2: 450.0, 3: 450.0}",命中,1125.0,否,-526322.5,0
2024-12-01,2024-12,方案B（P：按命中概率选）,否,HOME,AWAY,1,2/3,0.45134152486997803,-0.10257502218075842,0.45134152486997803,100,"{2: 50.0, 3: 50.0}",未命中,-100.0,否,-526422.5,1
2024-12-01,2024-12,方案B（P：按命中概率选）,否,HOME,AWAY,1,2/3,0.45134152486997803,-0.18792631935862647,0.45134152486997803,300,"{2: 150.0, 3: 150.0}",未命中,-300.0,否,-526722.5,2
2024-12-01,2024-12,方案B（P：按命中概率选）,否,HOME,AWAY,5,2/3,0.45134152486997803,-0.1877557872963329,0.45134152486997803,900,"{2: 450.0, 3: 450.0}",未命中,-900.0,否,-527622.5,3
2024-12-01,2024-12,方案B（P：按命中概率选）,否,HOME,AWAY,4,2/3,0.45134152486997803,-0.13074123446955865,0.45134152486997803,2700,"{2: 1350.0, 3: 1350.0}",未命中,-2700.0,否,-530322.5,4
2024-12-01,2024-12,方案B（P：按命中概率选）,否,HOME,AWAY,5,2/3,0.45134152486997803,-0.17630171711229015,0.45134152486997803,8100,"{2: 4050.0, 3: 4050.0}",未命中,-8100.0,否,-538422.5,5
2024-12-01,2024-12,方案B（P：按命中概率选）,否,HOME,AWAY,3,2/3,0.45134152486997803,-0.17698384536146383,0.45134152486997803,24300,"{2: 12150.0, 3: 12150.0}",命中,24907.5,否,-513515.0,0
2024-12-01,2024-12,方案B（P：按命中概率选）,否,HOME,AWAY,6,2/3,0.45134152486997803,-0.07966688181267267,0.45134152486997803,100,"{2: 50.0, 3: 50.0}",未命中,-100.0,否,-513615.0,1
