date,month_id,scheme,ev_fallback,home_team,away_team,y_true,selected_set,p_selected,ev_selected,score,stake_total,stake_split,hit,profit,stoploss,bankroll,martingale_level
2015-02-01,2015-02,EV,0,HOME,AWAY,3,"(1, 2)",0.46521036680976696,0.3324954077908324,0.3324954077908324,100,"{1: 50.0, 2: 50.0}",0,-100.0,0,-100.0,1
2015-02-01,2015-02,EV,0,HOME,AWAY,4,"(1, 2)",0.46521036680976696,0.28057460792367106,0.28057460792367106,300,"{1: 150.0, 2: 150.0}",0,-300.0,0,-400.0,2
2015-02-02,2015-02,EV,0,HOME,AWAY,5,"(1, 2)",0.46521036680976696,0.3582481245249447,0.3582481245249447,900,"{1: 450.0, 2: 450.0}",0,-900.0,0,-1300.0,3
2015-02-04,2015-02,EV,0,HOME,AWAY,3,"(1, 2)",0.46521036680976696,0.43633700752515536,0.43633700752515536,2700,"{1: 1350.0, 2: 1350.0}",0,-2700.0,0,-4000.0,4
2015-02-04,2015-02,EV,0,HOME,AWAY,2,"(1, 2)",0.46521036680976696,0.423045282759162,0.423045282759162,8100,"{1: 4050.0, 2: 4050.0}",1,10529.999999999998,0,6529.999999999998,0
2015-02-05,2015-02,EV,0,HOME,AWAY,3,"(1, 2)",0.46521036680976696,0.34537176615788856,0.34537176615788856,100,"{1: 50.0, 2: 50.0}",0,-100.0,0,6429.999999999998,1
2015-02-08,2015-02,EV,0,HOME,AWAY,4,"(1, 2)",0.46521036680976696,0.423045282759162,0.423045282759162,300,"{1: 150.0, 2: 150.0}",0,-300.0,0,6129.999999999998,2
2015-02-10,2015-02,EV,0,HOME,AWAY,7,"(1, 2)",0.46521036680976696,0.28057460792367106,0.28057460792367106,900,"{1: 450.0, 2: 450.0}",0,-900.0,0,5229.999999999998,3
2015-02-12,2015-02,EV,0,HOME,AWAY,4,"(1, 2)",0.46521036680976696,0.3324954077908324,0.3324954077908324,2700,"{1: 1350.0, 2: 1350.0}",0,-2700.0,0,2529.999999999998,4
2015-02-14,2015-02,EV,0,HOME,AWAY,7,"(1, 2)",0.46521036680976696,0.3389335869743606,0.3389335869743606,8100,"{1: 4050.0, 2: 4050.0}",0,-8100.0,0,-5570.000000000002,5
2015-02-15,2015-02,EV,0,HOME,AWAY,2,"(1, 2)",0.46521036680976696,0.7590766994994311,0.7590766994994311,24300,"{1: 12150.0, 2: 12150.0}",1,48600.0,0,43030.0,0
2015-02-16,2015-02,EV,0,HOME,AWAY,5,"(1, 2)",0.46521036680976696,1.1152533865881593,1.1152533865881593,100,"{1: 50.0, 2: 50.0}",0,-100.0,0,42930.0,1
2015-02-28,2015-02,EV,0,HOME,AWAY,5,"(1, 2)",0.46521036680976696,0.423045282759162,0.423045282759162,300,"{1: 150.0, 2: 150.0}",0,-300.0,0,42630.0,2
2015-02-28,2015-02,EV,0,HOME,AWAY,3,"(1, 2)",0.46521036680976696,0.28057460792367106,0.28057460792367106,900,"{1: 450.0, 2: 450.0}",0,-900.0,0,41730.0,3
2015-02-28,2015-02,EV,0,HOME,AWAY,5,"(1, 2)",0.46521036680976696,0.26769824955661514,0.26769824955661514,2700,"{1: 1350.0, 2: 1350.0}",0,-2700.0,0,39030.0,4
2015-02-28,2015-02,EV,0,HOME,AWAY,3,"(1, 2)",0.46521036680976696,0.26769824955661514,0.26769824955661514,8100,"{1: 4050.0, 2: 4050.0}",0,-8100.0,0,30930.0,5
2015-03-02,2015-03,EV,0,HOME,AWAY,2,"(1, 2)",0.4468056497752383,0.3094280296684575,0.3094280296684575,24300,"{1: 12150.0, 2: 12150.0}",1,29160.000000000007,0,60090.00000000001,0
2015-03-03,2015-03,EV,0,HOME,AWAY,6,"(1, 2)",0.4468056497752383,0.29766101064765893,0.29766101064765893,100,"{1: 50.0, 2: 50.0}",0,-100.0,0,59990.00000000001,1
2015-03-05,2015-03,EV,0,HOME,AWAY,2,"(1, 2)",0.4468056497752383,0.9251135466324607,0.9251135466324607,300,"{1: 150.0, 2: 150.0}",1,600.0,0,60590.00000000001,0
2015-03-07,2015-03,EV,0,HOME,AWAY,5,"(1, 2)",0.4468056497752383,0.358981066290204,0.358981066290204,100,"{1: 50.0, 2: 50.0}",0,-100.0,0,60490.00000000001,1
2015-03-08,2015-03,EV,0,HOME,AWAY,7,"(1, 2)",0.4468056497752383,1.2459658044045376,1.2459658044045376,300,"{1: 150.0, 2: 150.0}",0,-300.0,0,60190.00000000001,2
2015-03-10,2015-03,EV,0,HOME,AWAY,1,"(1, 2)",0.4468056497752383,0.28506567144734296,0.28506567144734296,900,"{1: 450.0, 2: 450.0}",1,2475.0,0,62665.00000000001,0
2015-03-11,2015-03,EV,0,HOME,AWAY,7,"(1, 2)",0.4468056497752383,0.33461870806908944,0.33461870806908944,100,"{1: 50.0, 2: 50.0}",0,-100.0,0,62565.00000000001,1
2015-03-15,2015-03,EV,0,HOME,AWAY,3,"(1, 2)",0.4468056497752383,0.3778740750906784,0.3778740750906784,300,"{1: 150.0, 2: 150.0}",0,-300.0,0,62265.00000000001,2
2015-03-16,2015-03,EV,0,HOME,AWAY,2,"(1, 2)",0.4468056497752383,0.9880902426340414,0.9880902426340414,900,"{1: 450.0, 2: 450.0}",1,2025.0,0,64290.00000000001,0
2015-03-17,2015-03,EV,0,HOME,AWAY,3,"(1, 2)",0.4468056497752383,1.2459658044045376,1.2459658044045376,100,"{1: 50.0, 2: 50.0}",0,-100.0,0,64190.00000000001,1
2015-03-17,2015-03,EV,0,HOME,AWAY,7,"(1, 2)",0.4468056497752383,0.358981066290204,0.358981066290204,300,"{1: 150.0, 2: 150.0}",0,-300.0,0,63890.00000000001,2
2015-03-23,2015-03,EV,0,HOME,AWAY,3,"(1, 2)",0.4468056497752383,0.29766101064765893,0.29766101064765893,900,"{1: 450.0, 2: 450.0}",0,-900.0,0,62990.00000000001,3
2015-03-28,2015-03,EV,0,HOME,AWAY,6,"(1, 2)",0.4468056497752383,1.5353297141758242,1.5353297141758242,2700,"{1: 1350.0, 2: 1350.0}",0,-2700.0,0,60290.00000000001,4
2015-03-29,2015-03,EV,0,HOME,AWAY,3,"(1, 2)",0.4468056497752383,0.3102563498479751,0.3102563498479751,8100,"{1: 4050.0, 2: 4050.0}",0,-8100.0,0,52190.00000000001,5
2015-03-29,2015-03,EV,0,HOME,AWAY,2,"(1, 2)",0.4468056497752383,0.3102563498479751,0.3102563498479751,24300,"{1: 12150.0, 2: 12150.0}",1,31589.999999999993,0,83780.0,0
2015-03-30,2015-03,EV,0,HOME,AWAY,7,"(1, 2)",0.4468056497752383,2.4663981394912637,2.4663981394912637,100,"{1: 50.0, 2: 50.0}",0,-100.0,0,83680.0,1
2015-04-05,2015-04,EV,0,HOME,AWAY,7,"(1, 2)",0.4721329001992603,0.7992091602188025,0.7992091602188025,300,"{1: 150.0, 2: 150.0}",0,-300.0,0,83380.0,2
2015-04-09,2015-04,EV,0,HOME,AWAY,4,"(1, 2)",0.4721329001992603,1.3968188221827313,1.3968188221827313,900,"{1: 450.0, 2: 450.0}",0,-900.0,0,82480.0,3
2015-04-09,2015-04,EV,0,HOME,AWAY,2,"(1, 2)",0.4721329001992603,0.6977643884192319,0.6977643884192319,2700,"{1: 1350.0, 2: 1350.0}",1,4455.0,0,86935.0,0
2015-04-11,2015-04,EV,0,HOME,AWAY,3,"(1, 2)",0.4721329001992603,0.7237104306824347,0.7237104306824347,100,"{1: 50.0, 2: 50.0}",0,-100.0,0,86835.0,1
2015-04-11,2015-04,EV,0,HOME,AWAY,3,"(1, 2)",0.4721329001992603,0.4279893506251953,0.4279893506251953,300,"{1: 150.0, 2: 150.0}",0,-300.0,0,86535.0,2
2015-04-18,2015-04,EV,0,HOME,AWAY,6,"(1, 2)",0.4721329001992603,0.387794252364988,0.387794252364988,900,"{1: 450.0, 2: 450.0}",0,-900.0,0,85635.0,3
2015-04-18,2015-04,EV,0,HOME,AWAY,2,"(1, 2)",0.4721329001992603,0.387794252364988,0.387794252364988,2700,"{1: 1350.0, 2: 1350.0}",1,3442.5,0,89077.5,0
2015-04-19,2015-04,EV,0,HOME,AWAY,3,"(1, 2)",0.4721329001992603,0.6977643884192319,0.6977643884192319,100,"{1: 50.0, 2: 50.0}",0,-100.0,0,88977.5,1
2015-04-19,2015-04,EV,0,HOME,AWAY,4,"(1, 2)",0.4721329001992603,0.5135900228460071,0.5135900228460071,300,"{1: 150.0, 2: 150.0}",0,-300.0,0,88677.5,2
2015-04-19,2015-04,EV,0,HOME,AWAY,1,"(1, 2)",0.4721329001992603,0.4604219034541983,0.4604219034541983,900,"{1: 450.0, 2: 450.0}",1,2700.0,0,91377.5,0
2015-04-19,2015-04,EV,0,HOME,AWAY,5,"(1, 2)",0.4721329001992603,0.4344758611909958,0.4344758611909958,100,"{1: 50.0, 2: 50.0}",0,-100.0,0,91277.5,1
2015-04-19,2015-04,EV,0,HOME,AWAY,3,"(1, 2)",0.4721329001992603,0.38130774179918725,0.38130774179918725,300,"{1: 150.0, 2: 150.0}",0,-300.0,0,90977.5,2
2015-04-22,2015-04,EV,0,HOME,AWAY,4,"(1, 2)",0.4721329001992603,0.5265630439776081,0.5265630439776081,900,"{1: 450.0, 2: 450.0}",0,-900.0,0,90077.5,3
2015-04-25,2015-04,EV,0,HOME,AWAY,2,"(1, 2)",0.4721329001992603,0.4604219034541983,0.4604219034541983,2700,"{1: 1350.0, 2: 1350.0}",1,3645.0,0,93722.5,0
2015-04-29,2015-04,EV,0,HOME,AWAY,6,"(1, 2)",0.4721329001992603,1.568020166624355,1.568020166624355,100,"{1: 50.0, 2: 50.0}",0,-100.0,0,93622.5,1
2015-04-30,2015-04,EV,0,HOME,AWAY,3,"(1, 2)",0.4721329001992603,1.0129450001738731,1.0129450001738731,300,"{1: 150.0, 2: 150.0}",0,-300.0,0,93322.5,2
2015-05-02,2015-05,EV,0,HOME,AWAY,3,"(1, 2)",0.4033203977611578,0.2887464511070039,0.2887464511070039,900,"{1: 450.0, 2: 450.0}",0,-900.0,0,92422.5,3
2015-05-02,2015-05,EV,0,HOME,AWAY,3,"(1, 2)",0.4033203977611578,0.276930750013173,0.276930750013173,2700,"{1: 1350.0, 2: 1350.0}",0,-2700.0,0,89722.5,4
2015-05-10,2015-05,EV,0,HOME,AWAY,2,"(1, 2)",0.4033203977611578,0.7700588264062409,0.7700588264062409,8100,"{1: 4050.0, 2: 4050.0}",1,18225.0,0,107947.5,0
2015-05-10,2015-05,EV,0,HOME,AWAY,2,"(1, 2)",0.4033203977611578,0.7109803209370857,0.7109803209370857,100,"{1: 50.0, 2: 50.0}",1,200.0,0,108147.5,0
2015-05-10,2015-05,EV,0,HOME,AWAY,3,"(1, 2)",0.4033203977611578,0.37776084945346255,0.37776084945346255,100,"{1: 50.0, 2: 50.0}",0,-100.0,0,108047.5,1
2015-05-10,2015-05,EV,0,HOME,AWAY,4,"(1, 2)",0.4033203977611578,0.3304980450781385,0.3304980450781385,300,"{1: 150.0, 2: 150.0}",0,-300.0,0,107747.5,2
2015-05-17,2015-05,EV,0,HOME,AWAY,6,"(1, 2)",0.4033203977611578,0.42542029397151215,0.42542029397151215,900,"{1: 450.0, 2: 450.0}",0,-900.0,0,106847.5,3
2015-05-17,2015-05,EV,0,HOME,AWAY,3,"(1, 2)",0.4033203977611578,0.2946543016539196,0.2946543016539196,2700,"{1: 1350.0, 2: 1350.0}",0,-2700.0,0,104147.5,4
2015-05-17,2015-05,EV,0,HOME,AWAY,6,"(1, 2)",0.4033203977611578,0.276930750013173,0.276930750013173,8100,"{1: 4050.0, 2: 4050.0}",0,-8100.0,0,96047.5,5
2015-05-23,2015-05,EV,0,HOME,AWAY,5,"(1, 2)",0.4033203977611578,0.3423137461719694,0.3423137461719694,24300,"{1: 12150.0, 2: 12150.0}",0,-24300.0,0,71747.5,6
2015-05-23,2015-05,EV,0,HOME,AWAY,2,"(1, 2)",0.4033203977611578,0.276930750013173,0.276930750013173,72900,"{1: 36450.0, 2: 36450.0}",1,102060.0,0,173807.5,0
2015-05-23,2015-05,EV,0,HOME,AWAY,2,"(1, 2)",0.4033203977611578,0.276930750013173,0.276930750013173,100,"{1: 50.0, 2: 50.0}",1,140.0,0,173947.5,0
2015-05-24,2015-05,EV,0,HOME,AWAY,7,"(1, 2)",0.4033203977611578,0.9961437077599333,0.9961437077599333,100,"{1: 50.0, 2: 50.0}",0,-100.0,0,173847.5,1
2015-05-24,2015-05,EV,0,HOME,AWAY,4,"(1, 2)",0.4033203977611578,0.44629609095707945,0.44629609095707945,300,"{1: 150.0, 2: 150.0}",0,-300.0,0,173547.5,2
2015-05-24,2015-05,EV,0,HOME,AWAY,5,"(1, 2)",0.4033203977611578,0.3304980450781385,0.3304980450781385,900,"{1: 450.0, 2: 450.0}",0,-900.0,0,172647.5,3
2015-05-31,2015-05,EV,0,HOME,AWAY,7,"(1, 2)",0.4033203977611578,0.2887464511070039,0.2887464511070039,2700,"{1: 1350.0, 2: 1350.0}",0,-2700.0,0,169947.5,4
2015-06-01,2015-06,EV,0,HOME,AWAY,7,"(1, 2)",0.4388461134176155,7.329071753039516,7.329071753039516,8100,"{1: 4050.0, 2: 4050.0}",0,-8100.0,0,161847.5,5
2015-06-01,2015-06,EV,0,HOME,AWAY,2,"(1, 2)",0.4388461134176155,0.48871198280643124,0.48871198280643124,24300,"{1: 12150.0, 2: 12150.0}",1,37664.99999999999,0,199512.5,0
2015-06-04,2015-06,EV,0,HOME,AWAY,3,"(1, 2)",0.4388461134176155,3.0548243481653543,3.0548243481653543,100,"{1: 50.0, 2: 50.0}",0,-100.0,0,199412.5,1
2015-06-04,2015-06,EV,0,HOME,AWAY,7,"(1, 2)",0.4388461134176155,0.4039284302249935,0.4039284302249935,300,"{1: 150.0, 2: 150.0}",0,-300.0,0,199112.5,2
2015-06-07,2015-06,EV,0,HOME,AWAY,3,"(1, 2)",0.4388461134176155,1.892782587798191,1.892782587798191,900,"{1: 450.0, 2: 450.0}",0,-900.0,0,198212.5,3
2015-06-07,2015-06,EV,0,HOME,AWAY,3,"(1, 2)",0.4388461134176155,0.5361035717284199,0.5361035717284199,2700,"{1: 1350.0, 2: 1350.0}",0,-2700.0,0,195512.5,4
2015-06-08,2015-06,EV,0,HOME,AWAY,4,"(1, 2)",0.4388461134176155,4.157152706490812,4.157152706490812,8100,"{1: 4050.0, 2: 4050.0}",0,-8100.0,0,187412.5,5
2015-06-08,2015-06,EV,0,HOME,AWAY,7,"(1, 2)",0.4388461134176155,2.206988822350976,2.206988822350976,24300,"{1: 12150.0, 2: 12150.0}",0,-24300.0,0,163112.5,6
2015-06-13,2015-06,EV,0,HOME,AWAY,7,"(1, 2)",0.4388461134176155,0.6832070637422731,0.6832070637422731,72900,"{1: 36450.0, 2: 36450.0}",0,-72900.0,0,90212.5,7
2015-06-14,2015-06,EV,0,HOME,AWAY,7,"(1, 2)",0.4388461134176155,4.341505987397348,4.341505987397348,218700,"{1: 109350.0, 2: 109350.0}",0,-218700.0,1,-128487.5,0
2015-06-16,2015-06,EV,0,HOME,AWAY,6,"(1, 2)",0.4388461134176155,9.598654946513555,9.598654946513555,100,"{1: 50.0, 2: 50.0}",0,-100.0,0,-128587.5,1
2015-06-16,2015-06,EV,0,HOME,AWAY,4,"(1, 2)",0.4388461134176155,8.052267399989063,8.052267399989063,300,"{1: 150.0, 2: 150.0}",0,-300.0,0,-128887.5,2
2015-06-16,2015-06,EV,0,HOME,AWAY,4,"(1, 2)",0.4388461134176155,2.7704748146334217,2.7704748146334217,900,"{1: 450.0, 2: 450.0}",0,-900.0,0,-129787.5,3
2015-06-16,2015-06,EV,0,HOME,AWAY,0,"(1, 2)",0.4388461134176155,0.9475573467491261,0.9475573467491261,2700,"{1: 1350.0, 2: 1350.0}",0,-2700.0,0,-132487.5,4
2015-06-17,2015-06,EV,0,HOME,AWAY,1,"(1, 2)",0.4388461134176155,6.730515984954798,6.730515984954798,8100,"{1: 4050.0, 2: 4050.0}",1,194400.0,0,61912.5,0
2015-06-25,2015-06,EV,0,HOME,AWAY,7,"(1, 2)",0.4388461134176155,0.7430626405507448,0.7430626405507448,100,"{1: 50.0, 2: 50.0}",0,-100.0,0,61812.5,1
2015-07-03,2015-07,EV,0,HOME,AWAY,3,"(1, 2)",0.4423874920057396,0.6859665611819608,0.6859665611819608,300,"{1: 150.0, 2: 150.0}",0,-300.0,0,61512.5,2
2015-07-03,2015-07,EV,0,HOME,AWAY,2,"(1, 2)",0.4423874920057396,0.3917452920952802,0.3917452920952802,900,"{1: 450.0, 2: 450.0}",1,1169.9999999999998,0,62682.5,0
2015-07-07,2015-07,EV,0,HOME,AWAY,6,"(1, 2)",0.4423874920057396,0.477295931818299,0.477295931818299,100,"{1: 50.0, 2: 50.0}",0,-100.0,0,62582.5,1
2015-07-09,2015-07,EV,0,HOME,AWAY,7,"(1, 2)",0.4423874920057396,1.887753926937683,1.887753926937683,300,"{1: 150.0, 2: 150.0}",0,-300.0,0,62282.5,2
2015-07-10,2015-07,EV,0,HOME,AWAY,1,"(1, 2)",0.4423874920057396,1.220094279295615,1.220094279295615,900,"{1: 450.0, 2: 450.0}",1,5400.0,0,67682.5,0
2015-07-14,2015-07,EV,0,HOME,AWAY,4,"(1, 2)",0.4423874920057396,0.2928558538063615,0.2928558538063615,100,"{1: 50.0, 2: 50.0}",0,-100.0,0,67582.5,1
2015-07-15,2015-07,EV,0,HOME,AWAY,4,"(1, 2)",0.4423874920057396,1.0615161164887859,1.0615161164887859,300,"{1: 150.0, 2: 150.0}",0,-300.0,0,67282.5,2
2015-07-17,2015-07,EV,0,HOME,AWAY,2,"(1, 2)",0.4423874920057396,0.9655535368779962,0.9655535368779962,900,"{1: 450.0, 2: 450.0}",1,2025.0,0,69307.5,0
2015-07-17,2015-07,EV,0,HOME,AWAY,1,"(1, 2)",0.4423874920057396,0.41679152537369624,0.41679152537369624,100,"{1: 50.0, 2: 50.0}",1,325.0,0,69632.5,0
2015-07-17,2015-07,EV,0,HOME,AWAY,1,"(1, 2)",0.4423874920057396,0.33124088565067744,0.33124088565067744,100,"{1: 50.0, 2: 50.0}",1,300.0,0,69932.5,0
2015-07-18,2015-07,EV,0,HOME,AWAY,2,"(1, 2)",0.4423874920057396,0.34376400228988535,0.34376400228988535,100,"{1: 50.0, 2: 50.0}",1,129.99999999999997,0,70062.5,0
2015-07-19,2015-07,EV,0,HOME,AWAY,6,"(1, 2)",0.4423874920057396,0.4898190484575071,0.4898190484575071,100,"{1: 50.0, 2: 50.0}",0,-100.0,0,69962.5,1
2015-07-19,2015-07,EV,0,HOME,AWAY,3,"(1, 2)",0.4423874920057396,0.3562871189290935,0.3562871189290935,300,"{1: 150.0, 2: 150.0}",0,-300.0,0,69662.5,2
2015-07-23,2015-07,EV,0,HOME,AWAY,0,"(1, 2)",0.4423874920057396,0.587892804819734,0.587892804819734,900,"{1: 450.0, 2: 450.0}",0,-900.0,0,68762.5,3
2015-07-24,2015-07,EV,0,HOME,AWAY,2,"(1, 2)",0.4423874920057396,0.8528454871251236,0.8528454871251236,2700,"{1: 1350.0, 2: 1350.0}",1,4859.999999999999,0,73622.5,0
2015-07-27,2015-07,EV,0,HOME,AWAY,3,"(1, 2)",0.4423874920057396,0.2832595958452826,0.2832595958452826,100,"{1: 50.0, 2: 50.0}",0,-100.0,0,73522.5,1
2015-08-03,2015-08,EV,0,HOME,AWAY,5,"(1, 2)",0.45209206955253334,0.37726796995515444,0.37726796995515444,300,"{1: 150.0, 2: 150.0}",0,-300.0,0,73222.5,2
2015-08-05,2015-08,EV,0,HOME,AWAY,7,"(1, 2)",0.45209206955253334,0.38994739078618323,0.38994739078618323,900,"{1: 450.0, 2: 450.0}",0,-900.0,0,72322.5,3
2015-08-05,2015-08,EV,0,HOME,AWAY,2,"(1, 2)",0.45209206955253334,0.3149626358911364,0.3149626358911364,2700,"{1: 1350.0, 2: 1350.0}",1,3375.0,0,75697.5,0
2015-08-07,2015-08,EV,0,HOME,AWAY,5,"(1, 2)",0.45209206955253334,0.4902909873432879,0.4902909873432879,100,"{1: 50.0, 2: 50.0}",0,-100.0,0,75597.5,1
2015-08-09,2015-08,EV,0,HOME,AWAY,4,"(1, 2)",0.45209206955253334,3.7968407731007545,3.7968407731007545,300,"{1: 150.0, 2: 150.0}",0,-300.0,0,75297.5,2
2015-08-14,2015-08,EV,0,HOME,AWAY,4,"(1, 2)",0.45209206955253334,0.6402604971333816,0.6402604971333816,900,"{1: 450.0, 2: 450.0}",0,-900.0,0,74397.5,3
2015-08-15,2015-08,EV,0,HOME,AWAY,5,"(1, 2)",0.45209206955253334,0.5272374797452484,0.5272374797452484,2700,"{1: 1350.0, 2: 1350.0}",0,-2700.0,0,71697.5,4
2015-08-16,2015-08,EV,0,HOME,AWAY,2,"(1, 2)",0.45209206955253334,0.3149626358911364,0.3149626358911364,8100,"{1: 4050.0, 2: 4050.0}",1,10125.0,0,81822.5,0
2015-08-17,2015-08,EV,0,HOME,AWAY,2,"(1, 2)",0.45209206955253334,0.4522527248502013,0.4522527248502013,100,"{1: 50.0, 2: 50.0}",1,140.0,0,81962.5,0
2015-08-18,2015-08,EV,0,HOME,AWAY,2,"(1, 2)",0.45209206955253334,0.42164594286375534,0.42164594286375534,100,"{1: 50.0, 2: 50.0}",1,147.5,0,82110.0,0
2015-08-19,2015-08,EV,0,HOME,AWAY,3,"(1, 2)",0.45209206955253334,0.4966306977588024,0.4966306977588024,100,"{1: 50.0, 2: 50.0}",0,-100.0,0,82010.0,1
2015-08-24,2015-08,EV,0,HOME,AWAY,1,"(1, 2)",0.45209206955253334,0.8271764993254362,0.8271764993254362,300,"{1: 150.0, 2: 150.0}",1,1350.0,0,83360.0,0
2015-08-27,2015-08,EV,0,HOME,AWAY,5,"(1, 2)",0.45209206955253334,0.3149626358911364,0.3149626358911364,100,"{1: 50.0, 2: 50.0}",0,-100.0,0,83260.0,1
2015-08-28,2015-08,EV,0,HOME,AWAY,7,"(1, 2)",0.45209206955253334,0.8335162097409505,0.8335162097409505,300,"{1: 150.0, 2: 150.0}",0,-300.0,0,82960.0,2
2015-08-30,2015-08,EV,0,HOME,AWAY,5,"(1, 2)",0.45209206955253334,0.552596321407306,0.552596321407306,900,"{1: 450.0, 2: 450.0}",0,-900.0,0,82060.0,3
2015-08-30,2015-08,EV,0,HOME,AWAY,1,"(1, 2)",0.45209206955253334,0.38994739078618323,0.38994739078618323,2700,"{1: 1350.0, 2: 1350.0}",1,8100.0,0,90160.0,0
2015-09-01,2015-09,EV,0,HOME,AWAY,5,"(1, 2)",0.41663987394320123,0.44796594676758916,0.44796594676758916,100,"{1: 50.0, 2: 50.0}",0,-100.0,0,90060.0,1
2015-09-03,2015-09,EV,0,HOME,AWAY,6,"(1, 2)",0.41663987394320123,1.0112402747684026,1.0112402747684026,300,"{1: 150.0, 2: 150.0}",0,-300.0,0,89760.0,2
2015-09-03,2015-09,EV,0,HOME,AWAY,5,"(1, 2)",0.41663987394320123,1.0112402747684026,1.0112402747684026,900,"{1: 450.0, 2: 450.0}",0,-900.0,0,88860.0,3
2015-09-03,2015-09,EV,0,HOME,AWAY,7,"(1, 2)",0.41663987394320123,0.34827467093606934,0.34827467093606934,2700,"{1: 1350.0, 2: 1350.0}",0,-2700.0,0,86160.0,4
2015-09-05,2015-09,EV,0,HOME,AWAY,4,"(1, 2)",0.41663987394320123,1.2468323801448031,1.2468323801448031,8100,"{1: 4050.0, 2: 4050.0}",0,-8100.0,0,78060.0,5
2015-09-06,2015-09,EV,0,HOME,AWAY,6,"(1, 2)",0.41663987394320123,2.342976401812405,2.342976401812405,24300,"{1: 12150.0, 2: 12150.0}",0,-24300.0,0,53760.0,6
2015-09-07,2015-09,EV,0,HOME,AWAY,3,"(1, 2)",0.41663987394320123,0.8359974255809366,0.8359974255809366,72900,"{1: 36450.0, 2: 36450.0}",0,-72900.0,0,-19140.0,7
2015-09-08,2015-09,EV,0,HOME,AWAY,7,"(1, 2)",0.41663987394320123,3.7019846972612065,3.7019846972612065,218700,"{1: 109350.0, 2: 109350.0}",0,-218700.0,1,-237840.0,0
2015-09-08,2015-09,EV,0,HOME,AWAY,6,"(1, 2)",0.41663987394320123,0.4886441931352299,0.4886441931352299,100,"{1: 50.0, 2: 50.0}",0,-100.0,0,-237940.0,1
2015-09-08,2015-09,EV,0,HOME,AWAY,3,"(1, 2)",0.41663987394320123,0.39655407588721614,0.39655407588721614,300,"{1: 150.0, 2: 150.0}",0,-300.0,0,-238240.0,2
2015-09-19,2015-09,EV,0,HOME,AWAY,1,"(1, 2)",0.41663987394320123,0.7756481693920028,0.7756481693920028,900,"{1: 450.0, 2: 450.0}",1,4500.0,0,-233740.0,0
2015-09-21,2015-09,EV,0,HOME,AWAY,5,"(1, 2)",0.41663987394320123,0.7756481693920028,0.7756481693920028,100,"{1: 50.0, 2: 50.0}",0,-100.0,0,-233840.0,1
2015-09-24,2015-09,EV,0,HOME,AWAY,2,"(1, 2)",0.41663987394320123,0.47210564924316256,0.47210564924316256,300,"{1: 150.0, 2: 150.0}",1,495.0,0,-233345.0,0
2015-09-24,2015-09,EV,0,HOME,AWAY,2,"(1, 2)",0.41663987394320123,0.38001553199514904,0.38001553199514904,100,"{1: 50.0, 2: 50.0}",1,145.00000000000003,0,-233200.0,0
2015-09-26,2015-09,EV,0,HOME,AWAY,3,"(1, 2)",0.41663987394320123,0.5762656177289629,0.5762656177289629,100,"{1: 50.0, 2: 50.0}",0,-100.0,0,-233300.0,1
2015-09-29,2015-09,EV,0,HOME,AWAY,5,"(1, 2)",0.41663987394320123,0.38001553199514904,0.38001553199514904,300,"{1: 150.0, 2: 150.0}",0,-300.0,0,-233600.0,2
2015-10-09,2015-10,EV,0,HOME,AWAY,4,"(1, 2)",0.4246412272955734,0.7857921676554289,0.7857921676554289,900,"{1: 450.0, 2: 450.0}",0,-900.0,0,-234500.0,3
2015-10-10,2015-10,EV,0,HOME,AWAY,7,"(1, 2)",0.4246412272955734,2.9903653333550055,2.9903653333550055,2700,"{1: 1350.0, 2: 1350.0}",0,-2700.0,0,-237200.0,4
2015-10-10,2015-10,EV,0,HOME,AWAY,4,"(1, 2)",0.4246412272955734,0.6796318608315355,0.6796318608315355,8100,"{1: 4050.0, 2: 4050.0}",0,-8100.0,0,-245300.0,5
2015-10-11,2015-10,EV,0,HOME,AWAY,5,"(1, 2)",0.4246412272955734,0.4833141809087942,0.4833141809087942,24300,"{1: 12150.0, 2: 12150.0}",0,-24300.0,0,-269600.0,6
2015-10-12,2015-10,EV,0,HOME,AWAY,6,"(1, 2)",0.4246412272955734,0.9661069138531244,0.9661069138531244,72900,"{1: 36450.0, 2: 36450.0}",0,-72900.0,0,-342500.0,7
2015-10-12,2015-10,EV,0,HOME,AWAY,3,"(1, 2)",0.4246412272955734,0.3282885778653255,0.3282885778653255,218700,"{1: 109350.0, 2: 109350.0}",0,-218700.0,1,-561200.0,0
2015-10-13,2015-10,EV,0,HOME,AWAY,4,"(1, 2)",0.4246412272955734,0.4382354943593705,0.4382354943593705,100,"{1: 50.0, 2: 50.0}",0,-100.0,0,-561300.0,1
2015-10-14,2015-10,EV,0,HOME,AWAY,2,"(1, 2)",0.4246412272955734,0.2896110648059196,0.2896110648059196,300,"{1: 150.0, 2: 150.0}",1,420.0,0,-560880.0,0
2015-10-17,2015-10,EV,0,HOME,AWAY,3,"(1, 2)",0.4246412272955734,0.5039602193484303,0.5039602193484303,100,"{1: 50.0, 2: 50.0}",0,-100.0,0,-560980.0,1
2015-10-18,2015-10,EV,0,HOME,AWAY,7,"(1, 2)",0.4246412272955734,0.573471554007642,0.573471554007642,300,"{1: 150.0, 2: 150.0}",0,-300.0,0,-561280.0,2
2015-10-18,2015-10,EV,0,HOME,AWAY,2,"(1, 2)",0.4246412272955734,0.35272122597511313,0.35272122597511313,900,"{1: 450.0, 2: 450.0}",1,1260.0,0,-560020.0,0
2015-10-26,2015-10,EV,0,HOME,AWAY,4,"(1, 2)",0.4246412272955734,0.5039602193484303,0.5039602193484303,100,"{1: 50.0, 2: 50.0}",0,-100.0,0,-560120.0,1
2015-10-28,2015-10,EV,0,HOME,AWAY,3,"(1, 2)",0.4246412272955734,0.6063339165021722,0.6063339165021722,300,"{1: 150.0, 2: 150.0}",0,-300.0,0,-560420.0,2
2015-10-29,2015-10,EV,0,HOME,AWAY,7,"(1, 2)",0.4246412272955734,0.4833141809087942,0.4833141809087942,900,"{1: 450.0, 2: 450.0}",0,-900.0,0,-561320.0,3
2015-10-29,2015-10,EV,0,HOME,AWAY,0,"(1, 2)",0.4246412272955734,0.4138028462495824,0.4138028462495824,2700,"{1: 1350.0, 2: 1350.0}",0,-2700.0,0,-564020.0,4
2015-10-31,2015-10,EV,0,HOME,AWAY,4,"(1, 2)",0.4246412272955734,0.6551992127217479,0.6551992127217479,8100,"{1: 4050.0, 2: 4050.0}",0,-8100.0,0,-572120.0,5
2015-11-02,2015-11,EV,0,HOME,AWAY,7,"(1, 2)",0.42997325233230765,0.39649432381433236,0.39649432381433236,24300,"{1: 12150.0, 2: 12150.0}",0,-24300.0,0,-596420.0,6
2015-11-05,2015-11,EV,0,HOME,AWAY,3,"(1, 2)",0.42997325233230765,0.5006801503410068,0.5006801503410068,72900,"{1: 36450.0, 2: 36450.0}",0,-72900.0,0,-669320.0,7
2015-11-06,2015-11,EV,0,HOME,AWAY,4,"(1, 2)",0.42997325233230765,0.5253025502608912,0.5253025502608912,218700,"{1: 109350.0, 2: 109350.0}",0,-218700.0,1,-888020.0,0
2015-11-07,2015-11,EV,0,HOME,AWAY,4,"(1, 2)",0.42997325233230765,0.641799576747508,0.641799576747508,100,"{1: 50.0, 2: 50.0}",0,-100.0,0,-888120.0,1
2015-11-08,2015-11,EV,0,HOME,AWAY,5,"(1, 2)",0.42997325233230765,0.3472495239745639,0.3472495239745639,300,"{1: 150.0, 2: 150.0}",0,-300.0,0,-888420.0,2
2015-11-09,2015-11,EV,0,HOME,AWAY,1,"(1, 2)",0.42997325233230765,0.3382458105710242,0.3382458105710242,900,"{1: 450.0, 2: 450.0}",1,2700.0,0,-885720.0,0
2015-11-12,2015-11,EV,0,HOME,AWAY,6,"(1, 2)",0.42997325233230765,0.4916764369374673,0.4916764369374673,100,"{1: 50.0, 2: 50.0}",0,-100.0,0,-885820.0,1
2015-11-12,2015-11,EV,0,HOME,AWAY,3,"(1, 2)",0.42997325233230765,0.4088055237742747,0.4088055237742747,300,"{1: 150.0, 2: 150.0}",0,-300.0,0,-886120.0,2
2015-11-12,2015-11,EV,0,HOME,AWAY,3,"(1, 2)",0.42997325233230765,0.3718719238944481,0.3718719238944481,900,"{1: 450.0, 2: 450.0}",0,-900.0,0,-887020.0,3
2015-11-14,2015-11,EV,0,HOME,AWAY,7,"(1, 2)",0.42997325233230765,0.45639658033584185,0.45639658033584185,2700,"{1: 1350.0, 2: 1350.0}",0,-2700.0,0,-889720.0,4
2015-11-17,2015-11,EV,0,HOME,AWAY,4,"(1, 2)",0.42997325233230765,1.092628369310464,1.092628369310464,8100,"{1: 4050.0, 2: 4050.0}",0,-8100.0,0,-897820.0,5
2015-11-21,2015-11,EV,0,HOME,AWAY,0,"(1, 2)",0.42997325233230765,0.5253025502608912,0.5253025502608912,24300,"{1: 12150.0, 2: 12150.0}",0,-24300.0,0,-922120.0,6
2015-11-28,2015-11,EV,0,HOME,AWAY,4,"(1, 2)",0.42997325233230765,0.6574182632638523,0.6574182632638523,72900,"{1: 36450.0, 2: 36450.0}",0,-72900.0,0,-995020.0,7
2015-11-28,2015-11,EV,0,HOME,AWAY,2,"(1, 2)",0.42997325233230765,0.4301204371377567,0.4301204371377567,218700,"{1: 109350.0, 2: 109350.0}",1,317115.00000000006,0,-677905.0,0
2015-11-29,2015-11,EV,0,HOME,AWAY,5,"(1, 2)",0.42997325233230765,0.7246704899107006,0.7246704899107006,100,"{1: 50.0, 2: 50.0}",0,-100.0,0,-678005.0,1
2015-11-29,2015-11,EV,0,HOME,AWAY,3,"(1, 2)",0.42997325233230765,0.3718719238944481,0.3718719238944481,300,"{1: 150.0, 2: 150.0}",0,-300.0,0,-678305.0,2
2015-12-03,2015-12,EV,0,HOME,AWAY,7,"(1, 2)",0.4246412272955734,0.7407134811060048,0.7407134811060048,900,"{1: 450.0, 2: 450.0}",0,-900.0,0,-679205.0,3
2015-12-05,2015-12,EV,0,HOME,AWAY,5,"(1, 2)",0.4246412272955734,0.5406091915131119,0.5406091915131119,2700,"{1: 1350.0, 2: 1350.0}",0,-2700.0,0,-681905.0,4
2015-12-06,2015-12,EV,0,HOME,AWAY,2,"(1, 2)",0.4246412272955734,0.28320989131590135,0.28320989131590135,8100,"{1: 4050.0, 2: 4050.0}",1,10529.999999999998,0,-671375.0,0
2015-12-09,2015-12,EV,0,HOME,AWAY,7,"(1, 2)",0.4246412272955734,0.7904352723700194,0.7904352723700194,100,"{1: 50.0, 2: 50.0}",0,-100.0,0,-671475.0,1
2015-12-12,2015-12,EV,0,HOME,AWAY,4,"(1, 2)",0.4246412272955734,0.6796318608315355,0.6796318608315355,300,"{1: 150.0, 2: 150.0}",0,-300.0,0,-671775.0,2
2015-12-12,2015-12,EV,0,HOME,AWAY,2,"(1, 2)",0.4246412272955734,0.28320989131590135,0.28320989131590135,900,"{1: 450.0, 2: 450.0}",1,1169.9999999999998,0,-670605.0,0
2015-12-13,2015-12,EV,0,HOME,AWAY,2,"(1, 2)",0.4246412272955734,0.5039602193484303,0.5039602193484303,100,"{1: 50.0, 2: 50.0}",1,165.0,0,-670440.0,0
2015-12-14,2015-12,EV,0,HOME,AWAY,5,"(1, 2)",0.4246412272955734,0.6185502405570662,0.6185502405570662,100,"{1: 50.0, 2: 50.0}",0,-100.0,0,-670540.0,1
2015-12-16,2015-12,EV,0,HOME,AWAY,1,"(1, 2)",0.4246412272955734,0.3076425394256892,0.3076425394256892,300,"{1: 150.0, 2: 150.0}",1,900.0,0,-669640.0,0
2015-12-17,2015-12,EV,0,HOME,AWAY,3,"(1, 2)",0.4246412272955734,0.3893701981397948,0.3893701981397948,100,"{1: 50.0, 2: 50.0}",0,-100.0,0,-669740.0,1
2015-12-19,2015-12,EV,0,HOME,AWAY,3,"(1, 2)",0.4246412272955734,0.28320989131590135,0.28320989131590135,300,"{1: 150.0, 2: 150.0}",0,-300.0,0,-670040.0,2
2015-12-20,2015-12,EV,0,HOME,AWAY,7,"(1, 2)",0.4246412272955734,1.178427527500911,1.178427527500911,900,"{1: 450.0, 2: 450.0}",0,-900.0,0,-670940.0,3
2015-12-20,2015-12,EV,0,HOME,AWAY,3,"(1, 2)",0.4246412272955734,0.4673112471837486,0.4673112471837486,2700,"{1: 1350.0, 2: 1350.0}",0,-2700.0,0,-673640.0,4
2015-12-20,2015-12,EV,0,HOME,AWAY,5,"(1, 2)",0.4246412272955734,0.3405049019202193,0.3405049019202193,8100,"{1: 4050.0, 2: 4050.0}",0,-8100.0,0,-681740.0,5
2015-12-30,2015-12,EV,0,HOME,AWAY,4,"(1, 2)",0.4246412272955734,0.573471554007642,0.573471554007642,24300,"{1: 12150.0, 2: 12150.0}",0,-24300.0,0,-706040.0,6
2015-12-31,2015-12,EV,0,HOME,AWAY,4,"(1, 2)",0.4246412272955734,1.027188534127594,1.027188534127594,72900,"{1: 36450.0, 2: 36450.0}",0,-72900.0,0,-778940.0,7
2016-01-03,2016-01,EV,0,HOME,AWAY,1,"(1, 2)",0.43973196262197956,0.42912887852143355,0.42912887852143355,218700,"{1: 109350.0, 2: 109350.0}",1,721710.0,0,-57230.0,0
2016-01-07,2016-01,EV,0,HOME,AWAY,5,"(1, 2)",0.43973196262197956,0.529554151066183,0.529554151066183,100,"{1: 50.0, 2: 50.0}",0,-100.0,0,-57330.0,1
2016-01-09,2016-01,EV,0,HOME,AWAY,4,"(1, 2)",0.43973196262197956,1.5195452993475587,1.5195452993475587,300,"{1: 150.0, 2: 150.0}",0,-300.0,0,-57630.0,2
2016-01-09,2016-01,EV,0,HOME,AWAY,2,"(1, 2)",0.43973196262197956,0.3697056403292742,0.3697056403292742,900,"{1: 450.0, 2: 450.0}",1,1125.0,0,-56505.0,0
2016-01-10,2016-01,EV,0,HOME,AWAY,5,"(1, 2)",0.43973196262197956,0.6995046122957589,0.6995046122957589,100,"{1: 50.0, 2: 50.0}",0,-100.0,0,-56605.0,1
2016-01-10,2016-01,EV,0,HOME,AWAY,3,"(1, 2)",0.43973196262197956,0.6971276827680724,0.6971276827680724,300,"{1: 150.0, 2: 150.0}",0,-300.0,0,-56905.0,2
2016-01-10,2016-01,EV,0,HOME,AWAY,6,"(1, 2)",0.43973196262197956,0.5646138615995571,0.5646138615995571,900,"{1: 450.0, 2: 450.0}",0,-900.0,0,-57805.0,3
2016-01-15,2016-01,EV,0,HOME,AWAY,5,"(1, 2)",0.43973196262197956,0.45468087094406195,0.45468087094406195,2700,"{1: 1350.0, 2: 1350.0}",0,-2700.0,0,-60505.0,4
2016-01-17,2016-01,EV,0,HOME,AWAY,6,"(1, 2)",0.43973196262197956,1.362073718138336,1.362073718138336,8100,"{1: 4050.0, 2: 4050.0}",0,-8100.0,0,-68605.0,5
2016-01-18,2016-01,EV,0,HOME,AWAY,6,"(1, 2)",0.43973196262197956,0.4796386309847689,0.4796386309847689,24300,"{1: 12150.0, 2: 12150.0}",0,-24300.0,0,-92905.0,6
2016-01-19,2016-01,EV,0,HOME,AWAY,7,"(1, 2)",0.43973196262197956,0.45468087094406195,0.45468087094406195,72900,"{1: 36450.0, 2: 36450.0}",0,-72900.0,0,-165805.0,7
2016-01-20,2016-01,EV,0,HOME,AWAY,7,"(1, 2)",0.43973196262197956,0.3346459297958999,0.3346459297958999,218700,"{1: 109350.0, 2: 109350.0}",0,-218700.0,1,-384505.0,0
2016-01-20,2016-01,EV,0,HOME,AWAY,4,"(1, 2)",0.43973196262197956,0.3096881697551932,0.3096881697551932,100,"{1: 50.0, 2: 50.0}",0,-100.0,0,-384605.0,1
2016-01-24,2016-01,EV,0,HOME,AWAY,6,"(1, 2)",0.43973196262197956,0.5521349815792034,0.5521349815792034,300,"{1: 150.0, 2: 150.0}",0,-300.0,0,-384905.0,2
2016-01-25,2016-01,EV,0,HOME,AWAY,4,"(1, 2)",0.43973196262197956,0.2746284592218191,0.2746284592218191,900,"{1: 450.0, 2: 450.0}",0,-900.0,0,-385805.0,3
2016-01-31,2016-01,EV,0,HOME,AWAY,6,"(1, 2)",0.43973196262197956,0.9520533746124362,0.9520533746124362,2700,"{1: 1350.0, 2: 1350.0}",0,-2700.0,0,-388505.0,4
2016-02-01,2016-02,EV,0,HOME,AWAY,6,"(1, 2)",0.42641897833371223,0.6262894014110194,0.6262894014110194,8100,"{1: 4050.0, 2: 4050.0}",0,-8100.0,0,-396605.0,5
2016-02-01,2016-02,EV,0,HOME,AWAY,2,"(1, 2)",0.42641897833371223,0.4657018287193875,0.4657018287193875,24300,"{1: 12150.0, 2: 12150.0}",1,40095.0,0,-356510.0,0
2016-02-02,2016-02,EV,0,HOME,AWAY,6,"(1, 2)",0.42641897833371223,0.7083977366008085,0.7083977366008085,100,"{1: 50.0, 2: 50.0}",0,-100.0,0,-356610.0,1
2016-02-04,2016-02,EV,0,HOME,AWAY,7,"(1, 2)",0.42641897833371223,0.408089902923237,0.408089902923237,300,"{1: 150.0, 2: 150.0}",0,-300.0,0,-356910.0,2
2016-02-07,2016-02,EV,0,HOME,AWAY,2,"(1, 2)",0.42641897833371223,2.1300967558538453,2.1300967558538453,900,"{1: 450.0, 2: 450.0}",1,3600.0,0,-353310.0,0
2016-02-07,2016-02,EV,0,HOME,AWAY,2,"(1, 2)",0.42641897833371223,0.2769887489461702,0.2769887489461702,100,"{1: 50.0, 2: 50.0}",1,125.0,0,-353185.0,0
2016-02-08,2016-02,EV,0,HOME,AWAY,3,"(1, 2)",0.42641897833371223,0.2769887489461702,0.2769887489461702,100,"{1: 50.0, 2: 50.0}",0,-100.0,0,-353285.0,1
2016-02-15,2016-02,EV,0,HOME,AWAY,7,"(1, 2)",0.42641897833371223,0.6630340155014776,0.6630340155014776,300,"{1: 150.0, 2: 150.0}",0,-300.0,0,-353585.0,2
2016-02-16,2016-02,EV,0,HOME,AWAY,1,"(1, 2)",0.42641897833371223,0.3590970841359593,0.3590970841359593,900,"{1: 450.0, 2: 450.0}",1,2925.0,0,-350660.0,0
2016-02-18,2016-02,EV,0,HOME,AWAY,4,"(1, 2)",0.42641897833371223,0.3649943678788723,0.3649943678788723,100,"{1: 50.0, 2: 50.0}",0,-100.0,0,-350760.0,1
2016-02-20,2016-02,EV,0,HOME,AWAY,3,"(1, 2)",0.42641897833371223,0.3590970841359593,0.3590970841359593,300,"{1: 150.0, 2: 150.0}",0,-300.0,0,-351060.0,2
2016-02-20,2016-02,EV,0,HOME,AWAY,4,"(1, 2)",0.42641897833371223,0.2892369536429893,0.2892369536429893,900,"{1: 450.0, 2: 450.0}",0,-900.0,0,-351960.0,3
2016-02-21,2016-02,EV,0,HOME,AWAY,5,"(1, 2)",0.42641897833371223,0.5564292709180496,0.5564292709180496,2700,"{1: 1350.0, 2: 1350.0}",0,-2700.0,0,-354660.0,4
2016-02-26,2016-02,EV,0,HOME,AWAY,3,"(1, 2)",0.42641897833371223,0.40446080523529027,0.40446080523529027,8100,"{1: 4050.0, 2: 4050.0}",0,-8100.0,0,-362760.0,5
2016-02-29,2016-02,EV,0,HOME,AWAY,3,"(1, 2)",0.42641897833371223,0.6176702944021466,0.6176702944021466,24300,"{1: 12150.0, 2: 12150.0}",0,-24300.0,0,-387060.0,6
2016-02-29,2016-02,EV,0,HOME,AWAY,4,"(1, 2)",0.42641897833371223,0.42895721462892933,0.42895721462892933,72900,"{1: 36450.0, 2: 36450.0}",0,-72900.0,0,-459960.0,7
2016-03-03,2016-03,EV,0,HOME,AWAY,3,"(1, 2)",0.44503964622923586,0.9162370839271887,0.9162370839271887,218700,"{1: 109350.0, 2: 109350.0}",0,-218700.0,1,-678660.0,0
2016-03-04,2016-03,EV,0,HOME,AWAY,6,"(1, 2)",0.44503964622923586,0.9162370839271887,0.9162370839271887,100,"{1: 50.0, 2: 50.0}",0,-100.0,0,-678760.0,1
2016-03-06,2016-03,EV,0,HOME,AWAY,3,"(1, 2)",0.44503964622923586,0.7225310355140282,0.7225310355140282,300,"{1: 150.0, 2: 150.0}",0,-300.0,0,-679060.0,2
2016-03-06,2016-03,EV,0,HOME,AWAY,4,"(1, 2)",0.44503964622923586,0.5502779319626256,0.5502779319626256,900,"{1: 450.0, 2: 450.0}",0,-900.0,0,-679960.0,3
2016-03-12,2016-03,EV,0,HOME,AWAY,6,"(1, 2)",0.44503964622923586,1.6178161780236038,1.6178161780236038,2700,"{1: 1350.0, 2: 1350.0}",0,-2700.0,0,-682660.0,4
2016-03-12,2016-03,EV,0,HOME,AWAY,5,"(1, 2)",0.44503964622923586,0.4453013603507183,0.4453013603507183,8100,"{1: 4050.0, 2: 4050.0}",0,-8100.0,0,-690760.0,5
2016-03-13,2016-03,EV,0,HOME,AWAY,5,"(1, 2)",0.44503964622923586,0.512577892290214,0.512577892290214,24300,"{1: 12150.0, 2: 12150.0}",0,-24300.0,0,-715060.0,6
2016-03-15,2016-03,EV,0,HOME,AWAY,2,"(1, 2)",0.44503964622923586,0.9790704833812076,0.9790704833812076,72900,"{1: 36450.0, 2: 36450.0}",1,164025.0,0,-551035.0,0
2016-03-19,2016-03,EV,0,HOME,AWAY,2,"(1, 2)",0.44503964622923586,0.6345642762784018,0.6345642762784018,100,"{1: 50.0, 2: 50.0}",1,165.0,0,-550870.0,0
2016-03-21,2016-03,EV,0,HOME,AWAY,4,"(1, 2)",0.44503964622923586,0.6955574682724959,0.6955574682724959,100,"{1: 50.0, 2: 50.0}",0,-100.0,0,-550970.0,1
2016-03-24,2016-03,EV,0,HOME,AWAY,5,"(1, 2)",0.44503964622923586,1.8887625132415118,1.8887625132415118,300,"{1: 150.0, 2: 150.0}",0,-300.0,0,-551270.0,2
2016-03-24,2016-03,EV,0,HOME,AWAY,4,"(1, 2)",0.44503964622923586,1.3808894675582568,1.3808894675582568,900,"{1: 450.0, 2: 450.0}",0,-900.0,0,-552170.0,3
2016-03-24,2016-03,EV,0,HOME,AWAY,4,"(1, 2)",0.44503964622923586,1.1638902668234143,1.1638902668234143,2700,"{1: 1350.0, 2: 1350.0}",0,-2700.0,0,-554870.0,4
2016-03-24,2016-03,EV,0,HOME,AWAY,7,"(1, 2)",0.44503964622923586,0.7691173401573934,0.7691173401573934,8100,"{1: 4050.0, 2: 4050.0}",0,-8100.0,0,-562970.0,5
2016-03-24,2016-03,EV,0,HOME,AWAY,7,"(1, 2)",0.44503964622923586,0.5081347598047374,0.5081347598047374,24300,"{1: 12150.0, 2: 12150.0}",0,-24300.0,0,-587270.0,6
2016-03-24,2016-03,EV,0,HOME,AWAY,1,"(1, 2)",0.44503964622923586,0.4767180600777279,0.4767180600777279,72900,"{1: 36450.0, 2: 36450.0}",1,236925.0,0,-350345.0,0
2016-04-02,2016-04,EV,0,HOME,AWAY,1,"(1, 2)",0.4538498770436481,0.5467593251786247,0.5467593251786247,100,"{1: 50.0, 2: 50.0}",1,350.0,0,-349995.0,0
2016-04-03,2016-04,EV,0,HOME,AWAY,5,"(1, 2)",0.4538498770436481,0.4714172498806195,0.4714172498806195,100,"{1: 50.0, 2: 50.0}",0,-100.0,0,-350095.0,1
2016-04-03,2016-04,EV,0,HOME,AWAY,3,"(1, 2)",0.4538498770436481,0.4210394142439813,0.4210394142439813,300,"{1: 150.0, 2: 150.0}",0,-300.0,0,-350395.0,2
2016-04-09,2016-04,EV,0,HOME,AWAY,4,"(1, 2)",0.4538498770436481,0.6348081984642651,0.6348081984642651,900,"{1: 450.0, 2: 450.0}",0,-900.0,0,-351295.0,3
2016-04-09,2016-04,EV,0,HOME,AWAY,2,"(1, 2)",0.4538498770436481,0.4587104518929839,0.4587104518929839,2700,"{1: 1350.0, 2: 1350.0}",1,3780.0,0,-347515.0,0
2016-04-12,2016-04,EV,0,HOME,AWAY,4,"(1, 2)",0.4538498770436481,0.39607517458261476,0.39607517458261476,100,"{1: 50.0, 2: 50.0}",0,-100.0,0,-347615.0,1
2016-04-13,2016-04,EV,0,HOME,AWAY,3,"(1, 2)",0.4538498770436481,0.6343588421503608,0.6343588421503608,300,"{1: 150.0, 2: 150.0}",0,-300.0,0,-347915.0,2
2016-04-16,2016-04,EV,0,HOME,AWAY,6,"(1, 2)",0.4538498770436481,0.4087819725702504,0.4087819725702504,900,"{1: 450.0, 2: 450.0}",0,-900.0,0,-348815.0,3
2016-04-18,2016-04,EV,0,HOME,AWAY,3,"(1, 2)",0.4538498770436481,0.9606913830037471,0.9606913830037471,2700,"{1: 1350.0, 2: 1350.0}",0,-2700.0,0,-351515.0,4
2016-04-20,2016-04,EV,0,HOME,AWAY,2,"(1, 2)",0.4538498770436481,0.6348081984642651,0.6348081984642651,8100,"{1: 4050.0, 2: 4050.0}",1,13770.0,0,-337745.0,0
2016-04-21,2016-04,EV,0,HOME,AWAY,3,"(1, 2)",0.4538498770436481,0.9606913830037471,0.9606913830037471,100,"{1: 50.0, 2: 50.0}",0,-100.0,0,-337845.0,1
2016-04-23,2016-04,EV,0,HOME,AWAY,5,"(1, 2)",0.4538498770436481,0.8354208283830087,0.8354208283830087,300,"{1: 150.0, 2: 150.0}",0,-300.0,0,-338145.0,2
2016-04-23,2016-04,EV,0,HOME,AWAY,2,"(1, 2)",0.4538498770436481,0.39607517458261476,0.39607517458261476,900,"{1: 450.0, 2: 450.0}",1,1215.0,0,-336930.0,0
2016-04-24,2016-04,EV,0,HOME,AWAY,6,"(1, 2)",0.4538498770436481,1.9773600432129093,1.9773600432129093,100,"{1: 50.0, 2: 50.0}",0,-100.0,0,-337030.0,1
2016-04-24,2016-04,EV,0,HOME,AWAY,2,"(1, 2)",0.4538498770436481,0.39607517458261476,0.39607517458261476,300,"{1: 150.0, 2: 150.0}",1,405.0,0,-336625.0,0
2016-04-30,2016-04,EV,0,HOME,AWAY,5,"(1, 2)",0.4538498770436481,0.5594661231662603,0.5594661231662603,100,"{1: 50.0, 2: 50.0}",0,-100.0,0,-336725.0,1
2016-05-01,2016-05,EV,0,HOME,AWAY,7,"(1, 2)",0.4352997864685718,1.0232078785058083,1.0232078785058083,300,"{1: 150.0, 2: 150.0}",0,-300.0,0,-337025.0,2
2016-05-01,2016-05,EV,0,HOME,AWAY,2,"(1, 2)",0.4352997864685718,0.8675765032361307,0.8675765032361307,900,"{1: 450.0, 2: 450.0}",1,1800.0,0,-335225.0,0
2016-05-08,2016-05,EV,0,HOME,AWAY,5,"(1, 2)",0.4352997864685718,1.7393462368895873,1.7393462368895873,100,"{1: 50.0, 2: 50.0}",0,-100.0,0,-335325.0,1
2016-05-08,2016-05,EV,0,HOME,AWAY,5,"(1, 2)",0.4352997864685718,1.0232078785058083,1.0232078785058083,300,"{1: 150.0, 2: 150.0}",0,-300.0,0,-335625.0,2
2016-05-08,2016-05,EV,0,HOME,AWAY,4,"(1, 2)",0.4352997864685718,0.6651386993139186,0.6651386993139186,900,"{1: 450.0, 2: 450.0}",0,-900.0,0,-336525.0,3
2016-05-08,2016-05,EV,0,HOME,AWAY,2,"(1, 2)",0.4352997864685718,0.5343147312300842,0.5343147312300842,2700,"{1: 1350.0, 2: 1350.0}",1,4320.0,0,-332205.0,0
2016-05-08,2016-05,EV,0,HOME,AWAY,4,"(1, 2)",0.4352997864685718,0.46270089539170645,0.46270089539170645,100,"{1: 50.0, 2: 50.0}",0,-100.0,0,-332305.0,1
2016-05-08,2016-05,EV,0,HOME,AWAY,5,"(1, 2)",0.4352997864685718,0.4502971917987848,0.4502971917987848,300,"{1: 150.0, 2: 150.0}",0,-300.0,0,-332605.0,2
2016-05-14,2016-05,EV,0,HOME,AWAY,3,"(1, 2)",0.4352997864685718,1.0232078785058083,1.0232078785058083,900,"{1: 450.0, 2: 450.0}",0,-900.0,0,-333505.0,3
2016-05-14,2016-05,EV,0,HOME,AWAY,2,"(1, 2)",0.4352997864685718,0.7023498100926835,0.7023498100926835,2700,"{1: 1350.0, 2: 1350.0}",1,5130.0,0,-328375.0,0
2016-05-14,2016-05,EV,0,HOME,AWAY,4,"(1, 2)",0.4352997864685718,0.5839295456017708,0.5839295456017708,100,"{1: 50.0, 2: 50.0}",0,-100.0,0,-328475.0,1
2016-05-15,2016-05,EV,0,HOME,AWAY,4,"(1, 2)",0.4352997864685718,1.0232078785058083,1.0232078785058083,300,"{1: 150.0, 2: 150.0}",0,-300.0,0,-328775.0,2
2016-05-23,2016-05,EV,0,HOME,AWAY,0,"(1, 2)",0.4352997864685718,0.46270089539170645,0.46270089539170645,900,"{1: 450.0, 2: 450.0}",0,-900.0,0,-329675.0,3
2016-05-26,2016-05,EV,0,HOME,AWAY,4,"(1, 2)",0.4352997864685718,1.2408577717400942,1.2408577717400942,2700,"{1: 1350.0, 2: 1350.0}",0,-2700.0,0,-332375.0,4
2016-05-26,2016-05,EV,0,HOME,AWAY,4,"(1, 2)",0.4352997864685718,0.640331292128075,0.640331292128075,8100,"{1: 4050.0, 2: 4050.0}",0,-8100.0,0,-340475.0,5
2016-05-26,2016-05,EV,0,HOME,AWAY,3,"(1, 2)",0.4352997864685718,0.46270089539170645,0.46270089539170645,24300,"{1: 12150.0, 2: 12150.0}",0,-24300.0,0,-364775.0,6
2016-06-01,2016-06,EV,0,HOME,AWAY,3,"(1, 2)",0.4441559977217166,0.25329235878866996,0.25329235878866996,72900,"{1: 36450.0, 2: 36450.0}",0,-72900.0,0,-437675.0,7
2016-06-02,2016-06,EV,0,HOME,AWAY,3,"(3, 4)",0.35899391294116134,0.06882278625663929,0.06882278625663929,218700,"{3: 109350.0, 4: 109350.0}",1,251505.0,0,-186170.0,0
2016-06-03,2016-06,EV,0,HOME,AWAY,4,"(3, 4)",0.35899391294116134,0.022588721711186865,0.022588721711186865,100,"{3: 50.0, 4: 50.0}",1,300.0,0,-185870.0,0
2016-06-05,2016-06,EV,0,HOME,AWAY,2,"(1, 2)",0.4441559977217166,0.068871064082479,0.068871064082479,100,"{1: 50.0, 2: 50.0}",1,95.0,0,-185775.0,0
2016-06-07,2016-06,EV,0,HOME,AWAY,4,"(1, 2)",0.4441559977217166,0.20308341991578027,0.20308341991578027,100,"{1: 50.0, 2: 50.0}",0,-100.0,0,-185875.0,1
2016-06-08,2016-06,EV,0,HOME,AWAY,1,"(1, 2)",0.4441559977217166,0.14225335935824068,0.14225335935824068,300,"{1: 150.0, 2: 150.0}",1,675.0,0,-185200.0,0
2016-06-08,2016-06,EV,0,HOME,AWAY,2,"(3, 4)",0.35899391294116134,0.047065579411720515,0.047065579411720515,100,"{3: 50.0, 4: 50.0}",0,-100.0,0,-185300.0,1
2016-06-13,2016-06,EV,0,HOME,AWAY,4,"(1, 2)",0.4441559977217166,0.09011330745177815,0.09011330745177815,300,"{1: 150.0, 2: 150.0}",0,-300.0,0,-185600.0,2
2016-06-15,2016-06,EV,0,HOME,AWAY,3,"(1, 2)",0.4441559977217166,0.1234250072809071,0.1234250072809071,900,"{1: 450.0, 2: 450.0}",0,-900.0,0,-186500.0,3
2016-06-15,2016-06,EV,0,HOME,AWAY,4,"(1, 2)",0.4441559977217166,0.05631882936425647,0.05631882936425647,2700,"{1: 1350.0, 2: 1350.0}",0,-2700.0,0,-189200.0,4
2016-06-16,2016-06,EV,0,HOME,AWAY,4,"(1, 2)",0.4441559977217166,0.05004271200514521,0.05004271200514521,8100,"{1: 4050.0, 2: 4050.0}",0,-8100.0,0,-197300.0,5
2016-06-25,2016-06,EV,0,HOME,AWAY,2,"(3, 4)",0.35899391294116134,0.07970138967909879,0.07970138967909879,24300,"{3: 12150.0, 4: 12150.0}",0,-24300.0,0,-221600.0,6
2016-06-25,2016-06,EV,0,HOME,AWAY,2,"(1, 2)",0.4441559977217166,0.04376659464603394,0.04376659464603394,72900,"{1: 36450.0, 2: 36450.0}",1,61965.0,0,-159635.0,0
2016-06-26,2016-06,EV,0,HOME,AWAY,1,"(3, 4)",0.35899391294116134,0.11913632708551436,0.11913632708551436,100,"{3: 50.0, 4: 50.0}",0,-100.0,0,-159735.0,1
2016-06-26,2016-06,EV,0,HOME,AWAY,0,"(3, 4)",0.35899391294116134,0.04434592855610564,0.04434592855610564,300,"{3: 150.0, 4: 150.0}",0,-300.0,0,-160035.0,2
2016-06-28,2016-06,EV,0,HOME,AWAY,2,"(3, 4)",0.35899391294116134,0.06882278625663929,0.06882278625663929,900,"{3: 450.0, 4: 450.0}",0,-900.0,0,-160935.0,3
2016-07-07,2016-07,EV,0,HOME,AWAY,0,"(1, 2)",0.4608555825769933,0.31178884402499607,0.31178884402499607,2700,"{1: 1350.0, 2: 1350.0}",0,-2700.0,0,-163635.0,4
2016-07-09,2016-07,EV,0,HOME,AWAY,7,"(1, 2)",0.4608555825769933,0.4845585381481301,0.4845585381481301,8100,"{1: 4050.0, 2: 4050.0}",0,-8100.0,0,-171735.0,5
2016-07-13,2016-07,EV,0,HOME,AWAY,4,"(1, 2)",0.4608555825769933,0.24142013506491855,0.24142013506491855,24300,"{1: 12150.0, 2: 12150.0}",0,-24300.0,0,-196035.0,6
2016-07-16,2016-07,EV,0,HOME,AWAY,1,"(1, 2)",0.4608555825769933,0.5869595233111868,0.5869595233111868,72900,"{1: 36450.0, 2: 36450.0}",1,255150.0,0,59115.0,0
2016-07-16,2016-07,EV,0,HOME,AWAY,3,"(1, 2)",0.4608555825769933,0.3821575529850736,0.3821575529850736,100,"{1: 50.0, 2: 50.0}",0,-100.0,0,59015.0,1
2016-07-18,2016-07,EV,0,HOME,AWAY,4,"(1, 2)",0.4608555825769933,0.25423304554611015,0.25423304554611015,300,"{1: 150.0, 2: 150.0}",0,-300.0,0,58715.0,2
2016-07-20,2016-07,EV,0,HOME,AWAY,2,"(1, 2)",0.4608555825769933,0.6765475979930518,0.6765475979930518,900,"{1: 450.0, 2: 450.0}",1,1575.0,0,60290.0,0
2016-07-21,2016-07,EV,0,HOME,AWAY,3,"(1, 2)",0.4608555825769933,0.4462221053910318,0.4462221053910318,100,"{1: 50.0, 2: 50.0}",0,-100.0,0,60190.0,1
2016-07-23,2016-07,EV,0,HOME,AWAY,3,"(1, 2)",0.4608555825769933,0.8172850159132068,0.8172850159132068,300,"{1: 150.0, 2: 150.0}",0,-300.0,0,59890.0,2
2016-07-26,2016-07,EV,0,HOME,AWAY,3,"(1, 2)",0.4608555825769933,0.6509217770306686,0.6509217770306686,900,"{1: 450.0, 2: 450.0}",0,-900.0,0,58990.0,3
2016-07-26,2016-07,EV,0,HOME,AWAY,2,"(1, 2)",0.4608555825769933,0.5294037248323009,0.5294037248323009,2700,"{1: 1350.0, 2: 1350.0}",1,4252.500000000001,0,63242.5,0
2016-07-27,2016-07,EV,0,HOME,AWAY,3,"(1, 2)",0.4608555825769933,0.574146612829995,0.574146612829995,100,"{1: 50.0, 2: 50.0}",0,-100.0,0,63142.5,1
2016-07-29,2016-07,EV,0,HOME,AWAY,3,"(1, 2)",0.4608555825769933,0.5280610545722959,0.5280610545722959,300,"{1: 150.0, 2: 150.0}",0,-300.0,0,62842.5,2
2016-07-30,2016-07,EV,0,HOME,AWAY,7,"(1, 2)",0.4608555825769933,0.5037779038699175,0.5037779038699175,900,"{1: 450.0, 2: 450.0}",0,-900.0,0,61942.5,3
2016-07-30,2016-07,EV,0,HOME,AWAY,7,"(1, 2)",0.4608555825769933,0.26704595602730175,0.26704595602730175,2700,"{1: 1350.0, 2: 1350.0}",0,-2700.0,0,59242.5,4
2016-07-31,2016-07,EV,0,HOME,AWAY,2,"(1, 2)",0.4608555825769933,0.25423304554611015,0.25423304554611015,8100,"{1: 4050.0, 2: 4050.0}",1,8910.0,0,68152.5,0
2016-08-04,2016-08,EV,0,HOME,AWAY,7,"(1, 2)",0.4712709011326933,4.289737555627199,4.289737555627199,100,"{1: 50.0, 2: 50.0}",0,-100.0,0,68052.5,1
2016-08-05,2016-08,EV,0,HOME,AWAY,7,"(1, 2)",0.4712709011326933,1.179561653551258,1.179561653551258,300,"{1: 150.0, 2: 150.0}",0,-300.0,0,67752.5,2
2016-08-07,2016-08,EV,0,HOME,AWAY,4,"(1, 2)",0.4712709011326933,1.6036524532207235,1.6036524532207235,900,"{1: 450.0, 2: 450.0}",0,-900.0,0,66852.5,3
2016-08-08,2016-08,EV,0,HOME,AWAY,6,"(1, 2)",0.4712709011326933,8.201180012328635,8.201180012328635,2700,"{1: 1350.0, 2: 1350.0}",0,-2700.0,0,64152.5,4
2016-08-10,2016-08,EV,0,HOME,AWAY,7,"(1, 2)",0.4712709011326933,1.7980715791941937,1.7980715791941937,8100,"{1: 4050.0, 2: 4050.0}",0,-8100.0,0,56052.5,5
2016-08-10,2016-08,EV,0,HOME,AWAY,3,"(1, 2)",0.4712709011326933,0.7471745776132588,0.7471745776132588,24300,"{1: 12150.0, 2: 12150.0}",0,-24300.0,0,31752.5,6
2016-08-11,2016-08,EV,0,HOME,AWAY,7,"(1, 2)",0.4712709011326933,11.759036764805655,11.759036764805655,72900,"{1: 36450.0, 2: 36450.0}",0,-72900.0,0,-41147.5,7
2016-08-11,2016-08,EV,0,HOME,AWAY,5,"(1, 2)",0.4712709011326933,0.773097127743055,0.773097127743055,218700,"{1: 109350.0, 2: 109350.0}",0,-218700.0,1,-259847.5,0
2016-08-20,2016-08,EV,0,HOME,AWAY,5,"(1, 2)",0.4712709011326933,0.8649923028964324,0.8649923028964324,100,"{1: 50.0, 2: 50.0}",0,-100.0,0,-259947.5,1
2016-08-21,2016-08,EV,0,HOME,AWAY,7,"(1, 2)",0.4712709011326933,0.784892153108862,0.784892153108862,300,"{1: 150.0, 2: 150.0}",0,-300.0,0,-260247.5,2
2016-08-23,2016-08,EV,0,HOME,AWAY,3,"(1, 2)",0.4712709011326933,0.5622179776074132,0.5622179776074132,900,"{1: 450.0, 2: 450.0}",0,-900.0,0,-261147.5,3
2016-08-24,2016-08,EV,0,HOME,AWAY,1,"(1, 2)",0.4712709011326933,0.7342133025483608,0.7342133025483608,2700,"{1: 1350.0, 2: 1350.0}",1,10800.0,0,-250347.5,0
2016-08-27,2016-08,EV,0,HOME,AWAY,6,"(1, 2)",0.4712709011326933,0.779577765275504,0.779577765275504,100,"{1: 50.0, 2: 50.0}",0,-100.0,0,-250447.5,1
2016-08-28,2016-08,EV,0,HOME,AWAY,0,"(1, 2)",0.4712709011326933,0.5362954274776173,0.5362954274776173,300,"{1: 150.0, 2: 150.0}",0,-300.0,0,-250747.5,2
2016-08-28,2016-08,EV,0,HOME,AWAY,3,"(1, 2)",0.4712709011326933,0.5168535148802702,0.5168535148802702,900,"{1: 450.0, 2: 450.0}",0,-900.0,0,-251647.5,3
2016-08-30,2016-08,EV,0,HOME,AWAY,6,"(1, 2)",0.4712709011326933,0.6682406775247798,0.6682406775247798,2700,"{1: 1350.0, 2: 1350.0}",0,-2700.0,0,-254347.5,4
2016-09-02,2016-09,EV,0,HOME,AWAY,5,"(1, 2)",0.43973196262197956,3.884590179395502,3.884590179395502,8100,"{1: 4050.0, 2: 4050.0}",0,-8100.0,0,-262447.5,5
2016-09-02,2016-09,EV,0,HOME,AWAY,4,"(1, 2)",0.43973196262197956,0.7220854428087793,0.7220854428087793,24300,"{1: 12150.0, 2: 12150.0}",0,-24300.0,0,-286747.5,6
2016-09-03,2016-09,EV,0,HOME,AWAY,6,"(1, 2)",0.43973196262197956,0.7470432028494862,0.7470432028494862,72900,"{1: 36450.0, 2: 36450.0}",0,-72900.0,0,-359647.5,7
2016-09-06,2016-09,EV,0,HOME,AWAY,7,"(1, 2)",0.43973196262197956,2.182114405190136,2.182114405190136,218700,"{1: 109350.0, 2: 109350.0}",0,-218700.0,1,-578347.5,0
2016-09-07,2016-09,EV,0,HOME,AWAY,7,"(1, 2)",0.43973196262197956,1.1095249558216587,1.1095249558216587,100,"{1: 50.0, 2: 50.0}",0,-100.0,0,-578447.5,1
2016-09-07,2016-09,EV,0,HOME,AWAY,5,"(1, 2)",0.43973196262197956,0.8896589745106689,0.8896589745106689,300,"{1: 150.0, 2: 150.0}",0,-300.0,0,-578747.5,2
2016-09-10,2016-09,EV,0,HOME,AWAY,7,"(1, 2)",0.43973196262197956,1.0471305557198916,1.0471305557198916,900,"{1: 450.0, 2: 450.0}",0,-900.0,0,-579647.5,3
2016-09-11,2016-09,EV,0,HOME,AWAY,3,"(1, 2)",0.43973196262197956,0.5770927416199105,0.5770927416199105,2700,"{1: 1350.0, 2: 1350.0}",0,-2700.0,0,-582347.5,4
2016-09-14,2016-09,EV,0,HOME,AWAY,7,"(1, 2)",0.43973196262197956,0.6534516026968351,0.6534516026968351,8100,"{1: 4050.0, 2: 4050.0}",0,-8100.0,0,-590447.5,5
2016-09-14,2016-09,EV,0,HOME,AWAY,5,"(1, 2)",0.43973196262197956,0.5022194614977895,0.5022194614977895,24300,"{1: 12150.0, 2: 12150.0}",0,-24300.0,0,-614747.5,6
2016-09-19,2016-09,EV,0,HOME,AWAY,2,"(1, 2)",0.43973196262197956,0.6371102121939916,0.6371102121939916,72900,"{1: 36450.0, 2: 36450.0}",1,127575.0,0,-487172.5,0
2016-09-22,2016-09,EV,0,HOME,AWAY,2,"(1, 2)",0.43973196262197956,0.7758634733726837,0.7758634733726837,100,"{1: 50.0, 2: 50.0}",1,192.49999999999997,0,-486980.0,0
2016-09-22,2016-09,EV,0,HOME,AWAY,4,"(1, 2)",0.43973196262197956,0.3979316784705498,0.3979316784705498,100,"{1: 50.0, 2: 50.0}",0,-100.0,0,-487080.0,1
2016-09-23,2016-09,EV,0,HOME,AWAY,5,"(1, 2)",0.43973196262197956,0.7470432028494862,0.7470432028494862,300,"{1: 150.0, 2: 150.0}",0,-300.0,0,-487380.0,2
2016-09-24,2016-09,EV,0,HOME,AWAY,7,"(1, 2)",0.43973196262197956,0.5173723872367901,0.5173723872367901,900,"{1: 450.0, 2: 450.0}",0,-900.0,0,-488280.0,3
2016-09-24,2016-09,EV,0,HOME,AWAY,4,"(1, 2)",0.43973196262197956,0.4009028403801578,0.4009028403801578,2700,"{1: 1350.0, 2: 1350.0}",0,-2700.0,0,-490980.0,4
2016-10-02,2016-10,EV,0,HOME,AWAY,2,"(1, 2)",0.4379599550776182,0.6830630992096918,0.6830630992096918,8100,"{1: 4050.0, 2: 4050.0}",1,14377.5,0,-476602.5,0
2016-10-06,2016-10,EV,0,HOME,AWAY,3,"(1, 2)",0.4379599550776182,1.8212274776116475,1.8212274776116475,100,"{1: 50.0, 2: 50.0}",0,-100.0,0,-476702.5,1
2016-10-08,2016-10,EV,0,HOME,AWAY,6,"(1, 2)",0.4379599550776182,1.915717219807466,1.915717219807466,300,"{1: 150.0, 2: 150.0}",0,-300.0,0,-477002.5,2
2016-10-09,2016-10,EV,0,HOME,AWAY,2,"(1, 2)",0.4379599550776182,0.7017366345111404,0.7017366345111404,900,"{1: 450.0, 2: 450.0}",1,1665.0,0,-475337.5,0
2016-10-09,2016-10,EV,0,HOME,AWAY,4,"(1, 2)",0.4379599550776182,0.6166958665349038,0.6166958665349038,100,"{1: 50.0, 2: 50.0}",0,-100.0,0,-475437.5,1
2016-10-11,2016-10,EV,0,HOME,AWAY,6,"(1, 2)",0.4379599550776182,3.5175545743820766,3.5175545743820766,300,"{1: 150.0, 2: 150.0}",0,-300.0,0,-475737.5,2
2016-10-12,2016-10,EV,0,HOME,AWAY,5,"(1, 2)",0.4379599550776182,1.5238800701391817,1.5238800701391817,900,"{1: 450.0, 2: 450.0}",0,-900.0,0,-476637.5,3
2016-10-15,2016-10,EV,0,HOME,AWAY,4,"(1, 2)",0.4379599550776182,0.6295937163446328,0.6295937163446328,2700,"{1: 1350.0, 2: 1350.0}",0,-2700.0,0,-479337.5,4
2016-10-15,2016-10,EV,0,HOME,AWAY,2,"(1, 2)",0.4379599550776182,0.5636753099452751,0.5636753099452751,8100,"{1: 4050.0, 2: 4050.0}",1,13567.5,0,-465770.0,0
2016-10-19,2016-10,EV,0,HOME,AWAY,6,"(1, 2)",0.4379599550776182,1.8062272310380614,1.8062272310380614,100,"{1: 50.0, 2: 50.0}",0,-100.0,0,-465870.0,1
2016-10-22,2016-10,EV,0,HOME,AWAY,6,"(1, 2)",0.4379599550776182,0.4728588564773193,0.4728588564773193,300,"{1: 150.0, 2: 150.0}",0,-300.0,0,-466170.0,2
2016-10-23,2016-10,EV,0,HOME,AWAY,3,"(1, 2)",0.4379599550776182,0.7365324820747503,0.7365324820747503,900,"{1: 450.0, 2: 450.0}",0,-900.0,0,-467070.0,3
2016-10-24,2016-10,EV,0,HOME,AWAY,3,"(1, 2)",0.4379599550776182,0.4492364209283646,0.4492364209283646,2700,"{1: 1350.0, 2: 1350.0}",0,-2700.0,0,-469770.0,4
2016-10-27,2016-10,EV,0,HOME,AWAY,3,"(1, 2)",0.4379599550776182,0.551226286410976,0.551226286410976,8100,"{1: 4050.0, 2: 4050.0}",0,-8100.0,0,-477870.0,5
2016-10-27,2016-10,EV,0,HOME,AWAY,2,"(1, 2)",0.4379599550776182,0.4604098329430202,0.4604098329430202,24300,"{1: 12150.0, 2: 12150.0}",1,35235.00000000001,0,-442635.0,0
2016-10-30,2016-10,EV,0,HOME,AWAY,1,"(1, 2)",0.4379599550776182,1.664492617744334,1.664492617744334,100,"{1: 50.0, 2: 50.0}",1,750.0,0,-441885.0,0
2016-11-03,2016-11,EV,0,HOME,AWAY,6,"(1, 2)",0.45209206955253334,0.7954779472478641,0.7954779472478641,100,"{1: 50.0, 2: 50.0}",0,-100.0,0,-441985.0,1
2016-11-05,2016-11,EV,0,HOME,AWAY,2,"(1, 2)",0.45209206955253334,0.7152452520284287,0.7152452520284287,300,"{1: 150.0, 2: 150.0}",1,555.0,0,-441430.0,0
2016-11-05,2016-11,EV,0,HOME,AWAY,3,"(1, 2)",0.45209206955253334,0.4585924352657158,0.4585924352657158,100,"{1: 50.0, 2: 50.0}",0,-100.0,0,-441530.0,1
2016-11-06,2016-11,EV,0,HOME,AWAY,3,"(1, 2)",0.45209206955253334,1.2095317543073114,1.2095317543073114,300,"{1: 150.0, 2: 150.0}",0,-300.0,0,-441830.0,2
2016-11-06,2016-11,EV,0,HOME,AWAY,7,"(1, 2)",0.45209206955253334,0.5399169005762772,0.5399169005762772,900,"{1: 450.0, 2: 450.0}",0,-900.0,0,-442730.0,3
2016-11-06,2016-11,EV,0,HOME,AWAY,2,"(1, 2)",0.45209206955253334,0.47706568146669603,0.47706568146669603,2700,"{1: 1350.0, 2: 1350.0}",1,3780.0,0,-438950.0,0
2016-11-12,2016-11,EV,0,HOME,AWAY,7,"(1, 2)",0.45209206955253334,5.577666669466579,5.577666669466579,100,"{1: 50.0, 2: 50.0}",0,-100.0,0,-439050.0,1
2016-11-14,2016-11,EV,0,HOME,AWAY,4,"(1, 2)",0.45209206955253334,0.5024245231287536,0.5024245231287536,300,"{1: 150.0, 2: 150.0}",0,-300.0,0,-439350.0,2
2016-11-19,2016-11,EV,0,HOME,AWAY,0,"(1, 2)",0.45209206955253334,0.7025658311973997,0.7025658311973997,900,"{1: 450.0, 2: 450.0}",0,-900.0,0,-440250.0,3
2016-11-19,2016-11,EV,0,HOME,AWAY,1,"(1, 2)",0.45209206955253334,0.4274397682337068,0.4274397682337068,2700,"{1: 1350.0, 2: 1350.0}",1,8437.5,0,-431812.5,0
2016-11-23,2016-11,EV,0,HOME,AWAY,7,"(1, 2)",0.45209206955253334,0.9517871674534728,0.9517871674534728,100,"{1: 50.0, 2: 50.0}",0,-100.0,0,-431912.5,1
2016-11-26,2016-11,EV,0,HOME,AWAY,3,"(1, 2)",0.45209206955253334,1.2147796946316998,1.2147796946316998,300,"{1: 150.0, 2: 150.0}",0,-300.0,0,-432212.5,2
2016-11-26,2016-11,EV,0,HOME,AWAY,2,"(1, 2)",0.45209206955253334,0.47706568146669603,0.47706568146669603,900,"{1: 450.0, 2: 450.0}",1,1260.0,0,-430952.5,0
2016-11-26,2016-11,EV,0,HOME,AWAY,3,"(1, 2)",0.45209206955253334,0.4260626491414914,0.4260626491414914,100,"{1: 50.0, 2: 50.0}",0,-100.0,0,-431052.5,1
2016-11-28,2016-11,EV,0,HOME,AWAY,5,"(1, 2)",0.45209206955253334,0.5272374797452484,0.5272374797452484,300,"{1: 150.0, 2: 150.0}",0,-300.0,0,-431352.5,2
2016-11-30,2016-11,EV,0,HOME,AWAY,2,"(1, 2)",0.45209206955253334,0.414760347402678,0.414760347402678,900,"{1: 450.0, 2: 450.0}",1,1215.0,0,-430137.5,0
2016-12-01,2016-12,EV,0,HOME,AWAY,7,"(1, 2)",0.4608555825769933,1.4634163070350965,1.4634163070350965,100,"{1: 50.0, 2: 50.0}",0,-100.0,0,-430237.5,1
2016-12-01,2016-12,EV,0,HOME,AWAY,2,"(1, 2)",0.4608555825769933,0.5869595233111868,0.5869595233111868,300,"{1: 150.0, 2: 150.0}",1,480.0,0,-429757.5,0
2016-12-03,2016-12,EV,0,HOME,AWAY,7,"(1, 2)",0.4608555825769933,0.574146612829995,0.574146612829995,100,"{1: 50.0, 2: 50.0}",0,-100.0,0,-429857.5,1
2016-12-10,2016-12,EV,0,HOME,AWAY,4,"(1, 2)",0.4608555825769933,0.5869595233111868,0.5869595233111868,300,"{1: 150.0, 2: 150.0}",0,-300.0,0,-430157.5,2
2016-12-11,2016-12,EV,0,HOME,AWAY,5,"(1, 2)",0.4608555825769933,1.0015249502575276,1.0015249502575276,900,"{1: 450.0, 2: 450.0}",0,-900.0,0,-431057.5,3
2016-12-14,2016-12,EV,0,HOME,AWAY,1,"(1, 2)",0.4608555825769933,0.8172850159132068,0.8172850159132068,2700,"{1: 1350.0, 2: 1350.0}",1,11475.0,0,-419582.5,0
2016-12-14,2016-12,EV,0,HOME,AWAY,5,"(1, 2)",0.4608555825769933,0.5485207918676118,0.5485207918676118,100,"{1: 50.0, 2: 50.0}",0,-100.0,0,-419682.5,1
2016-12-15,2016-12,EV,0,HOME,AWAY,2,"(1, 2)",0.4608555825769933,0.676445299306575,0.676445299306575,300,"{1: 150.0, 2: 150.0}",1,465.0,0,-419217.5,0
2016-12-17,2016-12,EV,0,HOME,AWAY,3,"(1, 2)",0.4608555825769933,0.6445153217900728,0.6445153217900728,100,"{1: 50.0, 2: 50.0}",0,-100.0,0,-419317.5,1
2016-12-17,2016-12,EV,0,HOME,AWAY,4,"(1, 2)",0.4608555825769933,0.574146612829995,0.574146612829995,300,"{1: 150.0, 2: 150.0}",0,-300.0,0,-419617.5,2
2016-12-18,2016-12,EV,0,HOME,AWAY,4,"(1, 2)",0.4608555825769933,0.6252959560682851,0.6252959560682851,900,"{1: 450.0, 2: 450.0}",0,-900.0,0,-420517.5,3
2016-12-19,2016-12,EV,0,HOME,AWAY,5,"(1, 2)",0.4608555825769933,0.7021222696121967,0.7021222696121967,2700,"{1: 1350.0, 2: 1350.0}",0,-2700.0,0,-423217.5,4
2016-12-21,2016-12,EV,0,HOME,AWAY,5,"(1, 2)",0.4608555825769933,1.6361860011582303,1.6361860011582303,8100,"{1: 4050.0, 2: 4050.0}",0,-8100.0,0,-431317.5,5
2016-12-22,2016-12,EV,0,HOME,AWAY,7,"(1, 2)",0.4608555825769933,2.1288692625652494,2.1288692625652494,24300,"{1: 12150.0, 2: 12150.0}",0,-24300.0,0,-455617.5,6
2016-12-22,2016-12,EV,0,HOME,AWAY,7,"(1, 2)",0.4608555825769933,1.8984414712767528,1.8984414712767528,72900,"{1: 36450.0, 2: 36450.0}",0,-72900.0,0,-528517.5,7
2016-12-28,2016-12,EV,0,HOME,AWAY,5,"(1, 2)",0.4608555825769933,0.5817934396441196,0.5817934396441196,218700,"{1: 109350.0, 2: 109350.0}",0,-218700.0,1,-747217.5,0
2017-01-07,2017-01,EV,0,HOME,AWAY,5,"(1, 2)",0.4246412272955734,1.1298552427439068,1.1298552427439068,100,"{1: 50.0, 2: 50.0}",0,-100.0,0,-747317.5,1
2017-01-08,2017-01,EV,0,HOME,AWAY,5,"(1, 2)",0.4246412272955734,0.3224734273004497,0.3224734273004497,300,"{1: 150.0, 2: 150.0}",0,-300.0,0,-747617.5,2
2017-01-10,2017-01,EV,0,HOME,AWAY,5,"(1, 2)",0.4246412272955734,1.6001386401707718,1.6001386401707718,900,"{1: 450.0, 2: 450.0}",0,-900.0,0,-748517.5,3
2017-01-12,2017-01,EV,0,HOME,AWAY,2,"(1, 2)",0.4246412272955734,0.518791107223191,0.518791107223191,2700,"{1: 1350.0, 2: 1350.0}",1,4320.0,0,-744197.5,0
2017-01-12,2017-01,EV,0,HOME,AWAY,4,"(1, 2)",0.4246412272955734,0.41321682332444,0.41321682332444,100,"{1: 50.0, 2: 50.0}",0,-100.0,0,-744297.5,1
2017-01-13,2017-01,EV,0,HOME,AWAY,3,"(1, 2)",0.4246412272955734,0.33410372843020086,0.33410372843020086,300,"{1: 150.0, 2: 150.0}",0,-300.0,0,-744597.5,2
2017-01-14,2017-01,EV,0,HOME,AWAY,5,"(1, 2)",0.4246412272955734,0.7247105473809594,0.7247105473809594,900,"{1: 450.0, 2: 450.0}",0,-900.0,0,-745497.5,3
2017-01-15,2017-01,EV,0,HOME,AWAY,4,"(1, 2)",0.4246412272955734,0.3405049019202193,0.3405049019202193,2700,"{1: 1350.0, 2: 1350.0}",0,-2700.0,0,-748197.5,4
2017-01-15,2017-01,EV,0,HOME,AWAY,2,"(1, 2)",0.4246412272955734,0.3282885778653255,0.3282885778653255,8100,"{1: 4050.0, 2: 4050.0}",1,10529.999999999998,0,-737667.5,0
2017-01-19,2017-01,EV,0,HOME,AWAY,3,"(1, 2)",0.4246412272955734,0.38558358846964325,0.38558358846964325,100,"{1: 50.0, 2: 50.0}",0,-100.0,0,-737767.5,1
2017-01-19,2017-01,EV,0,HOME,AWAY,3,"(1, 2)",0.4246412272955734,0.35272122597511313,0.35272122597511313,300,"{1: 150.0, 2: 150.0}",0,-300.0,0,-738067.5,2
2017-01-21,2017-01,EV,0,HOME,AWAY,3,"(1, 2)",0.4246412272955734,0.6551992127217479,0.6551992127217479,900,"{1: 450.0, 2: 450.0}",0,-900.0,0,-738967.5,3
2017-01-21,2017-01,EV,0,HOME,AWAY,4,"(1, 2)",0.4246412272955734,0.37715387408490075,0.37715387408490075,2700,"{1: 1350.0, 2: 1350.0}",0,-2700.0,0,-741667.5,4
2017-01-21,2017-01,EV,0,HOME,AWAY,2,"(1, 2)",0.4246412272955734,0.36493755003000716,0.36493755003000716,8100,"{1: 4050.0, 2: 4050.0}",1,11745.000000000002,0,-729922.5,0
2017-01-22,2017-01,EV,0,HOME,AWAY,3,"(1, 2)",0.4246412272955734,0.7247105473809594,0.7247105473809594,100,"{1: 50.0, 2: 50.0}",0,-100.0,0,-730022.5,1
2017-01-26,2017-01,EV,0,HOME,AWAY,4,"(1, 2)",0.4246412272955734,0.3282885778653255,0.3282885778653255,300,"{1: 150.0, 2: 150.0}",0,-300.0,0,-730322.5,2
2017-02-04,2017-02,EV,0,HOME,AWAY,3,"(1, 2)",0.45209206955253334,0.4268938831881437,0.4268938831881437,900,"{1: 450.0, 2: 450.0}",0,-900.0,0,-731222.5,3
2017-02-07,2017-02,EV,0,HOME,AWAY,3,"(1, 2)",0.45209206955253334,0.6898864103663711,0.6898864103663711,2700,"{1: 1350.0, 2: 1350.0}",0,-2700.0,0,-733922.5,4
2017-02-07,2017-02,EV,0,HOME,AWAY,3,"(1, 2)",0.45209206955253334,0.5652757422383348,0.5652757422383348,8100,"{1: 4050.0, 2: 4050.0}",0,-8100.0,0,-742022.5,5
2017-02-11,2017-02,EV,0,HOME,AWAY,3,"(1, 2)",0.45209206955253334,0.5448794918995761,0.5448794918995761,24300,"{1: 12150.0, 2: 12150.0}",0,-24300.0,0,-766322.5,6
2017-02-11,2017-02,EV,0,HOME,AWAY,6,"(1, 2)",0.45209206955253334,0.4395733040191727,0.4395733040191727,72900,"{1: 36450.0, 2: 36450.0}",0,-72900.0,0,-839222.5,7
2017-02-12,2017-02,EV,0,HOME,AWAY,5,"(1, 2)",0.45209206955253334,0.36458854912412564,0.36458854912412564,218700,"{1: 109350.0, 2: 109350.0}",0,-218700.0,1,-1057922.5,0
2017-02-18,2017-02,EV,0,HOME,AWAY,2,"(1, 2)",0.45209206955253334,0.7585314548459037,0.7585314548459037,100,"{1: 50.0, 2: 50.0}",1,182.50000000000003,0,-1057740.0,0
2017-02-18,2017-02,EV,0,HOME,AWAY,2,"(1, 2)",0.45209206955253334,0.5145580589142198,0.5145580589142198,100,"{1: 50.0, 2: 50.0}",1,145.00000000000003,0,-1057595.0,0
2017-02-19,2017-02,EV,0,HOME,AWAY,4,"(1, 2)",0.45209206955253334,0.4268938831881437,0.4268938831881437,100,"{1: 50.0, 2: 50.0}",0,-100.0,0,-1057695.0,1
2017-02-20,2017-02,EV,0,HOME,AWAY,3,"(1, 2)",0.45209206955253334,0.614901655471324,0.614901655471324,300,"{1: 150.0, 2: 150.0}",0,-300.0,0,-1057995.0,2
2017-02-21,2017-02,EV,0,HOME,AWAY,2,"(1, 2)",0.45209206955253334,0.36458854912412564,0.36458854912412564,900,"{1: 450.0, 2: 450.0}",1,1125.0,0,-1056870.0,0
2017-02-22,2017-02,EV,0,HOME,AWAY,7,"(1, 2)",0.45209206955253334,0.8773482976039886,0.8773482976039886,100,"{1: 50.0, 2: 50.0}",0,-100.0,0,-1056970.0,1
2017-02-25,2017-02,EV,0,HOME,AWAY,2,"(1, 2)",0.45209206955253334,0.6898864103663711,0.6898864103663711,300,"{1: 150.0, 2: 150.0}",1,525.0,0,-1056445.0,0
2017-02-25,2017-02,EV,0,HOME,AWAY,6,"(1, 2)",0.45209206955253334,0.38994739078618323,0.38994739078618323,100,"{1: 50.0, 2: 50.0}",0,-100.0,0,-1056545.0,1
2017-02-25,2017-02,EV,0,HOME,AWAY,4,"(1, 2)",0.45209206955253334,0.37726796995515444,0.37726796995515444,300,"{1: 150.0, 2: 150.0}",0,-300.0,0,-1056845.0,2
2017-02-27,2017-02,EV,0,HOME,AWAY,5,"(1, 2)",0.45209206955253334,0.35190912829309706,0.35190912829309706,900,"{1: 450.0, 2: 450.0}",0,-900.0,0,-1057745.0,3
2017-03-01,2017-03,EV,0,HOME,AWAY,2,"(1, 2)",0.40154791704082127,0.3536478955450497,0.3536478955450497,2700,"{1: 1350.0, 2: 1350.0}",1,3780.0,0,-1053965.0,0
2017-03-02,2017-03,EV,0,HOME,AWAY,7,"(1, 2)",0.40154791704082127,0.7613351815654206,0.7613351815654206,100,"{1: 50.0, 2: 50.0}",0,-100.0,0,-1054065.0,1
2017-03-02,2017-03,EV,0,HOME,AWAY,6,"(1, 2)",0.40154791704082127,0.5190790002102144,0.5190790002102144,300,"{1: 150.0, 2: 150.0}",0,-300.0,0,-1054365.0,2
2017-03-02,2017-03,EV,0,HOME,AWAY,6,"(1, 2)",0.40154791704082127,0.31216567271025397,0.31216567271025397,900,"{1: 450.0, 2: 450.0}",0,-900.0,0,-1055265.0,3
2017-03-04,2017-03,EV,0,HOME,AWAY,3,"(1, 2)",0.40154791704082127,0.4007717006853775,0.4007717006853775,2700,"{1: 1350.0, 2: 1350.0}",0,-2700.0,0,-1057965.0,4
2017-03-05,2017-03,EV,0,HOME,AWAY,5,"(1, 2)",0.40154791704082127,0.7024304251400109,0.7024304251400109,8100,"{1: 4050.0, 2: 4050.0}",0,-8100.0,0,-1066065.0,5
2017-03-05,2017-03,EV,0,HOME,AWAY,5,"(1, 2)",0.40154791704082127,0.6312469307555015,0.6312469307555015,24300,"{1: 12150.0, 2: 12150.0}",0,-24300.0,0,-1090365.0,6
2017-03-11,2017-03,EV,0,HOME,AWAY,3,"(1, 2)",0.40154791704082127,0.2824644011605404,0.2824644011605404,72900,"{1: 36450.0, 2: 36450.0}",0,-72900.0,0,-1163265.0,7
2017-03-12,2017-03,EV,0,HOME,AWAY,5,"(1, 2)",0.40154791704082127,0.678868522569847,0.678868522569847,218700,"{1: 109350.0, 2: 109350.0}",0,-218700.0,1,-1381965.0,0
2017-03-13,2017-03,EV,0,HOME,AWAY,3,"(1, 2)",0.40154791704082127,0.47170630173287775,0.47170630173287775,100,"{1: 50.0, 2: 50.0}",0,-100.0,0,-1382065.0,1
2017-03-18,2017-03,EV,0,HOME,AWAY,2,"(1, 2)",0.40154791704082127,0.27068344987545845,0.27068344987545845,300,"{1: 150.0, 2: 150.0}",1,420.0,0,-1381645.0,0
2017-03-20,2017-03,EV,0,HOME,AWAY,6,"(1, 2)",0.40154791704082127,0.7613351815654206,0.7613351815654206,100,"{1: 50.0, 2: 50.0}",0,-100.0,0,-1381745.0,1
2017-03-26,2017-03,EV,0,HOME,AWAY,5,"(1, 2)",0.40154791704082127,2.98561196996716,2.98561196996716,300,"{1: 150.0, 2: 150.0}",0,-300.0,0,-1382045.0,2
2017-03-26,2017-03,EV,0,HOME,AWAY,4,"(1, 2)",0.40154791704082127,0.3149864638630202,0.3149864638630202,900,"{1: 450.0, 2: 450.0}",0,-900.0,0,-1382945.0,3
2017-03-27,2017-03,EV,0,HOME,AWAY,6,"(1, 2)",0.40154791704082127,0.7024304251400109,0.7024304251400109,2700,"{1: 1350.0, 2: 1350.0}",0,-2700.0,0,-1385645.0,4
2017-03-28,2017-03,EV,0,HOME,AWAY,4,"(1, 2)",0.40154791704082127,0.3239466239953359,0.3239466239953359,8100,"{1: 4050.0, 2: 4050.0}",0,-8100.0,0,-1393745.0,5
2017-04-02,2017-04,EV,0,HOME,AWAY,3,"(1, 2)",0.4625998823848524,0.748102692366875,0.748102692366875,24300,"{1: 12150.0, 2: 12150.0}",0,-24300.0,0,-1418045.0,6
2017-04-03,2017-04,EV,0,HOME,AWAY,5,"(1, 2)",0.4625998823848524,0.5166998368513376,0.5166998368513376,72900,"{1: 36450.0, 2: 36450.0}",0,-72900.0,0,-1490945.0,7
2017-04-04,2017-04,EV,0,HOME,AWAY,2,"(1, 2)",0.4625998823848524,0.8766941390943217,0.8766941390943217,218700,"{1: 109350.0, 2: 109350.0}",1,415530.0,0,-1075415.0,0
2017-04-06,2017-04,EV,0,HOME,AWAY,3,"(1, 2)",0.4625998823848524,1.0052855858217686,1.0052855858217686,100,"{1: 50.0, 2: 50.0}",0,-100.0,0,-1075515.0,1
2017-04-08,2017-04,EV,0,HOME,AWAY,4,"(1, 2)",0.4625998823848524,0.49102271323509283,0.49102271323509283,300,"{1: 150.0, 2: 150.0}",0,-300.0,0,-1075815.0,2
2017-04-09,2017-04,EV,0,HOME,AWAY,5,"(1, 2)",0.4625998823848524,0.5232220320785101,0.5232220320785101,900,"{1: 450.0, 2: 450.0}",0,-900.0,0,-1076715.0,3
2017-04-14,2017-04,EV,0,HOME,AWAY,1,"(1, 2)",0.4625998823848524,0.6196141599625395,0.6196141599625395,2700,"{1: 1350.0, 2: 1350.0}",1,10125.0,0,-1066590.0,0
2017-04-15,2017-04,EV,0,HOME,AWAY,1,"(1, 2)",0.4625998823848524,0.6710198643565848,0.6710198643565848,100,"{1: 50.0, 2: 50.0}",1,387.5,0,-1066202.5,0
2017-04-15,2017-04,EV,0,HOME,AWAY,3,"(1, 2)",0.4625998823848524,0.5681569984069386,0.5681569984069386,100,"{1: 50.0, 2: 50.0}",0,-100.0,0,-1066302.5,1
2017-04-22,2017-04,EV,0,HOME,AWAY,2,"(1, 2)",0.4625998823848524,0.6452912835787843,0.6452912835787843,300,"{1: 150.0, 2: 150.0}",1,480.0,0,-1065822.5,0
2017-04-22,2017-04,EV,0,HOME,AWAY,2,"(1, 2)",0.4625998823848524,0.6196141599625395,0.6196141599625395,100,"{1: 50.0, 2: 50.0}",1,150.0,0,-1065672.5,0
2017-04-22,2017-04,EV,0,HOME,AWAY,2,"(1, 2)",0.4625998823848524,0.5809955602150609,0.5809955602150609,100,"{1: 50.0, 2: 50.0}",1,154.99999999999997,0,-1065517.5,0
2017-04-25,2017-04,EV,0,HOME,AWAY,6,"(1, 2)",0.4625998823848524,0.8381784536699544,0.8381784536699544,100,"{1: 50.0, 2: 50.0}",0,-100.0,0,-1065617.5,1
2017-04-27,2017-04,EV,0,HOME,AWAY,7,"(1, 2)",0.4625998823848524,1.9437355696920404,1.9437355696920404,300,"{1: 150.0, 2: 150.0}",0,-300.0,0,-1065917.5,2
2017-04-29,2017-04,EV,0,HOME,AWAY,3,"(1, 2)",0.4625998823848524,1.5453284963478002,1.5453284963478002,900,"{1: 450.0, 2: 450.0}",0,-900.0,0,-1066817.5,3
2017-04-29,2017-04,EV,0,HOME,AWAY,6,"(1, 2)",0.4625998823848524,0.5038612750432152,0.5038612750432152,2700,"{1: 1350.0, 2: 1350.0}",0,-2700.0,0,-1069517.5,4
2017-05-06,2017-05,EV,0,HOME,AWAY,1,"(1, 2)",0.4415026683677851,1.2149275253272251,1.2149275253272251,8100,"{1: 4050.0, 2: 4050.0}",1,48600.0,0,-1020917.5,0
2017-05-07,2017-05,EV,0,HOME,AWAY,4,"(1, 2)",0.4415026683677851,1.1192606416072284,1.1192606416072284,100,"{1: 50.0, 2: 50.0}",0,-100.0,0,-1021017.5,1
2017-05-07,2017-05,EV,0,HOME,AWAY,4,"(1, 2)",0.4415026683677851,1.0567184163752805,1.0567184163752805,300,"{1: 150.0, 2: 150.0}",0,-300.0,0,-1021317.5,2
2017-05-07,2017-05,EV,0,HOME,AWAY,5,"(1, 2)",0.4415026683677851,0.8985093074233359,0.8985093074233359,900,"{1: 450.0, 2: 450.0}",0,-900.0,0,-1022217.5,3
2017-05-09,2017-05,EV,0,HOME,AWAY,4,"(1, 2)",0.4415026683677851,1.0567184163752805,1.0567184163752805,2700,"{1: 1350.0, 2: 1350.0}",0,-2700.0,0,-1024917.5,4
2017-05-15,2017-05,EV,0,HOME,AWAY,5,"(1, 2)",0.4415026683677851,1.847763961135004,1.847763961135004,8100,"{1: 4050.0, 2: 4050.0}",0,-8100.0,0,-1033017.5,5
2017-05-15,2017-05,EV,0,HOME,AWAY,5,"(1, 2)",0.4415026683677851,1.3731366342791702,1.3731366342791702,24300,"{1: 12150.0, 2: 12150.0}",0,-24300.0,0,-1057317.5,6
2017-05-18,2017-05,EV,0,HOME,AWAY,5,"(1, 2)",0.4415026683677851,1.0567184163752805,1.0567184163752805,72900,"{1: 36450.0, 2: 36450.0}",0,-72900.0,0,-1130217.5,7
2017-05-20,2017-05,EV,0,HOME,AWAY,7,"(1, 2)",0.4415026683677851,1.2149275253272251,1.2149275253272251,218700,"{1: 109350.0, 2: 109350.0}",0,-218700.0,1,-1348917.5,0
2017-05-20,2017-05,EV,0,HOME,AWAY,5,"(1, 2)",0.4415026683677851,0.8985093074233359,0.8985093074233359,100,"{1: 50.0, 2: 50.0}",0,-100.0,0,-1349017.5,1
2017-05-22,2017-05,EV,0,HOME,AWAY,6,"(1, 2)",0.4415026683677851,1.5313457432311148,1.5313457432311148,300,"{1: 150.0, 2: 150.0}",0,-300.0,0,-1349317.5,2
2017-05-22,2017-05,EV,0,HOME,AWAY,2,"(1, 2)",0.4415026683677851,0.9673057551784785,0.9673057551784785,900,"{1: 450.0, 2: 450.0}",1,2047.5,0,-1347270.0,0
2017-05-23,2017-05,EV,0,HOME,AWAY,7,"(1, 2)",0.4415026683677851,3.0840192660066617,3.0840192660066617,100,"{1: 50.0, 2: 50.0}",0,-100.0,0,-1347370.0,1
2017-05-26,2017-05,EV,0,HOME,AWAY,5,"(1, 2)",0.4415026683677851,5.80669877667777,5.80669877667777,300,"{1: 150.0, 2: 150.0}",0,-300.0,0,-1347670.0,2
2017-05-29,2017-05,EV,0,HOME,AWAY,5,"(1, 2)",0.4415026683677851,1.052664532177646,1.052664532177646,900,"{1: 450.0, 2: 450.0}",0,-900.0,0,-1348570.0,3
2017-05-29,2017-05,EV,0,HOME,AWAY,4,"(1, 2)",0.4415026683677851,0.9110177524697254,0.9110177524697254,2700,"{1: 1350.0, 2: 1350.0}",0,-2700.0,0,-1351270.0,4
2017-06-01,2017-06,EV,0,HOME,AWAY,7,"(1, 2)",0.42730772257440347,1.2691905842569362,1.2691905842569362,8100,"{1: 4050.0, 2: 4050.0}",0,-8100.0,0,-1359370.0,5
2017-06-01,2017-06,EV,0,HOME,AWAY,6,"(1, 2)",0.42730772257440347,0.44716929845785414,0.44716929845785414,24300,"{1: 12150.0, 2: 12150.0}",0,-24300.0,0,-1383670.0,6
2017-06-01,2017-06,EV,0,HOME,AWAY,7,"(1, 2)",0.42730772257440347,0.1644476740250398,0.1644476740250398,72900,"{1: 36450.0, 2: 36450.0}",0,-72900.0,0,-1456570.0,7
2017-06-07,2017-06,EV,0,HOME,AWAY,2,"(1, 2)",0.42730772257440347,0.08214884375072584,0.08214884375072584,218700,"{1: 109350.0, 2: 109350.0}",1,218700.0,0,-1237870.0,0
2017-06-10,2017-06,EV,0,HOME,AWAY,5,"(1, 2)",0.42730772257440347,0.6879337641884744,0.6879337641884744,100,"{1: 50.0, 2: 50.0}",0,-100.0,0,-1237970.0,1
2017-06-10,2017-06,EV,0,HOME,AWAY,3,"(1, 2)",0.42730772257440347,0.08669951172276402,0.08669951172276402,300,"{1: 150.0, 2: 150.0}",0,-300.0,0,-1238270.0,2
2017-06-11,2017-06,EV,0,HOME,AWAY,7,"(1, 2)",0.42730772257440347,8.104521411657178,8.104521411657178,900,"{1: 450.0, 2: 450.0}",0,-900.0,0,-1239170.0,3
2017-06-11,2017-06,EV,0,HOME,AWAY,1,"(3, 4)",0.3688009401379598,0.11569858720227089,0.11569858720227089,2700,"{3: 1350.0, 4: 1350.0}",0,-2700.0,0,-1241870.0,4
2017-06-12,2017-06,EV,0,HOME,AWAY,5,"(1, 2)",0.42730772257440347,1.437337765823754,1.437337765823754,8100,"{1: 4050.0, 2: 4050.0}",0,-8100.0,0,-1249970.0,5
2017-06-13,2017-06,EV,0,HOME,AWAY,6,"(1, 2)",0.42730772257440347,1.437337765823754,1.437337765823754,24300,"{1: 12150.0, 2: 12150.0}",0,-24300.0,0,-1274270.0,6
2017-06-18,2017-06,EV,0,HOME,AWAY,4,"(1, 2)",0.42730772257440347,0.07601681865840404,0.07601681865840404,72900,"{1: 36450.0, 2: 36450.0}",0,-72900.0,0,-1347170.0,7
2017-06-18,2017-06,EV,0,HOME,AWAY,6,"(1, 2)",0.42730772257440347,0.057620743381438855,0.057620743381438855,218700,"{1: 109350.0, 2: 109350.0}",0,-218700.0,1,-1565870.0,0
2017-06-24,2017-06,EV,0,HOME,AWAY,4,"(1, 2)",0.42730772257440347,0.20995435374542337,0.20995435374542337,100,"{1: 50.0, 2: 50.0}",0,-100.0,0,-1565970.0,1
2017-06-24,2017-06,EV,0,HOME,AWAY,6,"(1, 2)",0.42730772257440347,0.1066769441200126,0.1066769441200126,300,"{1: 150.0, 2: 150.0}",0,-300.0,0,-1566270.0,2
2017-06-29,2017-06,EV,0,HOME,AWAY,2,"(3, 4)",0.3688009401379598,0.0400241597915878,0.0400241597915878,900,"{3: 450.0, 4: 450.0}",0,-900.0,0,-1567170.0,3
2017-06-30,2017-06,EV,0,HOME,AWAY,4,"(1, 2)",0.42730772257440347,0.094412893935369,0.094412893935369,2700,"{1: 1350.0, 2: 1350.0}",0,-2700.0,0,-1569870.0,4
2017-07-01,2017-07,EV,0,HOME,AWAY,5,"(1, 2)",0.4184178630048381,0.18177694320865934,0.18177694320865934,8100,"{1: 4050.0, 2: 4050.0}",0,-8100.0,0,-1577970.0,5
2017-07-09,2017-07,EV,0,HOME,AWAY,3,"(1, 2)",0.4184178630048381,0.13768654668549418,0.13768654668549418,24300,"{1: 12150.0, 2: 12150.0}",0,-24300.0,0,-1602270.0,6
2017-07-12,2017-07,EV,0,HOME,AWAY,1,"(1, 2)",0.4184178630048381,0.2863814089598691,0.2863814089598691,72900,"{1: 36450.0, 2: 36450.0}",1,218700.0,0,-1383570.0,0
2017-07-13,2017-07,EV,0,HOME,AWAY,2,"(1, 2)",0.4184178630048381,0.24402156050023782,0.24402156050023782,100,"{1: 50.0, 2: 50.0}",1,122.5,0,-1383447.5,0
2017-07-15,2017-07,EV,0,HOME,AWAY,4,"(1, 2)",0.4184178630048381,0.5111542504349653,0.5111542504349653,100,"{1: 50.0, 2: 50.0}",0,-100.0,0,-1383547.5,1
2017-07-15,2017-07,EV,0,HOME,AWAY,4,"(1, 2)",0.4184178630048381,0.2742785951142601,0.2742785951142601,300,"{1: 150.0, 2: 150.0}",0,-300.0,0,-1383847.5,2
2017-07-17,2017-07,EV,0,HOME,AWAY,4,"(1, 2)",0.4184178630048381,0.33047180548303423,0.33047180548303423,900,"{1: 450.0, 2: 450.0}",0,-900.0,0,-1384747.5,3
2017-07-18,2017-07,EV,0,HOME,AWAY,3,"(1, 2)",0.4184178630048381,0.6356434850181223,0.6356434850181223,2700,"{1: 1350.0, 2: 1350.0}",0,-2700.0,0,-1387447.5,4
2017-07-19,2017-07,EV,0,HOME,AWAY,2,"(1, 2)",0.4184178630048381,0.13552611725585906,0.13552611725585906,8100,"{1: 4050.0, 2: 4050.0}",1,8504.999999999998,0,-1378942.5,0
2017-07-20,2017-07,EV,0,HOME,AWAY,4,"(1, 2)",0.4184178630048381,0.5915530884949571,0.5915530884949571,100,"{1: 50.0, 2: 50.0}",0,-100.0,0,-1379042.5,1
2017-07-22,2017-07,EV,0,HOME,AWAY,3,"(1, 2)",0.4184178630048381,0.20269783635890137,0.20269783635890137,300,"{1: 150.0, 2: 150.0}",0,-300.0,0,-1379342.5,2
2017-07-25,2017-07,EV,0,HOME,AWAY,1,"(3, 4)",0.3734731682029902,0.14429797811342415,0.14429797811342415,900,"{3: 450.0, 4: 450.0}",0,-900.0,0,-1380242.5,3
2017-07-26,2017-07,EV,0,HOME,AWAY,2,"(1, 2)",0.4184178630048381,0.24402156050023782,0.24402156050023782,2700,"{1: 1350.0, 2: 1350.0}",1,3307.5,0,-1376935.0,0
2017-07-29,2017-07,EV,0,HOME,AWAY,2,"(3, 4)",0.3734731682029902,0.13322390344469204,0.13322390344469204,100,"{3: 50.0, 4: 50.0}",0,-100.0,0,-1377035.0,1
2017-07-30,2017-07,EV,0,HOME,AWAY,1,"(3, 4)",0.3734731682029902,0.261440924218606,0.261440924218606,300,"{3: 150.0, 4: 150.0}",0,-300.0,0,-1377335.0,2
2017-07-30,2017-07,EV,0,HOME,AWAY,5,"(1, 2)",0.4184178630048381,0.18177694320865934,0.18177694320865934,900,"{1: 450.0, 2: 450.0}",0,-900.0,0,-1378235.0,3
2017-08-05,2017-08,EV,0,HOME,AWAY,2,"(1, 2)",0.46607885948431155,0.49106178147313395,0.49106178147313395,2700,"{1: 1350.0, 2: 1350.0}",1,3645.0,0,-1374590.0,0
2017-08-07,2017-08,EV,0,HOME,AWAY,4,"(1, 2)",0.46607885948431155,0.34824376224009224,0.34824376224009224,100,"{1: 50.0, 2: 50.0}",0,-100.0,0,-1374690.0,1
2017-08-08,2017-08,EV,0,HOME,AWAY,1,"(1, 2)",0.46607885948431155,0.41320838539167637,0.41320838539167637,300,"{1: 150.0, 2: 150.0}",1,900.0,0,-1373790.0,0
2017-08-09,2017-08,EV,0,HOME,AWAY,5,"(1, 2)",0.46607885948431155,0.4454303177163599,0.4454303177163599,100,"{1: 50.0, 2: 50.0}",0,-100.0,0,-1373890.0,1
2017-08-11,2017-08,EV,0,HOME,AWAY,1,"(1, 2)",0.46607885948431155,0.49106178147313395,0.49106178147313395,300,"{1: 150.0, 2: 150.0}",1,975.0,0,-1372915.0,0
2017-08-12,2017-08,EV,0,HOME,AWAY,5,"(1, 2)",0.46607885948431155,0.8932175348102955,0.8932175348102955,100,"{1: 50.0, 2: 50.0}",0,-100.0,0,-1373015.0,1
2017-08-14,2017-08,EV,0,HOME,AWAY,4,"(1, 2)",0.46607885948431155,0.3611325351699657,0.3611325351699657,300,"{1: 150.0, 2: 150.0}",0,-300.0,0,-1373315.0,2
2017-08-17,2017-08,EV,0,HOME,AWAY,2,"(1, 2)",0.46607885948431155,0.6284118364328961,0.6284118364328961,900,"{1: 450.0, 2: 450.0}",1,1440.0,0,-1371875.0,0
2017-08-21,2017-08,EV,0,HOME,AWAY,7,"(1, 2)",0.46607885948431155,0.6725461194957962,0.6725461194957962,100,"{1: 50.0, 2: 50.0}",0,-100.0,0,-1371975.0,1
2017-08-21,2017-08,EV,0,HOME,AWAY,2,"(1, 2)",0.46607885948431155,0.5168393273328808,0.5168393273328808,300,"{1: 150.0, 2: 150.0}",1,435.0,0,-1371540.0,0
2017-08-26,2017-08,EV,0,HOME,AWAY,3,"(1, 2)",0.46607885948431155,0.789586592869091,0.789586592869091,100,"{1: 50.0, 2: 50.0}",0,-100.0,0,-1371640.0,1
2017-08-26,2017-08,EV,0,HOME,AWAY,2,"(1, 2)",0.46607885948431155,0.40031961246180314,0.40031961246180314,300,"{1: 150.0, 2: 150.0}",1,360.00000000000006,0,-1371280.0,0
2017-08-27,2017-08,EV,0,HOME,AWAY,2,"(1, 2)",0.46607885948431155,0.7117331967876335,0.7117331967876335,100,"{1: 50.0, 2: 50.0}",1,160.0,0,-1371120.0,0
2017-08-27,2017-08,EV,0,HOME,AWAY,3,"(1, 2)",0.46607885948431155,0.3779920916792445,0.3779920916792445,100,"{1: 50.0, 2: 50.0}",0,-100.0,0,-1371220.0,1
2017-08-28,2017-08,EV,0,HOME,AWAY,4,"(1, 2)",0.46607885948431155,0.9318838535999159,0.9318838535999159,300,"{1: 150.0, 2: 150.0}",0,-300.0,0,-1371520.0,2
2017-08-29,2017-08,EV,0,HOME,AWAY,5,"(1, 2)",0.46607885948431155,0.8674399889505489,0.8674399889505489,900,"{1: 450.0, 2: 450.0}",0,-900.0,0,-1372420.0,3
2017-09-01,2017-09,EV,0,HOME,AWAY,7,"(1, 2)",0.42375224977898546,6.627091129903203,6.627091129903203,2700,"{1: 1350.0, 2: 1350.0}",0,-2700.0,0,-1375120.0,4
2017-09-01,2017-09,EV,0,HOME,AWAY,3,"(1, 2)",0.42375224977898546,1.3529933381815615,1.3529933381815615,8100,"{1: 4050.0, 2: 4050.0}",0,-8100.0,0,-1383220.0,5
2017-09-01,2017-09,EV,0,HOME,AWAY,6,"(1, 2)",0.42375224977898546,0.7289586093712996,0.7289586093712996,24300,"{1: 12150.0, 2: 12150.0}",0,-24300.0,0,-1407520.0,6
2017-09-03,2017-09,EV,0,HOME,AWAY,1,"(1, 2)",0.42375224977898546,0.8714975421707631,0.8714975421707631,72900,"{1: 36450.0, 2: 36450.0}",1,364500.0,0,-1043020.0,0
2017-09-04,2017-09,EV,0,HOME,AWAY,4,"(1, 2)",0.42375224977898546,2.2871131570872523,2.2871131570872523,100,"{1: 50.0, 2: 50.0}",0,-100.0,0,-1043120.0,1
2017-09-04,2017-09,EV,0,HOME,AWAY,0,"(1, 2)",0.42375224977898546,1.6547426867781563,1.6547426867781563,300,"{1: 150.0, 2: 150.0}",0,-300.0,0,-1043420.0,2
2017-09-05,2017-09,EV,0,HOME,AWAY,3,"(1, 2)",0.42375224977898546,0.8737331386104774,0.8737331386104774,900,"{1: 450.0, 2: 450.0}",0,-900.0,0,-1044320.0,3
2017-09-06,2017-09,EV,0,HOME,AWAY,7,"(1, 2)",0.42375224977898546,2.556732828208558,2.556732828208558,2700,"{1: 1350.0, 2: 1350.0}",0,-2700.0,0,-1047020.0,4
2017-09-09,2017-09,EV,0,HOME,AWAY,2,"(1, 2)",0.42375224977898546,0.9613707658778652,0.9613707658778652,8100,"{1: 4050.0, 2: 4050.0}",1,18225.0,0,-1028795.0,0
2017-09-13,2017-09,EV,0,HOME,AWAY,3,"(1, 2)",0.42375224977898546,0.5902842251912412,0.5902842251912412,100,"{1: 50.0, 2: 50.0}",0,-100.0,0,-1028895.0,1
2017-09-14,2017-09,EV,0,HOME,AWAY,3,"(1, 2)",0.42375224977898546,1.1122454401761623,1.1122454401761623,300,"{1: 150.0, 2: 150.0}",0,-300.0,0,-1029195.0,2
2017-09-18,2017-09,EV,0,HOME,AWAY,2,"(1, 2)",0.42375224977898546,0.8714975421707631,0.8714975421707631,900,"{1: 450.0, 2: 450.0}",1,2025.0,0,-1027170.0,0
2017-09-20,2017-09,EV,0,HOME,AWAY,7,"(1, 2)",0.42375224977898546,0.7084225777542268,0.7084225777542268,100,"{1: 50.0, 2: 50.0}",0,-100.0,0,-1027270.0,1
2017-09-20,2017-09,EV,0,HOME,AWAY,1,"(1, 2)",0.42375224977898546,0.6962222876359876,0.6962222876359876,300,"{1: 150.0, 2: 150.0}",1,1350.0,0,-1025920.0,0
2017-09-21,2017-09,EV,0,HOME,AWAY,1,"(1, 2)",0.42375224977898546,0.9796712010552238,0.9796712010552238,100,"{1: 50.0, 2: 50.0}",1,550.0,0,-1025370.0,0
2017-09-21,2017-09,EV,0,HOME,AWAY,1,"(1, 2)",0.42375224977898546,0.6146848054277196,0.6146848054277196,100,"{1: 50.0, 2: 50.0}",1,425.0,0,-1024945.0,0
2017-10-01,2017-10,EV,0,HOME,AWAY,3,"(1, 2)",0.42197416318563097,1.402350262368989,1.402350262368989,100,"{1: 50.0, 2: 50.0}",0,-100.0,0,-1025045.0,1
2017-10-02,2017-10,EV,0,HOME,AWAY,2,"(1, 2)",0.42197416318563097,1.0269830338738348,1.0269830338738348,300,"{1: 150.0, 2: 150.0}",1,712.5,0,-1024332.5,0
2017-10-08,2017-10,EV,0,HOME,AWAY,2,"(1, 2)",0.42197416318563097,1.1020564795728656,1.1020564795728656,100,"{1: 50.0, 2: 50.0}",1,250.0,0,-1024082.5,0
2017-10-09,2017-10,EV,0,HOME,AWAY,5,"(1, 2)",0.42197416318563097,2.7782316277824552,2.7782316277824552,100,"{1: 50.0, 2: 50.0}",0,-100.0,0,-1024182.5,1
2017-10-11,2017-10,EV,0,HOME,AWAY,4,"(1, 2)",0.42197416318563097,2.0598708499783456,2.0598708499783456,300,"{1: 150.0, 2: 150.0}",0,-300.0,0,-1024482.5,2
2017-10-11,2017-10,EV,0,HOME,AWAY,3,"(1, 2)",0.42197416318563097,0.5176557535737176,0.5176557535737176,900,"{1: 450.0, 2: 450.0}",0,-900.0,0,-1025382.5,3
2017-10-14,2017-10,EV,0,HOME,AWAY,5,"(1, 2)",0.42197416318563097,0.801762696776742,0.801762696776742,2700,"{1: 1350.0, 2: 1350.0}",0,-2700.0,0,-1028082.5,4
2017-10-15,2017-10,EV,0,HOME,AWAY,4,"(1, 2)",0.42197416318563097,0.5379730280974704,0.5379730280974704,8100,"{1: 4050.0, 2: 4050.0}",0,-8100.0,0,-1036182.5,5
2017-10-17,2017-10,EV,0,HOME,AWAY,3,"(1, 2)",0.42197416318563097,0.606962454777026,0.606962454777026,24300,"{1: 12150.0, 2: 12150.0}",0,-24300.0,0,-1060482.5,6
2017-10-19,2017-10,EV,0,HOME,AWAY,3,"(1, 2)",0.42197416318563097,0.7409225065819882,0.7409225065819882,72900,"{1: 36450.0, 2: 36450.0}",0,-72900.0,0,-1133382.5,7
2017-10-19,2017-10,EV,0,HOME,AWAY,4,"(1, 2)",0.42197416318563097,0.5947944167380754,0.5947944167380754,218700,"{1: 109350.0, 2: 109350.0}",0,-218700.0,1,-1352082.5,0
2017-10-22,2017-10,EV,0,HOME,AWAY,2,"(1, 2)",0.42197416318563097,0.9762456642527053,0.9762456642527053,100,"{1: 50.0, 2: 50.0}",1,235.0,0,-1351847.5,0
2017-10-22,2017-10,EV,0,HOME,AWAY,3,"(1, 2)",0.42197416318563097,0.6191304928159767,0.6191304928159767,100,"{1: 50.0, 2: 50.0}",0,-100.0,0,-1351947.5,1
2017-10-23,2017-10,EV,0,HOME,AWAY,3,"(1, 2)",0.42197416318563097,0.8321827918741187,0.8321827918741187,300,"{1: 150.0, 2: 150.0}",0,-300.0,0,-1352247.5,2
2017-10-25,2017-10,EV,0,HOME,AWAY,0,"(1, 2)",0.42197416318563097,0.7124559955734338,0.7124559955734338,900,"{1: 450.0, 2: 450.0}",0,-900.0,0,-1353147.5,3
2017-10-27,2017-10,EV,0,HOME,AWAY,2,"(1, 2)",0.42197416318563097,0.5298237916126685,0.5298237916126685,2700,"{1: 1350.0, 2: 1350.0}",1,4859.999999999999,0,-1348287.5,0
2017-11-01,2017-11,EV,0,HOME,AWAY,5,"(1, 2)",0.43352508872902495,1.0136589153518765,1.0136589153518765,100,"{1: 50.0, 2: 50.0}",0,-100.0,0,-1348387.5,1
2017-11-02,2017-11,EV,0,HOME,AWAY,3,"(1, 2)",0.43352508872902495,1.0136589153518765,1.0136589153518765,300,"{1: 150.0, 2: 150.0}",0,-300.0,0,-1348687.5,2
2017-11-05,2017-11,EV,0,HOME,AWAY,3,"(1, 2)",0.43352508872902495,0.812246508249229,0.812246508249229,900,"{1: 450.0, 2: 450.0}",0,-900.0,0,-1349587.5,3
2017-11-05,2017-11,EV,0,HOME,AWAY,3,"(1, 2)",0.43352508872902495,0.688282520967807,0.688282520967807,2700,"{1: 1350.0, 2: 1350.0}",0,-2700.0,0,-1352287.5,4
2017-11-05,2017-11,EV,0,HOME,AWAY,7,"(1, 2)",0.43352508872902495,0.5333856813253548,0.5333856813253548,8100,"{1: 4050.0, 2: 4050.0}",0,-8100.0,0,-1360387.5,5
2017-11-06,2017-11,EV,0,HOME,AWAY,3,"(1, 2)",0.43352508872902495,1.6859484118540866,1.6859484118540866,24300,"{1: 12150.0, 2: 12150.0}",0,-24300.0,0,-1384687.5,6
2017-11-18,2017-11,EV,0,HOME,AWAY,3,"(1, 2)",0.43352508872902495,0.5737146783133447,0.5737146783133447,72900,"{1: 36450.0, 2: 36450.0}",0,-72900.0,0,-1457587.5,7
2017-11-19,2017-11,EV,0,HOME,AWAY,5,"(1, 2)",0.43352508872902495,0.6124156304402277,0.6124156304402277,218700,"{1: 109350.0, 2: 109350.0}",0,-218700.0,1,-1676287.5,0
2017-11-22,2017-11,EV,0,HOME,AWAY,1,"(1, 2)",0.43352508872902495,0.7286115179557968,0.7286115179557968,100,"{1: 50.0, 2: 50.0}",1,450.0,0,-1675837.5,0
2017-11-23,2017-11,EV,0,HOME,AWAY,7,"(1, 2)",0.43352508872902495,0.8216426528761884,0.8216426528761884,100,"{1: 50.0, 2: 50.0}",0,-100.0,0,-1675937.5,1
2017-11-25,2017-11,EV,0,HOME,AWAY,5,"(1, 2)",0.43352508872902495,1.0911073351731027,1.0911073351731027,300,"{1: 150.0, 2: 150.0}",0,-300.0,0,-1676237.5,2
2017-11-26,2017-11,EV,0,HOME,AWAY,6,"(1, 2)",0.43352508872902495,1.0260320562962888,1.0260320562962888,900,"{1: 450.0, 2: 450.0}",0,-900.0,0,-1677137.5,3
2017-11-29,2017-11,EV,0,HOME,AWAY,4,"(1, 2)",0.43352508872902495,1.1685557549943288,1.1685557549943288,2700,"{1: 1350.0, 2: 1350.0}",0,-2700.0,0,-1679837.5,4
2017-11-30,2017-11,EV,0,HOME,AWAY,2,"(1, 2)",0.43352508872902495,1.109667046589721,1.109667046589721,8100,"{1: 4050.0, 2: 4050.0}",1,19845.0,0,-1659992.5,0
2017-11-30,2017-11,EV,0,HOME,AWAY,5,"(1, 2)",0.43352508872902495,0.812246508249229,0.812246508249229,100,"{1: 50.0, 2: 50.0}",0,-100.0,0,-1660092.5,1
2017-11-30,2017-11,EV,0,HOME,AWAY,4,"(1, 2)",0.43352508872902495,0.5271991108531489,0.5271991108531489,300,"{1: 150.0, 2: 150.0}",0,-300.0,0,-1660392.5,2
2017-12-02,2017-12,EV,0,HOME,AWAY,4,"(1, 2)",0.42641897833371223,0.8236215881931095,0.8236215881931095,900,"{1: 450.0, 2: 450.0}",0,-900.0,0,-1661292.5,3
2017-12-02,2017-12,EV,0,HOME,AWAY,4,"(1, 2)",0.42641897833371223,0.5564292709180496,0.5564292709180496,2700,"{1: 1350.0, 2: 1350.0}",0,-2700.0,0,-1663992.5,4
2017-12-03,2017-12,EV,0,HOME,AWAY,1,"(1, 2)",0.42641897833371223,0.6262894014110194,0.6262894014110194,8100,"{1: 4050.0, 2: 4050.0}",1,34425.0,0,-1629567.5,0
2017-12-03,2017-12,EV,0,HOME,AWAY,3,"(1, 2)",0.42641897833371223,0.462072731031441,0.462072731031441,100,"{1: 50.0, 2: 50.0}",0,-100.0,0,-1629667.5,1
2017-12-04,2017-12,EV,0,HOME,AWAY,3,"(1, 2)",0.42641897833371223,0.7623805647090127,0.7623805647090127,300,"{1: 150.0, 2: 150.0}",0,-300.0,0,-1629967.5,2
2017-12-09,2017-12,EV,0,HOME,AWAY,5,"(1, 2)",0.42641897833371223,0.6385376061078389,0.6385376061078389,900,"{1: 450.0, 2: 450.0}",0,-900.0,0,-1630867.5,3
2017-12-09,2017-12,EV,0,HOME,AWAY,3,"(1, 2)",0.42641897833371223,0.5110655498187184,0.5110655498187184,2700,"{1: 1350.0, 2: 1350.0}",0,-2700.0,0,-1633567.5,4
2017-12-10,2017-12,EV,0,HOME,AWAY,4,"(1, 2)",0.42641897833371223,0.7476373553517301,0.7476373553517301,8100,"{1: 4050.0, 2: 4050.0}",0,-8100.0,0,-1641667.5,5
2017-12-14,2017-12,EV,0,HOME,AWAY,3,"(1, 2)",0.42641897833371223,0.7328941459944476,0.7328941459944476,24300,"{1: 12150.0, 2: 12150.0}",0,-24300.0,0,-1665967.5,6
2017-12-14,2017-12,EV,0,HOME,AWAY,1,"(1, 2)",0.42641897833371223,0.6875304248951164,0.6875304248951164,72900,"{1: 36450.0, 2: 36450.0}",1,309825.0,0,-1356142.5,0
2017-12-15,2017-12,EV,0,HOME,AWAY,4,"(1, 2)",0.42641897833371223,0.8236215881931095,0.8236215881931095,100,"{1: 50.0, 2: 50.0}",0,-100.0,0,-1356242.5,1
2017-12-17,2017-12,EV,0,HOME,AWAY,3,"(1, 2)",0.42641897833371223,0.44982452633462167,0.44982452633462167,300,"{1: 150.0, 2: 150.0}",0,-300.0,0,-1356542.5,2
2017-12-18,2017-12,EV,0,HOME,AWAY,4,"(1, 2)",0.42641897833371223,0.7782578670937785,0.7782578670937785,900,"{1: 450.0, 2: 450.0}",0,-900.0,0,-1357442.5,3
2017-12-21,2017-12,EV,0,HOME,AWAY,4,"(1, 2)",0.42641897833371223,0.6875304248951164,0.6875304248951164,2700,"{1: 1350.0, 2: 1350.0}",0,-2700.0,0,-1360142.5,4
2017-12-23,2017-12,EV,0,HOME,AWAY,4,"(1, 2)",0.42641897833371223,0.7991251787994709,0.7991251787994709,8100,"{1: 4050.0, 2: 4050.0}",0,-8100.0,0,-1368242.5,5
2017-12-24,2017-12,EV,0,HOME,AWAY,4,"(1, 2)",0.42641897833371223,0.7170168436096818,0.7170168436096818,24300,"{1: 12150.0, 2: 12150.0}",0,-24300.0,0,-1392542.5,6
2018-01-06,2018-01,EV,0,HOME,AWAY,2,"(1, 2)",0.4361867755895117,0.656617653727098,0.656617653727098,72900,"{1: 36450.0, 2: 36450.0}",1,123930.0,0,-1268612.5,0
2018-01-07,2018-01,EV,0,HOME,AWAY,3,"(1, 2)",0.4361867755895117,1.012081704458454,1.012081704458454,100,"{1: 50.0, 2: 50.0}",0,-100.0,0,-1268712.5,1
2018-01-11,2018-01,EV,0,HOME,AWAY,2,"(1, 2)",0.4361867755895117,0.45366637950905053,0.45366637950905053,300,"{1: 150.0, 2: 150.0}",1,435.0,0,-1268277.5,0
2018-01-12,2018-01,EV,0,HOME,AWAY,5,"(1, 2)",0.4361867755895117,0.5972464828193544,0.5972464828193544,100,"{1: 50.0, 2: 50.0}",0,-100.0,0,-1268377.5,1
2018-01-13,2018-01,EV,0,HOME,AWAY,1,"(1, 2)",0.4361867755895117,0.5378753119116109,0.5378753119116109,300,"{1: 150.0, 2: 150.0}",1,1125.0,0,-1267252.5,0
2018-01-16,2018-01,EV,0,HOME,AWAY,3,"(1, 2)",0.4361867755895117,0.4660852602564589,0.4660852602564589,100,"{1: 50.0, 2: 50.0}",0,-100.0,0,-1267352.5,1
2018-01-18,2018-01,EV,0,HOME,AWAY,7,"(1, 2)",0.4361867755895117,0.8719878086925545,0.8719878086925545,300,"{1: 150.0, 2: 150.0}",0,-300.0,0,-1267652.5,2
2018-01-20,2018-01,EV,0,HOME,AWAY,5,"(1, 2)",0.4361867755895117,1.8397918896224583,1.8397918896224583,900,"{1: 450.0, 2: 450.0}",0,-900.0,0,-1268552.5,3
2018-01-21,2018-01,EV,0,HOME,AWAY,7,"(1, 2)",0.4361867755895117,0.7780832283718846,0.7780832283718846,2700,"{1: 1350.0, 2: 1350.0}",0,-2700.0,0,-1271252.5,4
2018-01-21,2018-01,EV,0,HOME,AWAY,4,"(1, 2)",0.4361867755895117,0.6034559231930587,0.6034559231930587,8100,"{1: 4050.0, 2: 4050.0}",0,-8100.0,0,-1279352.5,5
2018-01-21,2018-01,EV,0,HOME,AWAY,6,"(1, 2)",0.4361867755895117,0.5972464828193544,0.5972464828193544,24300,"{1: 12150.0, 2: 12150.0}",0,-24300.0,0,-1303652.5,6
2018-01-22,2018-01,EV,0,HOME,AWAY,5,"(1, 2)",0.4361867755895117,0.4660852602564589,0.4660852602564589,72900,"{1: 36450.0, 2: 36450.0}",0,-72900.0,0,-1376552.5,7
2018-01-25,2018-01,EV,0,HOME,AWAY,6,"(1, 2)",0.4361867755895117,0.5972464828193544,0.5972464828193544,218700,"{1: 109350.0, 2: 109350.0}",0,-218700.0,1,-1595252.5,0
2018-01-26,2018-01,EV,0,HOME,AWAY,2,"(1, 2)",0.4361867755895117,0.6407125654352845,0.6407125654352845,100,"{1: 50.0, 2: 50.0}",1,182.50000000000003,0,-1595070.0,0
2018-01-27,2018-01,EV,0,HOME,AWAY,7,"(1, 2)",0.4361867755895117,0.4785041410038675,0.4785041410038675,100,"{1: 50.0, 2: 50.0}",0,-100.0,0,-1595170.0,1
2018-01-29,2018-01,EV,0,HOME,AWAY,3,"(1, 2)",0.4361867755895117,0.8250355185322196,0.8250355185322196,300,"{1: 150.0, 2: 150.0}",0,-300.0,0,-1595470.0,2
2018-02-02,2018-02,EV,0,HOME,AWAY,1,"(1, 2)",0.42997325233230765,0.5835510635041996,0.5835510635041996,900,"{1: 450.0, 2: 450.0}",1,3600.0,0,-1591870.0,0
2018-02-04,2018-02,EV,0,HOME,AWAY,4,"(1, 2)",0.42997325233230765,0.9453533429239918,0.9453533429239918,100,"{1: 50.0, 2: 50.0}",0,-100.0,0,-1591970.0,1
2018-02-04,2018-02,EV,0,HOME,AWAY,4,"(1, 2)",0.42997325233230765,0.5006801503410068,0.5006801503410068,300,"{1: 150.0, 2: 150.0}",0,-300.0,0,-1592270.0,2
2018-02-04,2018-02,EV,0,HOME,AWAY,4,"(1, 2)",0.42997325233230765,0.48836895038106487,0.48836895038106487,900,"{1: 450.0, 2: 450.0}",0,-900.0,0,-1593170.0,3
2018-02-04,2018-02,EV,0,HOME,AWAY,4,"(1, 2)",0.42997325233230765,0.4301204371377567,0.4301204371377567,2700,"{1: 1350.0, 2: 1350.0}",0,-2700.0,0,-1595870.0,4
2018-02-07,2018-02,EV,0,HOME,AWAY,5,"(1, 2)",0.42997325233230765,0.5835510635041996,0.5835510635041996,8100,"{1: 4050.0, 2: 4050.0}",0,-8100.0,0,-1603970.0,5
2018-02-07,2018-02,EV,0,HOME,AWAY,6,"(1, 2)",0.42997325233230765,0.5253025502608912,0.5253025502608912,24300,"{1: 12150.0, 2: 12150.0}",0,-24300.0,0,-1628270.0,6
2018-02-08,2018-02,EV,0,HOME,AWAY,1,"(1, 2)",0.42997325233230765,0.6294883767875659,0.6294883767875659,72900,"{1: 36450.0, 2: 36450.0}",1,309825.0,0,-1318445.0,0
2018-02-08,2018-02,EV,0,HOME,AWAY,2,"(1, 2)",0.42997325233230765,0.5006801503410068,0.5006801503410068,100,"{1: 50.0, 2: 50.0}",1,154.99999999999997,0,-1318290.0,0
2018-02-11,2018-02,EV,0,HOME,AWAY,7,"(1, 2)",0.42997325233230765,0.7492928898305848,0.7492928898305848,100,"{1: 50.0, 2: 50.0}",0,-100.0,0,-1318390.0,1
2018-02-11,2018-02,EV,0,HOME,AWAY,3,"(1, 2)",0.42997325233230765,0.5650842635642865,0.5650842635642865,300,"{1: 150.0, 2: 150.0}",0,-300.0,0,-1318690.0,2
2018-02-24,2018-02,EV,0,HOME,AWAY,4,"(1, 2)",0.42997325233230765,0.5253025502608912,0.5253025502608912,900,"{1: 450.0, 2: 450.0}",0,-900.0,0,-1319590.0,3
2018-02-25,2018-02,EV,0,HOME,AWAY,0,"(1, 2)",0.42997325233230765,0.5376137502208334,0.5376137502208334,2700,"{1: 1350.0, 2: 1350.0}",0,-2700.0,0,-1322290.0,4
2018-02-25,2018-02,EV,0,HOME,AWAY,7,"(1, 2)",0.42997325233230765,0.4301204371377567,0.4301204371377567,8100,"{1: 4050.0, 2: 4050.0}",0,-8100.0,0,-1330390.0,5
2018-02-26,2018-02,EV,0,HOME,AWAY,3,"(1, 2)",0.42997325233230765,0.48836895038106487,0.48836895038106487,24300,"{1: 12150.0, 2: 12150.0}",0,-24300.0,0,-1354690.0,6
2018-02-27,2018-02,EV,0,HOME,AWAY,3,"(1, 2)",0.42997325233230765,0.4301204371377567,0.4301204371377567,72900,"{1: 36450.0, 2: 36450.0}",0,-72900.0,0,-1427590.0,7
2018-03-01,2018-03,EV,0,HOME,AWAY,7,"(1, 2)",0.4721329001992603,0.5797311633694169,0.5797311633694169,218700,"{1: 109350.0, 2: 109350.0}",0,-218700.0,1,-1646290.0,0
2018-03-01,2018-03,EV,0,HOME,AWAY,3,"(1, 2)",0.4721329001992603,0.5006170017144056,0.5006170017144056,100,"{1: 50.0, 2: 50.0}",0,-100.0,0,-1646390.0,1
2018-03-03,2018-03,EV,0,HOME,AWAY,3,"(1, 2)",0.4721329001992603,0.776878550074243,0.776878550074243,300,"{1: 150.0, 2: 150.0}",0,-300.0,0,-1646690.0,2
2018-03-03,2018-03,EV,0,HOME,AWAY,3,"(1, 2)",0.4721329001992603,0.5135900228460071,0.5135900228460071,900,"{1: 450.0, 2: 450.0}",0,-900.0,0,-1647590.0,3
2018-03-04,2018-03,EV,0,HOME,AWAY,4,"(1, 2)",0.4721329001992603,0.44744888232259705,0.44744888232259705,2700,"{1: 1350.0, 2: 1350.0}",0,-2700.0,0,-1650290.0,4
2018-03-06,2018-03,EV,0,HOME,AWAY,1,"(1, 2)",0.4721329001992603,0.5927041845010184,0.5927041845010184,8100,"{1: 4050.0, 2: 4050.0}",1,28350.0,0,-1621940.0,0
2018-03-07,2018-03,EV,0,HOME,AWAY,3,"(1, 2)",0.4721329001992603,0.5006170017144056,0.5006170017144056,100,"{1: 50.0, 2: 50.0}",0,-100.0,0,-1622040.0,1
2018-03-10,2018-03,EV,0,HOME,AWAY,2,"(1, 2)",0.4721329001992603,0.6847913672876307,0.6847913672876307,300,"{1: 150.0, 2: 150.0}",1,480.0,0,-1621560.0,0
2018-03-10,2018-03,EV,0,HOME,AWAY,1,"(1, 2)",0.4721329001992603,0.5265630439776081,0.5265630439776081,100,"{1: 50.0, 2: 50.0}",1,325.0,0,-1621235.0,0
2018-03-11,2018-03,EV,0,HOME,AWAY,5,"(1, 2)",0.4721329001992603,0.763905528942642,0.763905528942642,100,"{1: 50.0, 2: 50.0}",0,-100.0,0,-1621335.0,1
2018-03-13,2018-03,EV,0,HOME,AWAY,4,"(1, 2)",0.4721329001992603,0.6977643884192319,0.6977643884192319,300,"{1: 150.0, 2: 150.0}",0,-300.0,0,-1621635.0,2
2018-03-15,2018-03,EV,0,HOME,AWAY,3,"(1, 2)",0.4721329001992603,1.0544161332994837,1.0544161332994837,900,"{1: 450.0, 2: 450.0}",0,-900.0,0,-1622535.0,3
2018-03-17,2018-03,EV,0,HOME,AWAY,6,"(1, 2)",0.4721329001992603,0.5135900228460071,0.5135900228460071,2700,"{1: 1350.0, 2: 1350.0}",0,-2700.0,0,-1625235.0,4
2018-03-18,2018-03,EV,0,HOME,AWAY,5,"(1, 2)",0.4721329001992603,0.5135900228460071,0.5135900228460071,8100,"{1: 4050.0, 2: 4050.0}",0,-8100.0,0,-1633335.0,5
2018-03-19,2018-03,EV,0,HOME,AWAY,7,"(1, 2)",0.4721329001992603,0.8890632819909592,0.8890632819909592,24300,"{1: 12150.0, 2: 12150.0}",0,-24300.0,0,-1657635.0,6
2018-03-31,2018-03,EV,0,HOME,AWAY,3,"(1, 2)",0.4721329001992603,0.44744888232259705,0.44744888232259705,72900,"{1: 36450.0, 2: 36450.0}",0,-72900.0,0,-1730535.0,7
2018-04-01,2018-04,EV,0,HOME,AWAY,3,"(1, 2)",0.4228632236139658,0.450098334198231,0.450098334198231,218700,"{1: 109350.0, 2: 109350.0}",0,-218700.0,1,-1949235.0,0
2018-04-08,2018-04,EV,0,HOME,AWAY,1,"(1, 2)",0.4228632236139658,0.9566383058747907,0.9566383058747907,100,"{1: 50.0, 2: 50.0}",1,550.0,0,-1948685.0,0
2018-04-10,2018-04,EV,0,HOME,AWAY,6,"(1, 2)",0.4228632236139658,0.427700917693254,0.427700917693254,100,"{1: 50.0, 2: 50.0}",0,-100.0,0,-1948785.0,1
2018-04-10,2018-04,EV,0,HOME,AWAY,3,"(1, 2)",0.4228632236139658,0.4033325285358389,0.4033325285358389,300,"{1: 150.0, 2: 150.0}",0,-300.0,0,-1949085.0,2
2018-04-19,2018-04,EV,0,HOME,AWAY,2,"(1, 2)",0.4228632236139658,0.49686413986062306,0.49686413986062306,900,"{1: 450.0, 2: 450.0}",1,1485.0,0,-1947600.0,0
2018-04-20,2018-04,EV,0,HOME,AWAY,5,"(1, 2)",0.4228632236139658,0.541658972870577,0.541658972870577,100,"{1: 50.0, 2: 50.0}",0,-100.0,0,-1947700.0,1
2018-04-21,2018-04,EV,0,HOME,AWAY,5,"(1, 2)",0.4228632236139658,0.610822195037946,0.610822195037946,300,"{1: 150.0, 2: 150.0}",0,-300.0,0,-1948000.0,2
2018-04-21,2018-04,EV,0,HOME,AWAY,2,"(1, 2)",0.4228632236139658,0.49686413986062306,0.49686413986062306,900,"{1: 450.0, 2: 450.0}",1,1485.0,0,-1946515.0,0
2018-04-29,2018-04,EV,0,HOME,AWAY,6,"(1, 2)",0.4228632236139658,0.427700917693254,0.427700917693254,100,"{1: 50.0, 2: 50.0}",0,-100.0,0,-1946615.0,1
2018-04-29,2018-04,EV,0,HOME,AWAY,4,"(1, 2)",0.4228632236139658,0.427700917693254,0.427700917693254,300,"{1: 150.0, 2: 150.0}",0,-300.0,0,-1946915.0,2
2018-04-29,2018-04,EV,0,HOME,AWAY,3,"(1, 2)",0.4228632236139658,0.41551672311454646,0.41551672311454646,900,"{1: 450.0, 2: 450.0}",0,-900.0,0,-1947815.0,3
2018-04-29,2018-04,EV,0,HOME,AWAY,4,"(1, 2)",0.4228632236139658,0.4033325285358389,0.4033325285358389,2700,"{1: 1350.0, 2: 1350.0}",0,-2700.0,0,-1950515.0,4
2018-04-29,2018-04,EV,0,HOME,AWAY,3,"(1, 2)",0.4228632236139658,0.4033325285358389,0.4033325285358389,8100,"{1: 4050.0, 2: 4050.0}",0,-8100.0,0,-1958615.0,5
2018-04-29,2018-04,EV,0,HOME,AWAY,2,"(1, 2)",0.4228632236139658,0.3764556287298664,0.3764556287298664,24300,"{1: 12150.0, 2: 12150.0}",1,35235.00000000001,0,-1923380.0,0
2018-04-30,2018-04,EV,0,HOME,AWAY,4,"(1, 2)",0.4228632236139658,0.4846799452819155,0.4846799452819155,100,"{1: 50.0, 2: 50.0}",0,-100.0,0,-1923480.0,1
2018-04-30,2018-04,EV,0,HOME,AWAY,6,"(1, 2)",0.4228632236139658,0.427700917693254,0.427700917693254,300,"{1: 150.0, 2: 150.0}",0,-300.0,0,-1923780.0,2
2018-05-05,2018-05,EV,0,HOME,AWAY,4,"(1, 2)",0.44327194070015563,0.4325480650347213,0.4325480650347213,900,"{1: 450.0, 2: 450.0}",0,-900.0,0,-1924680.0,3
2018-05-06,2018-05,EV,0,HOME,AWAY,0,"(1, 2)",0.44327194070015563,0.6752165910944588,0.6752165910944588,2700,"{1: 1350.0, 2: 1350.0}",0,-2700.0,0,-1927380.0,4
2018-05-06,2018-05,EV,0,HOME,AWAY,3,"(1, 2)",0.44327194070015563,0.6145494595795244,0.6145494595795244,8100,"{1: 4050.0, 2: 4050.0}",0,-8100.0,0,-1935480.0,5
2018-05-06,2018-05,EV,0,HOME,AWAY,0,"(1, 2)",0.44327194070015563,0.5172799055996098,0.5172799055996098,24300,"{1: 12150.0, 2: 12150.0}",0,-24300.0,0,-1959780.0,6
2018-05-06,2018-05,EV,0,HOME,AWAY,3,"(1, 2)",0.44327194070015563,0.42001035161969513,0.42001035161969513,72900,"{1: 36450.0, 2: 36450.0}",0,-72900.0,0,-2032680.0,7
2018-05-07,2018-05,EV,0,HOME,AWAY,4,"(1, 2)",0.44327194070015563,0.4325480650347213,0.4325480650347213,218700,"{1: 109350.0, 2: 109350.0}",0,-218700.0,1,-2251380.0,0
2018-05-09,2018-05,EV,0,HOME,AWAY,2,"(1, 2)",0.44327194070015563,1.4177813182488945,1.4177813182488945,100,"{1: 50.0, 2: 50.0}",1,250.0,0,-2251130.0,0
2018-05-12,2018-05,EV,0,HOME,AWAY,5,"(1, 2)",0.44327194070015563,0.9073688392993666,0.9073688392993666,100,"{1: 50.0, 2: 50.0}",0,-100.0,0,-2251230.0,1
2018-05-12,2018-05,EV,0,HOME,AWAY,5,"(1, 2)",0.44327194070015563,0.7860345762694978,0.7860345762694978,300,"{1: 150.0, 2: 150.0}",0,-300.0,0,-2251530.0,2
2018-05-13,2018-05,EV,0,HOME,AWAY,6,"(1, 2)",0.44327194070015563,0.7441740148771023,0.7441740148771023,900,"{1: 450.0, 2: 450.0}",0,-900.0,0,-2252430.0,3
2018-05-13,2018-05,EV,0,HOME,AWAY,2,"(1, 2)",0.44327194070015563,0.5538823280645899,0.5538823280645899,2700,"{1: 1350.0, 2: 1350.0}",1,4184.999999999999,0,-2248245.0,0
2018-05-17,2018-05,EV,0,HOME,AWAY,5,"(1, 2)",0.44327194070015563,0.5789577548946423,0.5789577548946423,100,"{1: 50.0, 2: 50.0}",0,-100.0,0,-2248345.0,1
2018-05-19,2018-05,EV,0,HOME,AWAY,3,"(1, 2)",0.44327194070015563,0.9700574063744973,0.9700574063744973,300,"{1: 150.0, 2: 150.0}",0,-300.0,0,-2248645.0,2
2018-05-20,2018-05,EV,0,HOME,AWAY,3,"(1, 2)",0.44327194070015563,0.7002920179245109,0.7002920179245109,900,"{1: 450.0, 2: 450.0}",0,-900.0,0,-2249545.0,3
2018-05-20,2018-05,EV,0,HOME,AWAY,4,"(1, 2)",0.44327194070015563,0.6588766536495401,0.6588766536495401,2700,"{1: 1350.0, 2: 1350.0}",0,-2700.0,0,-2252245.0,4
2018-05-21,2018-05,EV,0,HOME,AWAY,1,"(1, 2)",0.44327194070015563,1.6707615721365374,1.6707615721365374,8100,"{1: 4050.0, 2: 4050.0}",1,60750.0,0,-2191495.0,0
2018-06-02,2018-06,EV,0,HOME,AWAY,4,"(1, 2)",0.4441559977217166,0.06259494672336774,0.06259494672336774,100,"{1: 50.0, 2: 50.0}",0,-100.0,0,-2191595.0,1
2018-06-03,2018-06,EV,0,HOME,AWAY,4,"(1, 2)",0.4441559977217166,0.12970112464001815,0.12970112464001815,300,"{1: 150.0, 2: 150.0}",0,-300.0,0,-2191895.0,2
2018-06-03,2018-06,EV,0,HOME,AWAY,3,"(1, 2)",0.4441559977217166,0.11714888992179584,0.11714888992179584,900,"{1: 450.0, 2: 450.0}",0,-900.0,0,-2192795.0,3
2018-06-03,2018-06,EV,0,HOME,AWAY,2,"(1, 2)",0.4441559977217166,0.06259494672336774,0.06259494672336774,2700,"{1: 1350.0, 2: 1350.0}",1,2497.5,0,-2190297.5,0
2018-06-04,2018-06,EV,0,HOME,AWAY,5,"(1, 2)",0.4441559977217166,0.06259494672336774,0.06259494672336774,100,"{1: 50.0, 2: 50.0}",0,-100.0,0,-2190397.5,1
2018-06-06,2018-06,EV,0,HOME,AWAY,5,"(1, 2)",0.4441559977217166,0.12970112464001815,0.12970112464001815,300,"{1: 150.0, 2: 150.0}",0,-300.0,0,-2190697.5,2
2018-06-09,2018-06,EV,0,HOME,AWAY,3,"(1, 2)",0.4441559977217166,0.3624002451855264,0.3624002451855264,900,"{1: 450.0, 2: 450.0}",0,-900.0,0,-2191597.5,3
2018-06-10,2018-06,EV,0,HOME,AWAY,7,"(1, 2)",0.4441559977217166,0.1234250072809071,0.1234250072809071,2700,"{1: 1350.0, 2: 1350.0}",0,-2700.0,0,-2194297.5,4
2018-06-10,2018-06,EV,0,HOME,AWAY,2,"(1, 2)",0.4441559977217166,0.068871064082479,0.068871064082479,8100,"{1: 4050.0, 2: 4050.0}",1,7695.0,0,-2186602.5,0
2018-06-10,2018-06,EV,0,HOME,AWAY,7,"(1, 2)",0.4441559977217166,0.068871064082479,0.068871064082479,100,"{1: 50.0, 2: 50.0}",0,-100.0,0,-2186702.5,1
2018-06-19,2018-06,EV,0,HOME,AWAY,1,"(1, 2)",0.4441559977217166,0.12970112464001815,0.12970112464001815,300,"{1: 150.0, 2: 150.0}",1,675.0,0,-2186027.5,0
2018-06-21,2018-06,EV,0,HOME,AWAY,1,"(1, 2)",0.4441559977217166,0.20308341991578027,0.20308341991578027,100,"{1: 50.0, 2: 50.0}",1,250.0,0,-2185777.5,0
2018-06-24,2018-06,EV,0,HOME,AWAY,2,"(1, 2)",0.4441559977217166,0.08142329880070132,0.08142329880070132,100,"{1: 50.0, 2: 50.0}",1,100.0,0,-2185677.5,0
2018-06-25,2018-06,EV,0,HOME,AWAY,2,"(1, 2)",0.4441559977217166,0.07514718144159005,0.07514718144159005,100,"{1: 50.0, 2: 50.0}",1,97.5,0,-2185580.0,0
2018-06-26,2018-06,EV,0,HOME,AWAY,0,"(3, 4)",0.35899391294116134,0.12321580336893656,0.12321580336893656,100,"{3: 50.0, 4: 50.0}",0,-100.0,0,-2185680.0,1
2018-06-27,2018-06,EV,0,HOME,AWAY,2,"(1, 2)",0.4441559977217166,0.14852947671735195,0.14852947671735195,300,"{1: 150.0, 2: 150.0}",1,322.50000000000006,0,-2185357.5,0
2018-07-01,2018-07,EV,0,HOME,AWAY,4,"(1, 2)",0.45560527927709427,0.41493820360277733,0.41493820360277733,100,"{1: 50.0, 2: 50.0}",0,-100.0,0,-2185457.5,1
2018-07-04,2018-07,EV,0,HOME,AWAY,4,"(1, 2)",0.45560527927709427,0.17510497252135648,0.17510497252135648,300,"{1: 150.0, 2: 150.0}",0,-300.0,0,-2185757.5,2
2018-07-08,2018-07,EV,0,HOME,AWAY,5,"(1, 2)",0.45560527927709427,0.25080476919948014,0.25080476919948014,900,"{1: 450.0, 2: 450.0}",0,-900.0,0,-2186657.5,3
2018-07-08,2018-07,EV,0,HOME,AWAY,3,"(1, 2)",0.45560527927709427,0.25045314439739186,0.25045314439739186,2700,"{1: 1350.0, 2: 1350.0}",0,-2700.0,0,-2189357.5,4
2018-07-12,2018-07,EV,0,HOME,AWAY,7,"(1, 2)",0.45560527927709427,0.3265045658776038,0.3265045658776038,8100,"{1: 4050.0, 2: 4050.0}",0,-8100.0,0,-2197457.5,5
2018-07-14,2018-07,EV,0,HOME,AWAY,0,"(1, 2)",0.45560527927709427,0.25080476919948014,0.25080476919948014,24300,"{1: 12150.0, 2: 12150.0}",0,-24300.0,0,-2221757.5,6
2018-07-14,2018-07,EV,0,HOME,AWAY,2,"(1, 2)",0.45560527927709427,0.18415931117512674,0.18415931117512674,72900,"{1: 36450.0, 2: 36450.0}",1,82012.5,0,-2139745.0,0
2018-07-16,2018-07,EV,0,HOME,AWAY,0,"(1, 2)",0.45560527927709427,0.173761263456234,0.173761263456234,100,"{1: 50.0, 2: 50.0}",0,-100.0,0,-2139845.0,1
2018-07-18,2018-07,EV,0,HOME,AWAY,4,"(1, 2)",0.45560527927709427,0.25080476919948014,0.25080476919948014,300,"{1: 150.0, 2: 150.0}",0,-300.0,0,-2140145.0,2
2018-07-21,2018-07,EV,0,HOME,AWAY,4,"(1, 2)",0.45560527927709427,0.21260324605833025,0.21260324605833025,900,"{1: 450.0, 2: 450.0}",0,-900.0,0,-2141045.0,3
2018-07-22,2018-07,EV,0,HOME,AWAY,4,"(1, 2)",0.45560527927709427,0.3010368837835036,0.3010368837835036,2700,"{1: 1350.0, 2: 1350.0}",0,-2700.0,0,-2143745.0,4
2018-07-23,2018-07,EV,0,HOME,AWAY,6,"(1, 2)",0.45560527927709427,0.17510497252135648,0.17510497252135648,8100,"{1: 4050.0, 2: 4050.0}",0,-8100.0,0,-2151845.0,5
2018-07-27,2018-07,EV,0,HOME,AWAY,4,"(1, 2)",0.45560527927709427,0.2444378486759553,0.2444378486759553,24300,"{1: 12150.0, 2: 12150.0}",0,-24300.0,0,-2176145.0,6
2018-07-29,2018-07,EV,0,HOME,AWAY,7,"(1, 2)",0.45560527927709427,0.22533708710538014,0.22533708710538014,72900,"{1: 36450.0, 2: 36450.0}",0,-72900.0,0,-2249045.0,7
2018-07-29,2018-07,EV,0,HOME,AWAY,6,"(1, 2)",0.45560527927709427,0.17510497252135648,0.17510497252135648,218700,"{1: 109350.0, 2: 109350.0}",0,-218700.0,1,-2467745.0,0
2018-07-30,2018-07,EV,0,HOME,AWAY,7,"(1, 2)",0.45560527927709427,0.23807092815243025,0.23807092815243025,100,"{1: 50.0, 2: 50.0}",0,-100.0,0,-2467845.0,1
2018-08-08,2018-08,EV,0,HOME,AWAY,3,"(1, 2)",0.42197416318563097,0.22953000881654484,0.22953000881654484,300,"{1: 150.0, 2: 150.0}",0,-300.0,0,-2468145.0,2
2018-08-12,2018-08,EV,0,HOME,AWAY,2,"(1, 2)",0.42197416318563097,0.5947944167380754,0.5947944167380754,900,"{1: 450.0, 2: 450.0}",1,1530.0000000000002,0,-2466615.0,0
2018-08-12,2018-08,EV,0,HOME,AWAY,4,"(1, 2)",0.42197416318563097,0.28635139745714966,0.28635139745714966,100,"{1: 50.0, 2: 50.0}",0,-100.0,0,-2466715.0,1
2018-08-13,2018-08,EV,0,HOME,AWAY,3,"(1, 2)",0.42197416318563097,0.65161580537868,0.65161580537868,300,"{1: 150.0, 2: 150.0}",0,-300.0,0,-2467015.0,2
2018-08-17,2018-08,EV,0,HOME,AWAY,3,"(1, 2)",0.42197416318563097,0.21736197077759423,0.21736197077759423,900,"{1: 450.0, 2: 450.0}",0,-900.0,0,-2467915.0,3
2018-08-18,2018-08,EV,0,HOME,AWAY,3,"(1, 2)",0.42197416318563097,0.2384606789368755,0.2384606789368755,2700,"{1: 1350.0, 2: 1350.0}",0,-2700.0,0,-2470615.0,4
2018-08-18,2018-08,EV,0,HOME,AWAY,2,"(1, 2)",0.42197416318563097,0.22953000881654484,0.22953000881654484,8100,"{1: 4050.0, 2: 4050.0}",1,10529.999999999998,0,-2460085.0,0
2018-08-19,2018-08,EV,0,HOME,AWAY,7,"(1, 2)",0.42197416318563097,0.4872356584763411,0.4872356584763411,100,"{1: 50.0, 2: 50.0}",0,-100.0,0,-2460185.0,1
2018-08-19,2018-08,EV,0,HOME,AWAY,3,"(1, 2)",0.42197416318563097,0.4486663268941622,0.4486663268941622,300,"{1: 150.0, 2: 150.0}",0,-300.0,0,-2460485.0,2
2018-08-25,2018-08,EV,0,HOME,AWAY,4,"(1, 2)",0.42197416318563097,0.6759518814565815,0.6759518814565815,900,"{1: 450.0, 2: 450.0}",0,-900.0,0,-2461385.0,3
2018-08-25,2018-08,EV,0,HOME,AWAY,4,"(1, 2)",0.42197416318563097,0.3431727860977545,0.3431727860977545,2700,"{1: 1350.0, 2: 1350.0}",0,-2700.0,0,-2464085.0,4
2018-08-25,2018-08,EV,0,HOME,AWAY,5,"(1, 2)",0.42197416318563097,0.2498472833402976,0.2498472833402976,8100,"{1: 4050.0, 2: 4050.0}",0,-8100.0,0,-2472185.0,5
2018-08-26,2018-08,EV,0,HOME,AWAY,5,"(1, 2)",0.42197416318563097,0.606962454777026,0.606962454777026,24300,"{1: 12150.0, 2: 12150.0}",0,-24300.0,0,-2496485.0,6
2018-08-26,2018-08,EV,0,HOME,AWAY,1,"(1, 2)",0.42197416318563097,0.26201532137924843,0.26201532137924843,72900,"{1: 36450.0, 2: 36450.0}",1,218700.0,0,-2277785.0,0
2018-08-28,2018-08,EV,0,HOME,AWAY,1,"(1, 2)",0.42197416318563097,1.5524971537670513,1.5524971537670513,100,"{1: 50.0, 2: 50.0}",1,750.0,0,-2277035.0,0
2018-08-31,2018-08,EV,0,HOME,AWAY,4,"(1, 2)",0.42197416318563097,0.9214894930774271,0.9214894930774271,100,"{1: 50.0, 2: 50.0}",0,-100.0,0,-2277135.0,1
2018-09-01,2018-09,EV,0,HOME,AWAY,6,"(1, 2)",0.43352508872902495,0.45593726150412883,0.45593726150412883,300,"{1: 150.0, 2: 150.0}",0,-300.0,0,-2277435.0,2
2018-09-03,2018-09,EV,0,HOME,AWAY,7,"(1, 2)",0.43352508872902495,0.8835083575982488,0.8835083575982488,900,"{1: 450.0, 2: 450.0}",0,-900.0,0,-2278335.0,3
2018-09-12,2018-09,EV,0,HOME,AWAY,5,"(1, 2)",0.43352508872902495,0.44654111687716935,0.44654111687716935,2700,"{1: 1350.0, 2: 1350.0}",0,-2700.0,0,-2281035.0,4
2018-09-15,2018-09,EV,0,HOME,AWAY,3,"(1, 2)",0.43352508872902495,0.6449765276623647,0.6449765276623647,8100,"{1: 4050.0, 2: 4050.0}",0,-8100.0,0,-2289135.0,5
2018-09-15,2018-09,EV,0,HOME,AWAY,3,"(1, 2)",0.43352508872902495,0.47919504523422685,0.47919504523422685,24300,"{1: 12150.0, 2: 12150.0}",0,-24300.0,0,-2313435.0,6
2018-09-15,2018-09,EV,0,HOME,AWAY,4,"(1, 2)",0.43352508872902495,0.4435641205597167,0.4435641205597167,72900,"{1: 36450.0, 2: 36450.0}",0,-72900.0,0,-2386335.0,7
2018-09-16,2018-09,EV,0,HOME,AWAY,3,"(1, 2)",0.43352508872902495,0.5860878192577568,0.5860878192577568,218700,"{1: 109350.0, 2: 109350.0}",0,-218700.0,1,-2605035.0,0
2018-09-16,2018-09,EV,0,HOME,AWAY,7,"(1, 2)",0.43352508872902495,0.4435641205597167,0.4435641205597167,100,"{1: 50.0, 2: 50.0}",0,-100.0,0,-2605135.0,1
2018-09-18,2018-09,EV,0,HOME,AWAY,2,"(1, 2)",0.43352508872902495,0.4435641205597167,0.4435641205597167,300,"{1: 150.0, 2: 150.0}",1,435.0,0,-2604700.0,0
2018-09-19,2018-09,EV,0,HOME,AWAY,4,"(1, 2)",0.43352508872902495,0.5489683964245204,0.5489683964245204,100,"{1: 50.0, 2: 50.0}",0,-100.0,0,-2604800.0,1
2018-09-23,2018-09,EV,0,HOME,AWAY,2,"(1, 2)",0.43352508872902495,0.5271991108531489,0.5271991108531489,300,"{1: 150.0, 2: 150.0}",1,480.0,0,-2604320.0,0
2018-09-24,2018-09,EV,0,HOME,AWAY,4,"(1, 2)",0.43352508872902495,0.7192153733288371,0.7192153733288371,100,"{1: 50.0, 2: 50.0}",0,-100.0,0,-2604420.0,1
2018-09-26,2018-09,EV,0,HOME,AWAY,2,"(1, 2)",0.43352508872902495,0.6573496686067766,0.6573496686067766,300,"{1: 150.0, 2: 150.0}",1,525.0,0,-2603895.0,0
2018-09-26,2018-09,EV,0,HOME,AWAY,3,"(1, 2)",0.43352508872902495,0.6449765276623647,0.6449765276623647,100,"{1: 50.0, 2: 50.0}",0,-100.0,0,-2603995.0,1
2018-09-29,2018-09,EV,0,HOME,AWAY,2,"(1, 2)",0.43352508872902495,0.5551549668967266,0.5551549668967266,300,"{1: 150.0, 2: 150.0}",1,457.5,0,-2603537.5,0
2018-09-29,2018-09,EV,0,HOME,AWAY,2,"(1, 2)",0.43352508872902495,0.46831040244854094,0.46831040244854094,100,"{1: 50.0, 2: 50.0}",1,154.99999999999997,0,-2603382.5,0
2018-10-04,2018-10,EV,0,HOME,AWAY,7,"(1, 2)",0.4344125522672626,0.7202923713200255,0.7202923713200255,100,"{1: 50.0, 2: 50.0}",0,-100.0,0,-2603482.5,1
2018-10-07,2018-10,EV,0,HOME,AWAY,3,"(1, 2)",0.4344125522672626,0.6145822062113806,0.6145822062113806,300,"{1: 150.0, 2: 150.0}",0,-300.0,0,-2603782.5,2
2018-10-07,2018-10,EV,0,HOME,AWAY,3,"(1, 2)",0.4344125522672626,0.45931821398051964,0.45931821398051964,900,"{1: 450.0, 2: 450.0}",0,-900.0,0,-2604682.5,3
2018-10-20,2018-10,EV,0,HOME,AWAY,5,"(1, 2)",0.4344125522672626,0.7202923713200255,0.7202923713200255,2700,"{1: 1350.0, 2: 1350.0}",0,-2700.0,0,-2607382.5,4
2018-10-20,2018-10,EV,0,HOME,AWAY,5,"(1, 2)",0.4344125522672626,0.7140981429297484,0.7140981429297484,8100,"{1: 4050.0, 2: 4050.0}",0,-8100.0,0,-2615482.5,5
2018-10-20,2018-10,EV,0,HOME,AWAY,3,"(1, 2)",0.4344125522672626,0.5307559817056731,0.5307559817056731,24300,"{1: 12150.0, 2: 12150.0}",0,-24300.0,0,-2639782.5,6
2018-10-20,2018-10,EV,0,HOME,AWAY,2,"(1, 2)",0.4344125522672626,0.45931821398051964,0.45931821398051964,72900,"{1: 36450.0, 2: 36450.0}",1,109350.0,0,-2530432.5,0
2018-10-21,2018-10,EV,0,HOME,AWAY,6,"(1, 2)",0.4344125522672626,0.8631679067703326,0.8631679067703326,100,"{1: 50.0, 2: 50.0}",0,-100.0,0,-2530532.5,1
2018-10-21,2018-10,EV,0,HOME,AWAY,6,"(1, 2)",0.4344125522672626,0.686019973936534,0.686019973936534,300,"{1: 150.0, 2: 150.0}",0,-300.0,0,-2530832.5,2
2018-10-21,2018-10,EV,0,HOME,AWAY,3,"(1, 2)",0.4344125522672626,0.6488546035948719,0.6488546035948719,900,"{1: 450.0, 2: 450.0}",0,-900.0,0,-2531732.5,3
2018-10-22,2018-10,EV,0,HOME,AWAY,3,"(1, 2)",0.4344125522672626,0.5898052926502726,0.5898052926502726,2700,"{1: 1350.0, 2: 1350.0}",0,-2700.0,0,-2534432.5,4
2018-10-24,2018-10,EV,0,HOME,AWAY,3,"(1, 2)",0.4344125522672626,0.7079039145394714,0.7079039145394714,8100,"{1: 4050.0, 2: 4050.0}",0,-8100.0,0,-2542532.5,5
2018-10-25,2018-10,EV,0,HOME,AWAY,4,"(1, 2)",0.4344125522672626,0.7079039145394714,0.7079039145394714,24300,"{1: 12150.0, 2: 12150.0}",0,-24300.0,0,-2566832.5,6
2018-10-29,2018-10,EV,0,HOME,AWAY,1,"(1, 2)",0.4344125522672626,0.6021937494308265,0.6021937494308265,72900,"{1: 36450.0, 2: 36450.0}",1,291600.0,0,-2275232.5,0
2018-10-29,2018-10,EV,0,HOME,AWAY,5,"(1, 2)",0.4344125522672626,0.5307559817056731,0.5307559817056731,100,"{1: 50.0, 2: 50.0}",0,-100.0,0,-2275332.5,1
2018-10-29,2018-10,EV,0,HOME,AWAY,5,"(1, 2)",0.4344125522672626,0.45931821398051964,0.45931821398051964,300,"{1: 150.0, 2: 150.0}",0,-300.0,0,-2275632.5,2
2018-11-01,2018-11,EV,0,HOME,AWAY,3,"(1, 2)",0.4379599550776182,0.4604098329430202,0.4604098329430202,900,"{1: 450.0, 2: 450.0}",0,-900.0,0,-2276532.5,3
2018-11-02,2018-11,EV,0,HOME,AWAY,2,"(1, 2)",0.4379599550776182,0.7116344350061521,0.7116344350061521,2700,"{1: 1350.0, 2: 1350.0}",1,4590.000000000001,0,-2271942.5,0
2018-11-03,2018-11,EV,0,HOME,AWAY,2,"(1, 2)",0.4379599550776182,0.6295937163446328,0.6295937163446328,100,"{1: 50.0, 2: 50.0}",1,175.0,0,-2271767.5,0
2018-11-04,2018-11,EV,0,HOME,AWAY,2,"(1, 2)",0.4379599550776182,0.868369294873466,0.868369294873466,100,"{1: 50.0, 2: 50.0}",1,195.00000000000003,0,-2271572.5,0
2018-11-04,2018-11,EV,0,HOME,AWAY,1,"(1, 2)",0.4379599550776182,0.6581650521410936,0.6581650521410936,100,"{1: 50.0, 2: 50.0}",1,425.0,0,-2271147.5,0
2018-11-04,2018-11,EV,0,HOME,AWAY,7,"(1, 2)",0.4379599550776182,0.4728588564773193,0.4728588564773193,100,"{1: 50.0, 2: 50.0}",0,-100.0,0,-2271247.5,1
2018-11-08,2018-11,EV,0,HOME,AWAY,6,"(1, 2)",0.4379599550776182,0.573573110440287,0.573573110440287,300,"{1: 150.0, 2: 150.0}",0,-300.0,0,-2271547.5,2
2018-11-08,2018-11,EV,0,HOME,AWAY,2,"(1, 2)",0.4379599550776182,0.5263282393423778,0.5263282393423778,900,"{1: 450.0, 2: 450.0}",1,1372.5,0,-2270175.0,0
2018-11-10,2018-11,EV,0,HOME,AWAY,6,"(1, 2)",0.4379599550776182,0.5325527511095274,0.5325527511095274,100,"{1: 50.0, 2: 50.0}",0,-100.0,0,-2270275.0,1
2018-11-11,2018-11,EV,0,HOME,AWAY,2,"(1, 2)",0.4379599550776182,0.7365324820747503,0.7365324820747503,300,"{1: 150.0, 2: 150.0}",1,540.0,0,-2269735.0,0
2018-11-11,2018-11,EV,0,HOME,AWAY,7,"(1, 2)",0.4379599550776182,0.6643895639082431,0.6643895639082431,100,"{1: 50.0, 2: 50.0}",0,-100.0,0,-2269835.0,1
2018-11-11,2018-11,EV,0,HOME,AWAY,5,"(1, 2)",0.4379599550776182,0.5201037275752283,0.5201037275752283,300,"{1: 150.0, 2: 150.0}",0,-300.0,0,-2270135.0,2
2018-11-12,2018-11,EV,0,HOME,AWAY,4,"(1, 2)",0.4379599550776182,0.5076547040409292,0.5076547040409292,900,"{1: 450.0, 2: 450.0}",0,-900.0,0,-2271035.0,3
2018-11-20,2018-11,EV,0,HOME,AWAY,4,"(1, 2)",0.4379599550776182,0.5922466457417357,0.5922466457417357,2700,"{1: 1350.0, 2: 1350.0}",0,-2700.0,0,-2273735.0,4
2018-11-24,2018-11,EV,0,HOME,AWAY,6,"(1, 2)",0.4379599550776182,1.0375531782750786,1.0375531782750786,8100,"{1: 4050.0, 2: 4050.0}",0,-8100.0,0,-2281835.0,5
2018-11-25,2018-11,EV,0,HOME,AWAY,3,"(1, 2)",0.4379599550776182,0.7365324820747503,0.7365324820747503,24300,"{1: 12150.0, 2: 12150.0}",0,-24300.0,0,-2306135.0,6
2018-12-01,2018-12,EV,0,HOME,AWAY,4,"(1, 2)",0.43973196262197956,0.794581793403214,0.794581793403214,72900,"{1: 36450.0, 2: 36450.0}",0,-72900.0,0,-2379035.0,7
2018-12-02,2018-12,EV,0,HOME,AWAY,6,"(1, 2)",0.43973196262197956,1.0471305557198916,1.0471305557198916,218700,"{1: 109350.0, 2: 109350.0}",0,-218700.0,1,-2597735.0,0
2018-12-03,2018-12,EV,0,HOME,AWAY,2,"(1, 2)",0.43973196262197956,0.4921175110051226,0.4921175110051226,100,"{1: 50.0, 2: 50.0}",1,154.99999999999997,0,-2597580.0,0
2018-12-08,2018-12,EV,0,HOME,AWAY,6,"(1, 2)",0.43973196262197956,0.9371975650643964,0.9371975650643964,100,"{1: 50.0, 2: 50.0}",0,-100.0,0,-2597680.0,1
2018-12-08,2018-12,EV,0,HOME,AWAY,3,"(1, 2)",0.43973196262197956,0.794581793403214,0.794581793403214,300,"{1: 150.0, 2: 150.0}",0,-300.0,0,-2597980.0,2
2018-12-09,2018-12,EV,0,HOME,AWAY,5,"(1, 2)",0.43973196262197956,0.5871946921125777,0.5871946921125777,900,"{1: 450.0, 2: 450.0}",0,-900.0,0,-2598880.0,3
2018-12-09,2018-12,EV,0,HOME,AWAY,2,"(1, 2)",0.43973196262197956,0.574715812092224,0.574715812092224,2700,"{1: 1350.0, 2: 1350.0}",1,4050.0,0,-2594830.0,0
2018-12-13,2018-12,EV,0,HOME,AWAY,3,"(1, 2)",0.43973196262197956,0.5871946921125777,0.5871946921125777,100,"{1: 50.0, 2: 50.0}",0,-100.0,0,-2594930.0,1
2018-12-16,2018-12,EV,0,HOME,AWAY,7,"(1, 2)",0.43973196262197956,1.772094061664236,1.772094061664236,300,"{1: 150.0, 2: 150.0}",0,-300.0,0,-2595230.0,2
2018-12-16,2018-12,EV,0,HOME,AWAY,1,"(1, 2)",0.43973196262197956,0.8008212334133908,0.8008212334133908,900,"{1: 450.0, 2: 450.0}",1,4050.0,0,-2591180.0,0
2018-12-16,2018-12,EV,0,HOME,AWAY,3,"(1, 2)",0.43973196262197956,0.6472121626866585,0.6472121626866585,100,"{1: 50.0, 2: 50.0}",0,-100.0,0,-2591280.0,1
2018-12-17,2018-12,EV,0,HOME,AWAY,5,"(1, 2)",0.43973196262197956,0.709606562788426,0.709606562788426,300,"{1: 150.0, 2: 150.0}",0,-300.0,0,-2591580.0,2
2018-12-19,2018-12,EV,0,HOME,AWAY,3,"(1, 2)",0.43973196262197956,0.6472121626866585,0.6472121626866585,900,"{1: 450.0, 2: 450.0}",0,-900.0,0,-2592480.0,3
2018-12-20,2018-12,EV,0,HOME,AWAY,2,"(1, 2)",0.43973196262197956,1.0471305557198916,1.0471305557198916,2700,"{1: 1350.0, 2: 1350.0}",1,6075.0,0,-2586405.0,0
2018-12-23,2018-12,EV,0,HOME,AWAY,2,"(1, 2)",0.43973196262197956,1.2046021369291138,1.2046021369291138,100,"{1: 50.0, 2: 50.0}",1,250.0,0,-2586155.0,0
2018-12-23,2018-12,EV,0,HOME,AWAY,1,"(1, 2)",0.43973196262197956,0.5271772215384964,0.5271772215384964,100,"{1: 50.0, 2: 50.0}",1,375.0,0,-2585780.0,0
2019-01-06,2019-01,EV,0,HOME,AWAY,7,"(1, 2)",0.41397340122879767,0.9963151282527085,0.9963151282527085,100,"{1: 50.0, 2: 50.0}",0,-100.0,0,-2585880.0,1
2019-01-10,2019-01,EV,0,HOME,AWAY,7,"(1, 2)",0.41397340122879767,0.8494283396615678,0.8494283396615678,300,"{1: 150.0, 2: 150.0}",0,-300.0,0,-2586180.0,2
2019-01-10,2019-01,EV,0,HOME,AWAY,3,"(1, 2)",0.41397340122879767,0.4374944300321153,0.4374944300321153,900,"{1: 450.0, 2: 450.0}",0,-900.0,0,-2587080.0,3
2019-01-11,2019-01,EV,0,HOME,AWAY,3,"(1, 2)",0.41397340122879767,0.44951441243676715,0.44951441243676715,2700,"{1: 1350.0, 2: 1350.0}",0,-2700.0,0,-2589780.0,4
2019-01-14,2019-01,EV,0,HOME,AWAY,3,"(1, 2)",0.41397340122879767,0.5964012010279076,0.5964012010279076,8100,"{1: 4050.0, 2: 4050.0}",0,-8100.0,0,-2597880.0,5
2019-01-18,2019-01,EV,0,HOME,AWAY,3,"(1, 2)",0.41397340122879767,0.8227413751169443,0.8227413751169443,24300,"{1: 12150.0, 2: 12150.0}",0,-24300.0,0,-2622180.0,6
2019-01-20,2019-01,EV,0,HOME,AWAY,7,"(1, 2)",0.41397340122879767,1.0564150402759669,1.0564150402759669,72900,"{1: 36450.0, 2: 36450.0}",0,-72900.0,0,-2695080.0,7
2019-01-20,2019-01,EV,0,HOME,AWAY,3,"(1, 2)",0.41397340122879767,0.9395782076964556,0.9395782076964556,218700,"{1: 109350.0, 2: 109350.0}",0,-218700.0,1,-2913780.0,0
2019-01-20,2019-01,EV,0,HOME,AWAY,7,"(1, 2)",0.41397340122879767,0.5964012010279076,0.5964012010279076,100,"{1: 50.0, 2: 50.0}",0,-100.0,0,-2913880.0,1
2019-01-24,2019-01,EV,0,HOME,AWAY,2,"(1, 2)",0.41397340122879767,0.584381218623256,0.584381218623256,300,"{1: 150.0, 2: 150.0}",1,540.0,0,-2913340.0,0
2019-01-24,2019-01,EV,0,HOME,AWAY,1,"(1, 2)",0.41397340122879767,0.4688678859114046,0.4688678859114046,100,"{1: 50.0, 2: 50.0}",1,400.0,0,-2912940.0,0
2019-01-25,2019-01,EV,0,HOME,AWAY,4,"(1, 2)",0.41397340122879767,1.0564150402759669,1.0564150402759669,100,"{1: 50.0, 2: 50.0}",0,-100.0,0,-2913040.0,1
2019-01-26,2019-01,EV,0,HOME,AWAY,5,"(1, 2)",0.41397340122879767,0.6277746569071969,0.6277746569071969,300,"{1: 150.0, 2: 150.0}",0,-300.0,0,-2913340.0,2
2019-01-26,2019-01,EV,0,HOME,AWAY,6,"(1, 2)",0.41397340122879767,0.4374944300321153,0.4374944300321153,900,"{1: 450.0, 2: 450.0}",0,-900.0,0,-2914240.0,3
2019-01-27,2019-01,EV,0,HOME,AWAY,5,"(1, 2)",0.41397340122879767,0.762641463093686,0.762641463093686,2700,"{1: 1350.0, 2: 1350.0}",0,-2700.0,0,-2916940.0,4
2019-01-27,2019-01,EV,0,HOME,AWAY,3,"(1, 2)",0.41397340122879767,0.4688678859114046,0.4688678859114046,8100,"{1: 4050.0, 2: 4050.0}",0,-8100.0,0,-2925040.0,5
2019-02-02,2019-02,EV,0,HOME,AWAY,2,"(1, 2)",0.39712185146139756,0.3193179700400488,0.3193179700400488,24300,"{1: 12150.0, 2: 12150.0}",1,36450.0,0,-2888590.0,0
2019-02-02,2019-02,EV,0,HOME,AWAY,5,"(1, 2)",0.39712185146139756,0.16753008046297424,0.16753008046297424,100,"{1: 50.0, 2: 50.0}",0,-100.0,0,-2888690.0,1
2019-02-02,2019-02,EV,0,HOME,AWAY,6,"(1, 2)",0.39712185146139756,0.1384091718280609,0.1384091718280609,300,"{1: 150.0, 2: 150.0}",0,-300.0,0,-2888990.0,2
2019-02-03,2019-02,EV,0,HOME,AWAY,6,"(1, 2)",0.39712185146139756,0.8212301970026938,0.8212301970026938,900,"{1: 450.0, 2: 450.0}",0,-900.0,0,-2889890.0,3
2019-02-03,2019-02,EV,0,HOME,AWAY,5,"(1, 2)",0.39712185146139756,0.3718253967517744,0.3718253967517744,2700,"{1: 1350.0, 2: 1350.0}",0,-2700.0,0,-2892590.0,4
2019-02-03,2019-02,EV,0,HOME,AWAY,4,"(1, 2)",0.39712185146139756,0.20260985757819205,0.20260985757819205,8100,"{1: 4050.0, 2: 4050.0}",0,-8100.0,0,-2900690.0,5
2019-02-03,2019-02,EV,0,HOME,AWAY,3,"(1, 2)",0.39712185146139756,0.16753008046297424,0.16753008046297424,24300,"{1: 12150.0, 2: 12150.0}",0,-24300.0,0,-2924990.0,6
2019-02-16,2019-02,EV,0,HOME,AWAY,2,"(3, 4)",0.38330941625108816,0.34702689978987644,0.34702689978987644,72900,"{3: 36450.0, 4: 36450.0}",0,-72900.0,0,-2997890.0,7
2019-02-16,2019-02,EV,0,HOME,AWAY,3,"(1, 2)",0.39712185146139756,0.3338784243575055,0.3338784243575055,218700,"{1: 109350.0, 2: 109350.0}",0,-218700.0,1,-3216590.0,0
2019-02-16,2019-02,EV,0,HOME,AWAY,5,"(1, 2)",0.39712185146139756,0.2434240252515114,0.2434240252515114,100,"{1: 50.0, 2: 50.0}",0,-100.0,0,-3216690.0,1
2019-02-17,2019-02,EV,0,HOME,AWAY,5,"(1, 2)",0.39712185146139756,1.1830477934266703,1.1830477934266703,300,"{1: 150.0, 2: 150.0}",0,-300.0,0,-3216990.0,2
2019-02-17,2019-02,EV,0,HOME,AWAY,5,"(1, 2)",0.39712185146139756,0.9028585323493328,0.9028585323493328,900,"{1: 450.0, 2: 450.0}",0,-900.0,0,-3217890.0,3
2019-02-23,2019-02,EV,0,HOME,AWAY,2,"(3, 4)",0.38330941625108816,0.3358598374081987,0.3358598374081987,2700,"{3: 1350.0, 4: 1350.0}",0,-2700.0,0,-3220590.0,4
2019-02-24,2019-02,EV,0,HOME,AWAY,6,"(1, 2)",0.39712185146139756,0.5527341949637623,0.5527341949637623,8100,"{1: 4050.0, 2: 4050.0}",0,-8100.0,0,-3228690.0,5
2019-02-27,2019-02,EV,0,HOME,AWAY,3,"(1, 2)",0.39712185146139756,0.2959314519632368,0.2959314519632368,24300,"{1: 12150.0, 2: 12150.0}",0,-24300.0,0,-3252990.0,6
2019-02-28,2019-02,EV,0,HOME,AWAY,1,"(1, 2)",0.39712185146139756,0.27254493388642476,0.27254493388642476,72900,"{1: 36450.0, 2: 36450.0}",1,255150.0,0,-2997840.0,0
2019-03-02,2019-03,EV,0,HOME,AWAY,1,"(1, 2)",0.44856981435343946,0.4204097987566082,0.4204097987566082,100,"{1: 50.0, 2: 50.0}",1,325.0,0,-2997515.0,0
2019-03-03,2019-03,EV,0,HOME,AWAY,4,"(1, 2)",0.44856981435343946,0.7538957181160915,0.7538957181160915,100,"{1: 50.0, 2: 50.0}",0,-100.0,0,-2997615.0,1
2019-03-03,2019-03,EV,0,HOME,AWAY,6,"(1, 2)",0.44856981435343946,0.6922480086571352,0.6922480086571352,300,"{1: 150.0, 2: 150.0}",0,-300.0,0,-2997915.0,2
2019-03-03,2019-03,EV,0,HOME,AWAY,2,"(1, 2)",0.44856981435343946,0.617976613165828,0.617976613165828,900,"{1: 450.0, 2: 450.0}",1,1372.5,0,-2996542.5,0
2019-03-10,2019-03,EV,0,HOME,AWAY,4,"(1, 2)",0.44856981435343946,2.2233295402993054,2.2233295402993054,100,"{1: 50.0, 2: 50.0}",0,-100.0,0,-2996642.5,1
2019-03-10,2019-03,EV,0,HOME,AWAY,2,"(1, 2)",0.44856981435343946,0.9339977241795834,0.9339977241795834,300,"{1: 150.0, 2: 150.0}",1,600.0,0,-2996042.5,0
2019-03-10,2019-03,EV,0,HOME,AWAY,4,"(1, 2)",0.44856981435343946,0.4757456651993892,0.4757456651993892,100,"{1: 50.0, 2: 50.0}",0,-100.0,0,-2996142.5,1
2019-03-10,2019-03,EV,0,HOME,AWAY,3,"(1, 2)",0.44856981435343946,0.42672164177278393,0.42672164177278393,300,"{1: 150.0, 2: 150.0}",0,-300.0,0,-2996442.5,2
2019-03-12,2019-03,EV,0,HOME,AWAY,2,"(1, 2)",0.44856981435343946,0.5136167232964417,0.5136167232964417,900,"{1: 450.0, 2: 450.0}",1,1350.0,0,-2995092.5,0
2019-03-13,2019-03,EV,0,HOME,AWAY,7,"(1, 2)",0.44856981435343946,0.46312197916703823,0.46312197916703823,100,"{1: 50.0, 2: 50.0}",0,-100.0,0,-2995192.5,1
2019-03-14,2019-03,EV,0,HOME,AWAY,3,"(1, 2)",0.44856981435343946,1.51554520207769,1.51554520207769,300,"{1: 150.0, 2: 150.0}",0,-300.0,0,-2995492.5,2
2019-03-17,2019-03,EV,0,HOME,AWAY,5,"(1, 2)",0.44856981435343946,0.4883693512317402,0.4883693512317402,900,"{1: 450.0, 2: 450.0}",0,-900.0,0,-2996392.5,3
2019-03-17,2019-03,EV,0,HOME,AWAY,1,"(1, 2)",0.44856981435343946,0.4883693512317402,0.4883693512317402,2700,"{1: 1350.0, 2: 1350.0}",1,9450.0,0,-2986942.5,0
2019-03-18,2019-03,EV,0,HOME,AWAY,6,"(1, 2)",0.44856981435343946,0.6747832003114071,0.6747832003114071,100,"{1: 50.0, 2: 50.0}",0,-100.0,0,-2987042.5,1
2019-03-30,2019-03,EV,0,HOME,AWAY,2,"(1, 2)",0.44856981435343946,0.6495358282467052,0.6495358282467052,300,"{1: 150.0, 2: 150.0}",1,495.0,0,-2986547.5,0
2019-03-30,2019-03,EV,0,HOME,AWAY,5,"(1, 2)",0.44856981435343946,0.5136167232964417,0.5136167232964417,100,"{1: 50.0, 2: 50.0}",0,-100.0,0,-2986647.5,1
2019-04-04,2019-04,EV,0,HOME,AWAY,7,"(1, 2)",0.4246412272955734,0.8637332166993827,0.8637332166993827,300,"{1: 150.0, 2: 150.0}",0,-300.0,0,-2986947.5,2
2019-04-04,2019-04,EV,0,HOME,AWAY,7,"(1, 2)",0.4246412272955734,0.6880615752162778,0.6880615752162778,900,"{1: 450.0, 2: 450.0}",0,-900.0,0,-2987847.5,3
2019-04-07,2019-04,EV,0,HOME,AWAY,5,"(1, 2)",0.4246412272955734,0.6636289271064899,0.6636289271064899,2700,"{1: 1350.0, 2: 1350.0}",0,-2700.0,0,-2990547.5,4
2019-04-08,2019-04,EV,0,HOME,AWAY,4,"(1, 2)",0.4246412272955734,0.5429307438704074,0.5429307438704074,8100,"{1: 4050.0, 2: 4050.0}",0,-8100.0,0,-2998647.5,5
2019-04-14,2019-04,EV,0,HOME,AWAY,3,"(1, 2)",0.4246412272955734,0.9050252935786549,0.9050252935786549,24300,"{1: 12150.0, 2: 12150.0}",0,-24300.0,0,-3022947.5,6
2019-04-14,2019-04,EV,0,HOME,AWAY,3,"(1, 2)",0.4246412272955734,0.6514126030515961,0.6514126030515961,72900,"{1: 36450.0, 2: 36450.0}",0,-72900.0,0,-3095847.5,7
2019-04-14,2019-04,EV,0,HOME,AWAY,2,"(1, 2)",0.4246412272955734,0.4612030851563018,0.4612030851563018,218700,"{1: 109350.0, 2: 109350.0}",1,322582.5,0,-2773265.0,0
2019-04-20,2019-04,EV,0,HOME,AWAY,4,"(1, 2)",0.4246412272955734,0.5880094304198313,0.5880094304198313,100,"{1: 50.0, 2: 50.0}",0,-100.0,0,-2773365.0,1
2019-04-21,2019-04,EV,0,HOME,AWAY,4,"(1, 2)",0.4246412272955734,0.7537863002053378,0.7537863002053378,300,"{1: 150.0, 2: 150.0}",0,-300.0,0,-2773665.0,2
2019-04-24,2019-04,EV,0,HOME,AWAY,6,"(1, 2)",0.4246412272955734,0.5696849443374905,0.5696849443374905,900,"{1: 450.0, 2: 450.0}",0,-900.0,0,-2774565.0,3
2019-04-24,2019-04,EV,0,HOME,AWAY,3,"(1, 2)",0.4246412272955734,0.4673112471837486,0.4673112471837486,2700,"{1: 1350.0, 2: 1350.0}",0,-2700.0,0,-2777265.0,4
2019-04-27,2019-04,EV,0,HOME,AWAY,5,"(1, 2)",0.4246412272955734,0.7247105473809594,0.7247105473809594,8100,"{1: 4050.0, 2: 4050.0}",0,-8100.0,0,-2785365.0,5
2019-04-27,2019-04,EV,0,HOME,AWAY,4,"(1, 2)",0.4246412272955734,0.47952757123864265,0.47952757123864265,24300,"{1: 12150.0, 2: 12150.0}",0,-24300.0,0,-2809665.0,6
2019-04-28,2019-04,EV,0,HOME,AWAY,4,"(1, 2)",0.4246412272955734,0.4673112471837486,0.4673112471837486,72900,"{1: 36450.0, 2: 36450.0}",0,-72900.0,0,-2882565.0,7
2019-04-28,2019-04,EV,0,HOME,AWAY,5,"(1, 2)",0.4246412272955734,0.4673112471837486,0.4673112471837486,218700,"{1: 109350.0, 2: 109350.0}",0,-218700.0,1,-3101265.0,0
2019-04-29,2019-04,EV,0,HOME,AWAY,2,"(1, 2)",0.4246412272955734,0.7660026242602316,0.7660026242602316,100,"{1: 50.0, 2: 50.0}",1,179.99999999999997,0,-3101085.0,0
2019-05-04,2019-05,EV,0,HOME,AWAY,4,"(1, 2)",0.4255301416768478,1.8485874016555615,1.8485874016555615,100,"{1: 50.0, 2: 50.0}",0,-100.0,0,-3101185.0,1
2019-05-05,2019-05,EV,0,HOME,AWAY,6,"(1, 2)",0.4255301416768478,0.45858256691986066,0.45858256691986066,300,"{1: 150.0, 2: 150.0}",0,-300.0,0,-3101485.0,2
2019-05-07,2019-05,EV,0,HOME,AWAY,1,"(1, 2)",0.4255301416768478,0.4463502711362699,0.4463502711362699,900,"{1: 450.0, 2: 450.0}",1,3375.0,0,-3098110.0,0
2019-05-11,2019-05,EV,0,HOME,AWAY,1,"(1, 2)",0.4255301416768478,0.9096852160481701,0.9096852160481701,100,"{1: 50.0, 2: 50.0}",1,550.0,0,-3097560.0,0
2019-05-11,2019-05,EV,0,HOME,AWAY,5,"(1, 2)",0.4255301416768478,0.6676395111251812,0.6676395111251812,100,"{1: 50.0, 2: 50.0}",0,-100.0,0,-3097660.0,1
2019-05-12,2019-05,EV,0,HOME,AWAY,5,"(1, 2)",0.4255301416768478,0.8974529202645796,0.8974529202645796,300,"{1: 150.0, 2: 150.0}",0,-300.0,0,-3097960.0,2
2019-05-12,2019-05,EV,0,HOME,AWAY,2,"(1, 2)",0.4255301416768478,0.7703139199112896,0.7703139199112896,900,"{1: 450.0, 2: 450.0}",1,1620.0,0,-3096340.0,0
2019-05-12,2019-05,EV,0,HOME,AWAY,7,"(1, 2)",0.4255301416768478,0.5197440458378133,0.5197440458378133,100,"{1: 50.0, 2: 50.0}",0,-100.0,0,-3096440.0,1
2019-05-16,2019-05,EV,0,HOME,AWAY,5,"(1, 2)",0.4255301416768478,1.1517309209711595,1.1517309209711595,300,"{1: 150.0, 2: 150.0}",0,-300.0,0,-3096740.0,2
2019-05-16,2019-05,EV,0,HOME,AWAY,4,"(1, 2)",0.4255301416768478,0.819243103045652,0.819243103045652,900,"{1: 450.0, 2: 450.0}",0,-900.0,0,-3097640.0,3
2019-05-18,2019-05,EV,0,HOME,AWAY,6,"(1, 2)",0.4255301416768478,0.6835799335418749,0.6835799335418749,2700,"{1: 1350.0, 2: 1350.0}",0,-2700.0,0,-3100340.0,4
2019-05-18,2019-05,EV,0,HOME,AWAY,6,"(1, 2)",0.4255301416768478,0.6798718069087717,0.6798718069087717,8100,"{1: 4050.0, 2: 4050.0}",0,-8100.0,0,-3108440.0,5
2019-05-18,2019-05,EV,0,HOME,AWAY,6,"(1, 2)",0.4255301416768478,0.5075117500542228,0.5075117500542228,24300,"{1: 12150.0, 2: 12150.0}",0,-24300.0,0,-3132740.0,6
2019-05-19,2019-05,EV,0,HOME,AWAY,5,"(1, 2)",0.4255301416768478,0.5282682149883007,0.5282682149883007,72900,"{1: 36450.0, 2: 36450.0}",0,-72900.0,0,-3205640.0,7
2019-05-19,2019-05,EV,0,HOME,AWAY,1,"(1, 2)",0.4255301416768478,0.4500583977693733,0.4500583977693733,218700,"{1: 109350.0, 2: 109350.0}",1,765450.0,0,-2440190.0,0
2019-05-19,2019-05,EV,0,HOME,AWAY,4,"(1, 2)",0.4255301416768478,0.43782610198578253,0.43782610198578253,100,"{1: 50.0, 2: 50.0}",0,-100.0,0,-2440290.0,1
2019-06-02,2019-06,EV,0,HOME,AWAY,5,"(1, 2)",0.42997325233230765,0.09578867106141731,0.09578867106141731,300,"{1: 150.0, 2: 150.0}",0,-300.0,0,-2440590.0,2
2019-06-08,2019-06,EV,0,HOME,AWAY,5,"(1, 2)",0.42997325233230765,0.3197790106311109,0.3197790106311109,900,"{1: 450.0, 2: 450.0}",0,-900.0,0,-2441490.0,3
2019-06-11,2019-06,EV,0,HOME,AWAY,0,"(1, 2)",0.42997325233230765,0.10194427104138848,0.10194427104138848,2700,"{1: 1350.0, 2: 1350.0}",0,-2700.0,0,-2444190.0,4
2019-06-12,2019-06,EV,0,HOME,AWAY,7,"(1, 2)",0.42997325233230765,0.6787331766273343,0.6787331766273343,8100,"{1: 4050.0, 2: 4050.0}",0,-8100.0,0,-2452290.0,5
2019-06-15,2019-06,EV,0,HOME,AWAY,1,"(1, 2)",0.42997325233230765,0.22459689750797596,0.22459689750797596,24300,"{1: 12150.0, 2: 12150.0}",1,66825.0,0,-2385465.0,0
2019-06-17,2019-06,EV,0,HOME,AWAY,3,"(1, 2)",0.42997325233230765,1.5467646484298223,1.5467646484298223,100,"{1: 50.0, 2: 50.0}",0,-100.0,0,-2385565.0,1
2019-06-18,2019-06,EV,0,HOME,AWAY,4,"(1, 2)",0.42997325233230765,0.2890010107312555,0.2890010107312555,300,"{1: 150.0, 2: 150.0}",0,-300.0,0,-2385865.0,2
2019-06-18,2019-06,EV,0,HOME,AWAY,1,"(1, 2)",0.42997325233230765,0.2890010107312555,0.2890010107312555,900,"{1: 450.0, 2: 450.0}",1,2700.0,0,-2383165.0,0
2019-06-19,2019-06,EV,0,HOME,AWAY,4,"(1, 2)",0.42997325233230765,0.9945981427637605,0.9945981427637605,100,"{1: 50.0, 2: 50.0}",0,-100.0,0,-2383265.0,1
2019-06-21,2019-06,EV,0,HOME,AWAY,3,"(1, 2)",0.42997325233230765,0.46705403701758286,0.46705403701758286,300,"{1: 150.0, 2: 150.0}",0,-300.0,0,-2383565.0,2
2019-06-21,2019-06,EV,0,HOME,AWAY,4,"(1, 2)",0.42997325233230765,0.31362341065113997,0.31362341065113997,900,"{1: 450.0, 2: 450.0}",0,-900.0,0,-2384465.0,3
2019-06-22,2019-06,EV,0,HOME,AWAY,3,"(1, 2)",0.42997325233230765,0.10194427104138848,0.10194427104138848,2700,"{1: 1350.0, 2: 1350.0}",0,-2700.0,0,-2387165.0,4
2019-06-23,2019-06,EV,0,HOME,AWAY,6,"(1, 2)",0.42997325233230765,0.270626085417909,0.270626085417909,8100,"{1: 4050.0, 2: 4050.0}",0,-8100.0,0,-2395265.0,5
2019-06-23,2019-06,EV,0,HOME,AWAY,3,"(1, 2)",0.42997325233230765,0.10194427104138848,0.10194427104138848,24300,"{1: 12150.0, 2: 12150.0}",0,-24300.0,0,-2419565.0,6
2019-06-24,2019-06,EV,0,HOME,AWAY,5,"(1, 2)",0.42997325233230765,0.5835510635041996,0.5835510635041996,72900,"{1: 36450.0, 2: 36450.0}",0,-72900.0,0,-2492465.0,7
2019-06-29,2019-06,EV,0,HOME,AWAY,1,"(1, 2)",0.42997325233230765,0.21228569754803406,0.21228569754803406,218700,"{1: 109350.0, 2: 109350.0}",1,601425.0,0,-1891040.0,0
2019-07-01,2019-07,EV,0,HOME,AWAY,1,"(1, 2)",0.44327194070015563,0.12719097189985273,0.12719097189985273,100,"{1: 50.0, 2: 50.0}",1,225.0,0,-1890815.0,0
2019-07-06,2019-07,EV,0,HOME,AWAY,3,"(1, 2)",0.44327194070015563,0.12719097189985273,0.12719097189985273,100,"{1: 50.0, 2: 50.0}",0,-100.0,0,-1890915.0,1
2019-07-07,2019-07,EV,0,HOME,AWAY,7,"(1, 2)",0.44327194070015563,0.18785810341478726,0.18785810341478726,300,"{1: 150.0, 2: 150.0}",0,-300.0,0,-1891215.0,2
2019-07-11,2019-07,EV,0,HOME,AWAY,1,"(1, 2)",0.44327194070015563,0.2861383751747999,0.2861383751747999,900,"{1: 450.0, 2: 450.0}",1,2475.0,0,-1888740.0,0
2019-07-13,2019-07,EV,0,HOME,AWAY,4,"(1, 2)",0.44327194070015563,0.168606336174824,0.168606336174824,100,"{1: 50.0, 2: 50.0}",0,-100.0,0,-1888840.0,1
2019-07-14,2019-07,EV,0,HOME,AWAY,4,"(1, 2)",0.44327194070015563,0.168606336174824,0.168606336174824,300,"{1: 150.0, 2: 150.0}",0,-300.0,0,-1889140.0,2
2019-07-20,2019-07,EV,0,HOME,AWAY,5,"(1, 2)",0.44327194070015563,0.33426779327470824,0.33426779327470824,900,"{1: 450.0, 2: 450.0}",0,-900.0,0,-1890040.0,3
2019-07-20,2019-07,EV,0,HOME,AWAY,2,"(1, 2)",0.44327194070015563,0.2254712436598656,0.2254712436598656,2700,"{1: 1350.0, 2: 1350.0}",1,3240.000000000001,0,-1886800.0,0
2019-07-21,2019-07,EV,0,HOME,AWAY,4,"(1, 2)",0.44327194070015563,0.12719097189985273,0.12719097189985273,100,"{1: 50.0, 2: 50.0}",0,-100.0,0,-1886900.0,1
2019-07-26,2019-07,EV,0,HOME,AWAY,2,"(1, 2)",0.44327194070015563,0.9700574063744973,0.9700574063744973,300,"{1: 150.0, 2: 150.0}",1,675.0,0,-1886225.0,0
2019-07-26,2019-07,EV,0,HOME,AWAY,4,"(1, 2)",0.44327194070015563,0.530828336794734,0.530828336794734,100,"{1: 50.0, 2: 50.0}",0,-100.0,0,-1886325.0,1
2019-07-27,2019-07,EV,0,HOME,AWAY,7,"(1, 2)",0.44327194070015563,0.27360066175977393,0.27360066175977393,300,"{1: 150.0, 2: 150.0}",0,-300.0,0,-1886625.0,2
2019-07-28,2019-07,EV,0,HOME,AWAY,3,"(1, 2)",0.44327194070015563,0.27360066175977393,0.27360066175977393,900,"{1: 450.0, 2: 450.0}",0,-900.0,0,-1887525.0,3
2019-07-28,2019-07,EV,0,HOME,AWAY,4,"(1, 2)",0.44327194070015563,0.18785810341478726,0.18785810341478726,2700,"{1: 1350.0, 2: 1350.0}",0,-2700.0,0,-1890225.0,4
2019-07-28,2019-07,EV,0,HOME,AWAY,0,"(1, 2)",0.44327194070015563,0.13972868531487892,0.13972868531487892,8100,"{1: 4050.0, 2: 4050.0}",0,-8100.0,0,-1898325.0,5
2019-07-28,2019-07,EV,0,HOME,AWAY,2,"(1, 2)",0.44327194070015563,0.13345982860736583,0.13345982860736583,24300,"{1: 12150.0, 2: 12150.0}",1,24907.5,0,-1873417.5,0
2019-08-05,2019-08,EV,0,HOME,AWAY,4,"(1, 2)",0.4193069186548575,0.30940527635637105,0.30940527635637105,100,"{1: 50.0, 2: 50.0}",0,-100.0,0,-1873517.5,1
2019-08-11,2019-08,EV,0,HOME,AWAY,5,"(1, 2)",0.4193069186548575,0.8529119658533004,0.8529119658533004,300,"{1: 150.0, 2: 150.0}",0,-300.0,0,-1873817.5,2
2019-08-12,2019-08,EV,0,HOME,AWAY,4,"(1, 2)",0.4193069186548575,0.6032739649157461,0.6032739649157461,900,"{1: 450.0, 2: 450.0}",0,-900.0,0,-1874717.5,3
2019-08-12,2019-08,EV,0,HOME,AWAY,6,"(1, 2)",0.4193069186548575,0.40211279761170693,0.40211279761170693,2700,"{1: 1350.0, 2: 1350.0}",0,-2700.0,0,-1877417.5,4
2019-08-12,2019-08,EV,0,HOME,AWAY,3,"(1, 2)",0.4193069186548575,0.37787438079494917,0.37787438079494917,8100,"{1: 4050.0, 2: 4050.0}",0,-8100.0,0,-1885517.5,5
2019-08-17,2019-08,EV,0,HOME,AWAY,5,"(1, 2)",0.4193069186548575,0.38999358920332816,0.38999358920332816,24300,"{1: 12150.0, 2: 12150.0}",0,-24300.0,0,-1909817.5,6
2019-08-17,2019-08,EV,0,HOME,AWAY,4,"(1, 2)",0.4193069186548575,0.35363596397819164,0.35363596397819164,72900,"{1: 36450.0, 2: 36450.0}",0,-72900.0,0,-1982717.5,7
2019-08-18,2019-08,EV,0,HOME,AWAY,5,"(1, 2)",0.4193069186548575,0.6153931733241249,0.6153931733241249,218700,"{1: 109350.0, 2: 109350.0}",0,-218700.0,1,-2201417.5,0
2019-08-22,2019-08,EV,0,HOME,AWAY,4,"(1, 2)",0.4193069186548575,0.539051006488863,0.539051006488863,100,"{1: 50.0, 2: 50.0}",0,-100.0,0,-2201517.5,1
2019-08-24,2019-08,EV,0,HOME,AWAY,7,"(1, 2)",0.4193069186548575,0.3457629015815078,0.3457629015815078,300,"{1: 150.0, 2: 150.0}",0,-300.0,0,-2201817.5,2
2019-08-26,2019-08,EV,0,HOME,AWAY,6,"(1, 2)",0.4193069186548575,0.66387000695764,0.66387000695764,900,"{1: 450.0, 2: 450.0}",0,-900.0,0,-2202717.5,3
2019-08-26,2019-08,EV,0,HOME,AWAY,4,"(1, 2)",0.4193069186548575,0.6075201109274408,0.6075201109274408,2700,"{1: 1350.0, 2: 1350.0}",0,-2700.0,0,-2205417.5,4
2019-08-31,2019-08,EV,0,HOME,AWAY,7,"(1, 2)",0.4193069186548575,0.788689007426417,0.788689007426417,8100,"{1: 4050.0, 2: 4050.0}",0,-8100.0,0,-2213517.5,5
2019-08-31,2019-08,EV,0,HOME,AWAY,4,"(1, 2)",0.4193069186548575,0.5832816941106833,0.5832816941106833,24300,"{1: 12150.0, 2: 12150.0}",0,-24300.0,0,-2237817.5,6
2019-08-31,2019-08,EV,0,HOME,AWAY,5,"(1, 2)",0.4193069186548575,0.4827011104586636,0.4827011104586636,72900,"{1: 36450.0, 2: 36450.0}",0,-72900.0,0,-2310717.5,7
2019-08-31,2019-08,EV,0,HOME,AWAY,0,"(1, 2)",0.4193069186548575,0.3700013183982651,0.3700013183982651,218700,"{1: 109350.0, 2: 109350.0}",0,-218700.0,1,-2529417.5,0
2019-09-01,2019-09,EV,0,HOME,AWAY,5,"(1, 2)",0.4104196224407266,0.5879555036939428,0.5879555036939428,100,"{1: 50.0, 2: 50.0}",0,-100.0,0,-2529517.5,1
2019-09-02,2019-09,EV,0,HOME,AWAY,2,"(1, 2)",0.4104196224407266,0.5022729102825174,0.5022729102825174,300,"{1: 150.0, 2: 150.0}",1,510.0,0,-2529007.5,0
2019-09-06,2019-09,EV,0,HOME,AWAY,5,"(1, 2)",0.4104196224407266,0.7881957244964435,0.7881957244964435,100,"{1: 50.0, 2: 50.0}",0,-100.0,0,-2529107.5,1
2019-09-07,2019-09,EV,0,HOME,AWAY,4,"(1, 2)",0.4104196224407266,4.887679406266081,4.887679406266081,300,"{1: 150.0, 2: 150.0}",0,-300.0,0,-2529407.5,2
2019-09-15,2019-09,EV,0,HOME,AWAY,5,"(1, 2)",0.4104196224407266,1.0621658169294754,1.0621658169294754,900,"{1: 450.0, 2: 450.0}",0,-900.0,0,-2530307.5,3
2019-09-15,2019-09,EV,0,HOME,AWAY,5,"(1, 2)",0.4104196224407266,0.623813669036624,0.623813669036624,2700,"{1: 1350.0, 2: 1350.0}",0,-2700.0,0,-2533007.5,4
2019-09-19,2019-09,EV,0,HOME,AWAY,3,"(1, 2)",0.4104196224407266,0.5391378460977831,0.5391378460977831,8100,"{1: 4050.0, 2: 4050.0}",0,-8100.0,0,-2541107.5,5
2019-09-21,2019-09,EV,0,HOME,AWAY,4,"(1, 2)",0.4104196224407266,0.6726313266327837,0.6726313266327837,24300,"{1: 12150.0, 2: 12150.0}",0,-24300.0,0,-2565407.5,6
2019-09-21,2019-09,EV,0,HOME,AWAY,7,"(1, 2)",0.4104196224407266,0.5451142069882302,0.5451142069882302,72900,"{1: 36450.0, 2: 36450.0}",0,-72900.0,0,-2638307.5,7
2019-09-22,2019-09,EV,0,HOME,AWAY,2,"(1, 2)",0.4104196224407266,0.5142256320634113,0.5142256320634113,218700,"{1: 109350.0, 2: 109350.0}",1,382725.0,0,-2255582.5,0
2019-09-25,2019-09,EV,0,HOME,AWAY,3,"(1, 2)",0.4104196224407266,0.5760027819130489,0.5760027819130489,100,"{1: 50.0, 2: 50.0}",0,-100.0,0,-2255682.5,1
2019-09-26,2019-09,EV,0,HOME,AWAY,5,"(1, 2)",0.4104196224407266,2.277573404470542,2.277573404470542,300,"{1: 150.0, 2: 150.0}",0,-300.0,0,-2255982.5,2
2019-09-26,2019-09,EV,0,HOME,AWAY,4,"(1, 2)",0.4104196224407266,0.5690196505500178,0.5690196505500178,900,"{1: 450.0, 2: 450.0}",0,-900.0,0,-2256882.5,3
2019-09-28,2019-09,EV,0,HOME,AWAY,5,"(1, 2)",0.4104196224407266,0.9764832235180503,0.9764832235180503,2700,"{1: 1350.0, 2: 1350.0}",0,-2700.0,0,-2259582.5,4
2019-09-29,2019-09,EV,0,HOME,AWAY,4,"(1, 2)",0.4104196224407266,0.44747889179591116,0.44747889179591116,8100,"{1: 4050.0, 2: 4050.0}",0,-8100.0,0,-2267682.5,5
2019-09-30,2019-09,EV,0,HOME,AWAY,7,"(1, 2)",0.4104196224407266,0.5022729102825174,0.5022729102825174,24300,"{1: 12150.0, 2: 12150.0}",0,-24300.0,0,-2291982.5,6
2019-10-10,2019-10,EV,0,HOME,AWAY,7,"(1, 2)",0.42730772257440347,3.627460494066524,3.627460494066524,72900,"{1: 36450.0, 2: 36450.0}",0,-72900.0,0,-2364882.5,7
2019-10-14,2019-10,EV,0,HOME,AWAY,3,"(1, 2)",0.42730772257440347,0.4691148947530088,0.4691148947530088,218700,"{1: 109350.0, 2: 109350.0}",0,-218700.0,1,-2583582.5,0
2019-10-19,2019-10,EV,0,HOME,AWAY,4,"(1, 2)",0.42730772257440347,0.7369899649270479,0.7369899649270479,100,"{1: 50.0, 2: 50.0}",0,-100.0,0,-2583682.5,1
2019-10-20,2019-10,EV,0,HOME,AWAY,3,"(1, 2)",0.42730772257440347,1.376017514900537,1.376017514900537,300,"{1: 150.0, 2: 150.0}",0,-300.0,0,-2583982.5,2
2019-10-20,2019-10,EV,0,HOME,AWAY,3,"(1, 2)",0.42730772257440347,0.3868160644786951,0.3868160644786951,900,"{1: 450.0, 2: 450.0}",0,-900.0,0,-2584882.5,3
2019-10-20,2019-10,EV,0,HOME,AWAY,1,"(1, 2)",0.42730772257440347,0.3640627246185031,0.3640627246185031,2700,"{1: 1350.0, 2: 1350.0}",1,8437.5,0,-2576445.0,0
2019-10-22,2019-10,EV,0,HOME,AWAY,4,"(1, 2)",0.42730772257440347,0.9312807339932263,0.9312807339932263,100,"{1: 50.0, 2: 50.0}",0,-100.0,0,-2576545.0,1
2019-10-23,2019-10,EV,0,HOME,AWAY,6,"(1, 2)",0.42730772257440347,0.547864204009133,0.547864204009133,300,"{1: 150.0, 2: 150.0}",0,-300.0,0,-2576845.0,2
2019-10-25,2019-10,EV,0,HOME,AWAY,7,"(1, 2)",0.42730772257440347,0.6879337641884744,0.6879337641884744,900,"{1: 450.0, 2: 450.0}",0,-900.0,0,-2577745.0,3
2019-10-26,2019-10,EV,0,HOME,AWAY,3,"(1, 2)",0.42730772257440347,0.9435447841778699,0.9435447841778699,2700,"{1: 1350.0, 2: 1350.0}",0,-2700.0,0,-2580445.0,4
2019-10-26,2019-10,EV,0,HOME,AWAY,3,"(1, 2)",0.42730772257440347,0.8857740542728427,0.8857740542728427,8100,"{1: 4050.0, 2: 4050.0}",0,-8100.0,0,-2588545.0,5
2019-10-26,2019-10,EV,0,HOME,AWAY,4,"(1, 2)",0.42730772257440347,0.5391496748426796,0.5391496748426796,24300,"{1: 12150.0, 2: 12150.0}",0,-24300.0,0,-2612845.0,6
2019-10-26,2019-10,EV,0,HOME,AWAY,5,"(1, 2)",0.42730772257440347,0.3973053541542435,0.3973053541542435,72900,"{1: 36450.0, 2: 36450.0}",0,-72900.0,0,-2685745.0,7
2019-10-30,2019-10,EV,0,HOME,AWAY,3,"(1, 2)",0.42730772257440347,1.0713502941725679,1.0713502941725679,218700,"{1: 109350.0, 2: 109350.0}",0,-218700.0,1,-2904445.0,0
2019-10-30,2019-10,EV,0,HOME,AWAY,1,"(1, 2)",0.42730772257440347,0.7876616527956952,0.7876616527956952,100,"{1: 50.0, 2: 50.0}",1,525.0,0,-2903920.0,0
2019-10-30,2019-10,EV,0,HOME,AWAY,4,"(1, 2)",0.42730772257440347,0.57239230437842,0.57239230437842,100,"{1: 50.0, 2: 50.0}",0,-100.0,0,-2904020.0,1
2019-11-02,2019-11,EV,0,HOME,AWAY,3,"(1, 2)",0.413084767280552,0.8135718932099838,0.8135718932099838,300,"{1: 150.0, 2: 150.0}",0,-300.0,0,-2904320.0,2
2019-11-02,2019-11,EV,0,HOME,AWAY,6,"(1, 2)",0.413084767280552,0.7943234407031934,0.7943234407031934,900,"{1: 450.0, 2: 450.0}",0,-900.0,0,-2905220.0,3
2019-11-02,2019-11,EV,0,HOME,AWAY,6,"(1, 2)",0.413084767280552,0.5085163621894502,0.5085163621894502,2700,"{1: 1350.0, 2: 1350.0}",0,-2700.0,0,-2907920.0,4
2019-11-05,2019-11,EV,0,HOME,AWAY,4,"(1, 2)",0.413084767280552,0.6285488469228044,0.6285488469228044,8100,"{1: 4050.0, 2: 4050.0}",0,-8100.0,0,-2916020.0,5
2019-11-06,2019-11,EV,0,HOME,AWAY,3,"(1, 2)",0.413084767280552,0.6477972994295946,0.6477972994295946,24300,"{1: 12150.0, 2: 12150.0}",0,-24300.0,0,-2940320.0,6
2019-11-07,2019-11,EV,0,HOME,AWAY,2,"(1, 2)",0.413084767280552,0.5252776551026663,0.5252776551026663,72900,"{1: 36450.0, 2: 36450.0}",1,127575.0,0,-2812745.0,0
2019-11-10,2019-11,EV,0,HOME,AWAY,5,"(1, 2)",0.413084767280552,0.7775621477899775,0.7775621477899775,100,"{1: 50.0, 2: 50.0}",0,-100.0,0,-2812845.0,1
2019-11-10,2019-11,EV,0,HOME,AWAY,4,"(1, 2)",0.413084767280552,0.6922958286798426,0.6922958286798426,300,"{1: 150.0, 2: 150.0}",0,-300.0,0,-2813145.0,2
2019-11-15,2019-11,EV,0,HOME,AWAY,3,"(1, 2)",0.413084767280552,0.8855913840499963,0.8855913840499963,900,"{1: 450.0, 2: 450.0}",0,-900.0,0,-2814045.0,3
2019-11-15,2019-11,EV,0,HOME,AWAY,6,"(1, 2)",0.413084767280552,0.6718037963762655,0.6718037963762655,2700,"{1: 1350.0, 2: 1350.0}",0,-2700.0,0,-2816745.0,4
2019-11-20,2019-11,EV,0,HOME,AWAY,5,"(1, 2)",0.413084767280552,0.5732906489960081,0.5732906489960081,8100,"{1: 4050.0, 2: 4050.0}",0,-8100.0,0,-2824845.0,5
2019-11-20,2019-11,EV,0,HOME,AWAY,7,"(1, 2)",0.413084767280552,0.5612874005226727,0.5612874005226727,24300,"{1: 12150.0, 2: 12150.0}",0,-24300.0,0,-2849145.0,6
2019-11-23,2019-11,EV,0,HOME,AWAY,6,"(1, 2)",0.413084767280552,0.7583136952831873,0.7583136952831873,72900,"{1: 36450.0, 2: 36450.0}",0,-72900.0,0,-2922045.0,7
2019-11-23,2019-11,EV,0,HOME,AWAY,4,"(1, 2)",0.413084767280552,0.49164693190260067,0.49164693190260067,218700,"{1: 109350.0, 2: 109350.0}",0,-218700.0,1,-3140745.0,0
2019-11-24,2019-11,EV,0,HOME,AWAY,5,"(1, 2)",0.413084767280552,1.2243857756442287,1.2243857756442287,100,"{1: 50.0, 2: 50.0}",0,-100.0,0,-3140845.0,1
2019-11-26,2019-11,EV,0,HOME,AWAY,2,"(1, 2)",0.413084767280552,1.1078677555539684,1.1078677555539684,300,"{1: 150.0, 2: 150.0}",1,712.5,0,-3140132.5,0
2019-12-01,2019-12,EV,0,HOME,AWAY,7,"(1, 2)",0.3865367137176615,0.8104437855192197,0.8104437855192197,100,"{1: 50.0, 2: 50.0}",0,-100.0,0,-3140232.5,1
2019-12-01,2019-12,EV,0,HOME,AWAY,3,"(1, 2)",0.3865367137176615,0.4716845793092994,0.4716845793092994,300,"{1: 150.0, 2: 150.0}",0,-300.0,0,-3140532.5,2
2019-12-07,2019-12,EV,0,HOME,AWAY,2,"(1, 2)",0.3865367137176615,0.5127908948036395,0.5127908948036395,900,"{1: 450.0, 2: 450.0}",1,1800.0,0,-3138732.5,0
2019-12-08,2019-12,EV,0,HOME,AWAY,5,"(1, 2)",0.3865367137176615,0.49464132829659224,0.49464132829659224,100,"{1: 50.0, 2: 50.0}",0,-100.0,0,-3138832.5,1
2019-12-10,2019-12,EV,0,HOME,AWAY,2,"(1, 2)",0.3865367137176615,0.5061197027902384,0.5061197027902384,300,"{1: 150.0, 2: 150.0}",1,540.0,0,-3138292.5,0
2019-12-11,2019-12,EV,0,HOME,AWAY,2,"(1, 2)",0.3865367137176615,0.4439206478417619,0.4439206478417619,100,"{1: 50.0, 2: 50.0}",1,170.00000000000003,0,-3138122.5,0
2019-12-11,2019-12,EV,0,HOME,AWAY,4,"(1, 2)",0.3865367137176615,0.3539576614257478,0.3539576614257478,100,"{1: 50.0, 2: 50.0}",0,-100.0,0,-3138222.5,1
2019-12-12,2019-12,EV,0,HOME,AWAY,2,"(1, 2)",0.3865367137176615,0.39893915463375484,0.39893915463375484,300,"{1: 150.0, 2: 150.0}",1,502.5,0,-3137720.0,0
2019-12-14,2019-12,EV,0,HOME,AWAY,7,"(1, 2)",0.3865367137176615,0.6486673791942388,0.6486673791942388,100,"{1: 50.0, 2: 50.0}",0,-100.0,0,-3137820.0,1
2019-12-19,2019-12,EV,0,HOME,AWAY,4,"(1, 2)",0.3865367137176615,0.5290764517775308,0.5290764517775308,300,"{1: 150.0, 2: 150.0}",0,-300.0,0,-3138120.0,2
2019-12-19,2019-12,EV,0,HOME,AWAY,5,"(1, 2)",0.3865367137176615,0.5061197027902384,0.5061197027902384,900,"{1: 450.0, 2: 450.0}",0,-900.0,0,-3139020.0,3
2019-12-19,2019-12,EV,0,HOME,AWAY,2,"(1, 2)",0.3865367137176615,0.41615671637422436,0.41615671637422436,2700,"{1: 1350.0, 2: 1350.0}",1,4725.0,0,-3134295.0,0
2019-12-19,2019-12,EV,0,HOME,AWAY,4,"(1, 2)",0.3865367137176615,0.3424792869321016,0.3424792869321016,100,"{1: 50.0, 2: 50.0}",0,-100.0,0,-3134395.0,1
2019-12-21,2019-12,EV,0,HOME,AWAY,2,"(1, 2)",0.3865367137176615,0.40467834188057816,0.40467834188057816,300,"{1: 150.0, 2: 150.0}",1,510.0,0,-3133885.0,0
2019-12-22,2019-12,EV,0,HOME,AWAY,7,"(1, 2)",0.3865367137176615,1.1377246172354933,1.1377246172354933,100,"{1: 50.0, 2: 50.0}",0,-100.0,0,-3133985.0,1
2019-12-22,2019-12,EV,0,HOME,AWAY,5,"(1, 2)",0.3865367137176615,0.5520332007648237,0.5520332007648237,300,"{1: 150.0, 2: 150.0}",0,-300.0,0,-3134285.0,2
2020-01-02,2020-01,EV,0,HOME,AWAY,3,"(1, 2)",0.38917733797198584,0.1390174421572159,0.1390174421572159,900,"{1: 450.0, 2: 450.0}",0,-900.0,0,-3135185.0,3
2020-01-09,2020-01,EV,0,HOME,AWAY,7,"(1, 2)",0.38917733797198584,0.40385222433621726,0.40385222433621726,2700,"{1: 1350.0, 2: 1350.0}",0,-2700.0,0,-3137885.0,4
2020-01-11,2020-01,EV,0,HOME,AWAY,3,"(1, 2)",0.38917733797198584,0.27845944456601757,0.27845944456601757,8100,"{1: 4050.0, 2: 4050.0}",0,-8100.0,0,-3145985.0,5
2020-01-11,2020-01,EV,0,HOME,AWAY,2,"(3, 4)",0.38649940553891327,0.24703389963676847,0.24703389963676847,24300,"{3: 12150.0, 4: 12150.0}",0,-24300.0,0,-3170285.0,6
2020-01-11,2020-01,EV,0,HOME,AWAY,4,"(3, 4)",0.38649940553891327,0.21550147707923406,0.21550147707923406,72900,"{3: 36450.0, 4: 36450.0}",1,246037.5,0,-2924247.5,0
2020-01-13,2020-01,EV,0,HOME,AWAY,6,"(1, 2)",0.38917733797198584,0.5292450041064174,0.5292450041064174,100,"{1: 50.0, 2: 50.0}",0,-100.0,0,-2924347.5,1
2020-01-13,2020-01,EV,0,HOME,AWAY,7,"(1, 2)",0.38917733797198584,0.37575377905901397,0.37575377905901397,300,"{1: 150.0, 2: 150.0}",0,-300.0,0,-2924647.5,2
2020-01-14,2020-01,EV,0,HOME,AWAY,0,"(1, 2)",0.38917733797198584,0.2932418424339962,0.2932418424339962,900,"{1: 450.0, 2: 450.0}",0,-900.0,0,-2925547.5,3
2020-01-14,2020-01,EV,0,HOME,AWAY,2,"(1, 2)",0.38917733797198584,0.14514044609985044,0.14514044609985044,2700,"{1: 1350.0, 2: 1350.0}",1,3375.0,0,-2922172.5,0
2020-01-16,2020-01,EV,0,HOME,AWAY,5,"(1, 2)",0.38917733797198584,0.3328729359138318,0.3328729359138318,100,"{1: 50.0, 2: 50.0}",0,-100.0,0,-2922272.5,1
2020-01-18,2020-01,EV,0,HOME,AWAY,4,"(1, 2)",0.38917733797198584,0.37575377905901397,0.37575377905901397,300,"{1: 150.0, 2: 150.0}",0,-300.0,0,-2922572.5,2
2020-01-18,2020-01,EV,0,HOME,AWAY,3,"(3, 4)",0.38649940553891327,0.19515572327825303,0.19515572327825303,900,"{3: 450.0, 4: 450.0}",1,1125.0,0,-2921447.5,0
2020-01-19,2020-01,EV,0,HOME,AWAY,3,"(1, 2)",0.38917733797198584,0.8823580470117529,0.8823580470117529,100,"{1: 50.0, 2: 50.0}",0,-100.0,0,-2921547.5,1
2020-01-19,2020-01,EV,0,HOME,AWAY,4,"(1, 2)",0.38917733797198584,0.16820574250511489,0.16820574250511489,300,"{1: 150.0, 2: 150.0}",0,-300.0,0,-2921847.5,2
2020-01-20,2020-01,EV,0,HOME,AWAY,1,"(1, 2)",0.38917733797198584,0.15235330511318068,0.15235330511318068,900,"{1: 450.0, 2: 450.0}",1,2565.0,0,-2919282.5,0
2020-01-21,2020-01,EV,0,HOME,AWAY,2,"(1, 2)",0.38917733797198584,0.9616202339714242,0.9616202339714242,100,"{1: 50.0, 2: 50.0}",1,235.0,0,-2919047.5,0
2020-03-13,2020-03,EV,0,HOME,AWAY,1,"(1, 2)",0.4388461134176155,0.07199774141538473,0.07199774141538473,100,"{1: 50.0, 2: 50.0}",1,202.5,0,-2918845.0,0
2020-03-13,2020-03,EV,0,HOME,AWAY,3,"(1, 2)",0.4388461134176155,0.004417335612628692,0.004417335612628692,100,"{1: 50.0, 2: 50.0}",0,-100.0,0,-2918945.0,1
2020-03-13,2020-03,EV,0,HOME,AWAY,2,"(3, 4)",0.36222218396302663,-0.05254040508494617,-0.05254040508494617,300,"{3: 150.0, 4: 150.0}",0,-300.0,0,-2919245.0,2
2020-03-13,2020-03,EV,0,HOME,AWAY,4,"(1, 2)",0.4388461134176155,-0.09309085859436306,-0.09309085859436306,900,"{1: 450.0, 2: 450.0}",0,-900.0,0,-2920145.0,3
2020-03-14,2020-03,EV,0,HOME,AWAY,2,"(1, 2)",0.4388461134176155,0.004417335612628692,0.004417335612628692,2700,"{1: 1350.0, 2: 1350.0}",1,2429.9999999999995,0,-2917715.0,0
2020-03-14,2020-03,EV,0,HOME,AWAY,0,"(1, 2)",0.4388461134176155,-0.014539299956166651,-0.014539299956166651,100,"{1: 50.0, 2: 50.0}",0,-100.0,0,-2917815.0,1
2020-03-15,2020-03,EV,0,HOME,AWAY,3,"(1, 2)",0.4388461134176155,0.14905646500253833,0.14905646500253833,300,"{1: 150.0, 2: 150.0}",0,-300.0,0,-2918115.0,2
2020-03-15,2020-03,EV,0,HOME,AWAY,3,"(1, 2)",0.4388461134176155,0.004417335612628692,0.004417335612628692,900,"{1: 450.0, 2: 450.0}",0,-900.0,0,-2919015.0,3
2020-03-20,2020-03,EV,0,HOME,AWAY,6,"(1, 2)",0.4388461134176155,0.1585347827869361,0.1585347827869361,2700,"{1: 1350.0, 2: 1350.0}",0,-2700.0,0,-2921715.0,4
2020-03-20,2020-03,EV,0,HOME,AWAY,1,"(1, 2)",0.4388461134176155,0.007663659453784888,0.007663659453784888,8100,"{1: 4050.0, 2: 4050.0}",1,14985.0,0,-2906730.0,0
2020-03-21,2020-03,EV,0,HOME,AWAY,2,"(1, 2)",0.4388461134176155,-0.027003287842649715,-0.027003287842649715,100,"{1: 50.0, 2: 50.0}",1,85.0,0,-2906645.0,0
2020-03-23,2020-03,EV,0,HOME,AWAY,3,"(1, 2)",0.4388461134176155,0.029605965124665623,0.029605965124665623,100,"{1: 50.0, 2: 50.0}",0,-100.0,0,-2906745.0,1
2020-05-16,2020-05,EV,0,HOME,AWAY,2,"(1, 2)",0.4441559977217166,0.19053118519755774,0.19053118519755774,300,"{1: 150.0, 2: 150.0}",1,314.99999999999994,0,-2906430.0,0
2020-05-16,2020-05,EV,0,HOME,AWAY,4,"(1, 2)",0.4441559977217166,0.08818219441820574,0.08818219441820574,100,"{1: 50.0, 2: 50.0}",0,-100.0,0,-2906530.0,1
2020-05-18,2020-05,EV,0,HOME,AWAY,2,"(1, 2)",0.4441559977217166,0.2639134804733194,0.2639134804733194,300,"{1: 150.0, 2: 150.0}",1,345.0,0,-2906185.0,0
2020-05-23,2020-05,EV,0,HOME,AWAY,4,"(1, 2)",0.4441559977217166,0.22818788935222512,0.22818788935222512,100,"{1: 50.0, 2: 50.0}",0,-100.0,0,-2906285.0,1
2020-05-23,2020-05,EV,0,HOME,AWAY,2,"(1, 2)",0.4441559977217166,0.15190892452610405,0.15190892452610405,300,"{1: 150.0, 2: 150.0}",1,314.99999999999994,0,-2905970.0,0
2020-05-23,2020-05,EV,0,HOME,AWAY,2,"(1, 2)",0.4441559977217166,0.09928609436124858,0.09928609436124858,100,"{1: 50.0, 2: 50.0}",1,97.5,0,-2905872.5,0
2020-05-24,2020-05,EV,0,HOME,AWAY,7,"(1, 2)",0.4441559977217166,0.8741451990822868,0.8741451990822868,100,"{1: 50.0, 2: 50.0}",0,-100.0,0,-2905972.5,1
2020-05-24,2020-05,EV,0,HOME,AWAY,5,"(1, 2)",0.4441559977217166,0.3551585713096288,0.3551585713096288,300,"{1: 150.0, 2: 150.0}",0,-300.0,0,-2906272.5,2
2020-05-24,2020-05,EV,0,HOME,AWAY,5,"(1, 2)",0.4441559977217166,0.08963052919338521,0.08963052919338521,900,"{1: 450.0, 2: 450.0}",0,-900.0,0,-2907172.5,3
2020-05-27,2020-05,EV,0,HOME,AWAY,1,"(1, 2)",0.4441559977217166,0.5429593138245719,0.5429593138245719,2700,"{1: 1350.0, 2: 1350.0}",1,10800.0,0,-2896372.5,0
2020-05-27,2020-05,EV,0,HOME,AWAY,5,"(1, 2)",0.4441559977217166,0.11666611166340246,0.11666611166340246,100,"{1: 50.0, 2: 50.0}",0,-100.0,0,-2896472.5,1
2020-05-27,2020-05,EV,0,HOME,AWAY,0,"(1, 2)",0.4441559977217166,0.11038999430429142,0.11038999430429142,300,"{1: 150.0, 2: 150.0}",0,-300.0,0,-2896772.5,2
2020-05-28,2020-05,EV,0,HOME,AWAY,4,"(1, 2)",0.4441559977217166,0.3141224193462093,0.3141224193462093,900,"{1: 450.0, 2: 450.0}",0,-900.0,0,-2897672.5,3
2020-05-30,2020-05,EV,0,HOME,AWAY,1,"(1, 2)",0.4441559977217166,0.196807302556669,0.196807302556669,2700,"{1: 1350.0, 2: 1350.0}",1,6750.0,0,-2890922.5,0
2020-05-30,2020-05,EV,0,HOME,AWAY,1,"(1, 2)",0.4441559977217166,0.14225335935824068,0.14225335935824068,100,"{1: 50.0, 2: 50.0}",1,225.0,0,-2890697.5,0
2020-05-31,2020-05,EV,0,HOME,AWAY,5,"(1, 2)",0.4441559977217166,1.2787133796157635,1.2787133796157635,100,"{1: 50.0, 2: 50.0}",0,-100.0,0,-2890797.5,1
2020-06-06,2020-06,EV,0,HOME,AWAY,2,"(1, 2)",0.43086147792150103,1.0668678543822594,1.0668678543822594,300,"{1: 150.0, 2: 150.0}",1,645.0,0,-2890152.5,0
2020-06-06,2020-06,EV,0,HOME,AWAY,6,"(1, 2)",0.43086147792150103,0.621029907976856,0.621029907976856,100,"{1: 50.0, 2: 50.0}",0,-100.0,0,-2890252.5,1
2020-06-10,2020-06,EV,0,HOME,AWAY,3,"(1, 2)",0.43086147792150103,1.0882957246746123,1.0882957246746123,300,"{1: 150.0, 2: 150.0}",0,-300.0,0,-2890552.5,2
2020-06-11,2020-06,EV,0,HOME,AWAY,3,"(1, 2)",0.43086147792150103,1.3374811195260046,1.3374811195260046,900,"{1: 450.0, 2: 450.0}",0,-900.0,0,-2891452.5,3
2020-06-13,2020-06,EV,0,HOME,AWAY,2,"(1, 2)",0.43086147792150103,0.556458288090492,0.556458288090492,2700,"{1: 1350.0, 2: 1350.0}",1,4252.500000000001,0,-2887200.0,0
2020-06-14,2020-06,EV,0,HOME,AWAY,3,"(1, 2)",0.43086147792150103,0.5256413240947695,0.5256413240947695,100,"{1: 50.0, 2: 50.0}",0,-100.0,0,-2887300.0,1
2020-06-17,2020-06,EV,0,HOME,AWAY,1,"(1, 2)",0.43086147792150103,0.6333566935751449,0.6333566935751449,300,"{1: 150.0, 2: 150.0}",1,1275.0,0,-2886025.0,0
2020-06-18,2020-06,EV,0,HOME,AWAY,2,"(1, 2)",0.43086147792150103,0.608703122378567,0.608703122378567,100,"{1: 50.0, 2: 50.0}",1,160.0,0,-2885865.0,0
2020-06-18,2020-06,EV,0,HOME,AWAY,4,"(1, 2)",0.43086147792150103,0.5256413240947695,0.5256413240947695,100,"{1: 50.0, 2: 50.0}",0,-100.0,0,-2885965.0,1
2020-06-20,2020-06,EV,0,HOME,AWAY,4,"(1, 2)",0.43086147792150103,0.6671113494657863,0.6671113494657863,300,"{1: 150.0, 2: 150.0}",0,-300.0,0,-2886265.0,2
2020-06-20,2020-06,EV,0,HOME,AWAY,4,"(1, 2)",0.43086147792150103,0.608703122378567,0.608703122378567,900,"{1: 450.0, 2: 450.0}",0,-900.0,0,-2887165.0,3
2020-06-23,2020-06,EV,0,HOME,AWAY,5,"(1, 2)",0.43086147792150103,0.5749484664879252,0.5749484664879252,2700,"{1: 1350.0, 2: 1350.0}",0,-2700.0,0,-2889865.0,4
2020-06-27,2020-06,EV,0,HOME,AWAY,1,"(1, 2)",0.43086147792150103,0.8085813748368036,0.8085813748368036,8100,"{1: 4050.0, 2: 4050.0}",1,40500.0,0,-2849365.0,0
2020-06-27,2020-06,EV,0,HOME,AWAY,5,"(1, 2)",0.43086147792150103,0.6703370503700117,0.6703370503700117,100,"{1: 50.0, 2: 50.0}",0,-100.0,0,-2849465.0,1
2020-06-27,2020-06,EV,0,HOME,AWAY,4,"(1, 2)",0.43086147792150103,0.5658473817938616,0.5658473817938616,300,"{1: 150.0, 2: 150.0}",0,-300.0,0,-2849765.0,2
2020-06-27,2020-06,EV,0,HOME,AWAY,4,"(1, 2)",0.43086147792150103,0.48278558351006406,0.48278558351006406,900,"{1: 450.0, 2: 450.0}",0,-900.0,0,-2850665.0,3
2020-07-05,2020-07,EV,0,HOME,AWAY,6,"(1, 2)",0.39270429712336985,0.3779584217160208,0.3779584217160208,2700,"{1: 1350.0, 2: 1350.0}",0,-2700.0,0,-2853365.0,4
2020-07-09,2020-07,EV,0,HOME,AWAY,5,"(1, 2)",0.39270429712336985,0.27444189022480936,0.27444189022480936,8100,"{1: 4050.0, 2: 4050.0}",0,-8100.0,0,-2861465.0,5
2020-07-09,2020-07,EV,0,HOME,AWAY,2,"(1, 2)",0.39270429712336985,0.2512329859571909,0.2512329859571909,24300,"{1: 12150.0, 2: 12150.0}",1,35235.00000000001,0,-2826230.0,0
2020-07-11,2020-07,EV,0,HOME,AWAY,3,"(1, 2)",0.39270429712336985,0.21553624565630392,0.21553624565630392,100,"{1: 50.0, 2: 50.0}",0,-100.0,0,-2826330.0,1
2020-07-15,2020-07,EV,0,HOME,AWAY,7,"(1, 2)",0.39270429712336985,0.5854532535549795,0.5854532535549795,300,"{1: 150.0, 2: 150.0}",0,-300.0,0,-2826630.0,2
2020-07-15,2020-07,EV,0,HOME,AWAY,1,"(1, 2)",0.39270429712336985,0.32039792990351046,0.32039792990351046,900,"{1: 450.0, 2: 450.0}",1,3150.0,0,-2823480.0,0
2020-07-16,2020-07,EV,0,HOME,AWAY,3,"(1, 2)",0.39270429712336985,0.45292559172924474,0.45292559172924474,100,"{1: 50.0, 2: 50.0}",0,-100.0,0,-2823580.0,1
2020-07-16,2020-07,EV,0,HOME,AWAY,3,"(1, 2)",0.39270429712336985,0.45292559172924474,0.45292559172924474,300,"{1: 150.0, 2: 150.0}",0,-300.0,0,-2823880.0,2
2020-07-19,2020-07,EV,0,HOME,AWAY,7,"(1, 2)",0.39270429712336985,0.26283743809100013,0.26283743809100013,900,"{1: 450.0, 2: 450.0}",0,-900.0,0,-2824780.0,3
2020-07-22,2020-07,EV,0,HOME,AWAY,1,"(1, 2)",0.39270429712336985,0.4127717781174485,0.4127717781174485,2700,"{1: 1350.0, 2: 1350.0}",1,10125.0,0,-2814655.0,0
2020-07-25,2020-07,EV,0,HOME,AWAY,1,"(1, 2)",0.39270429712336985,0.44712336566234034,0.44712336566234034,100,"{1: 50.0, 2: 50.0}",1,400.0,0,-2814255.0,0
2020-07-26,2020-07,EV,0,HOME,AWAY,5,"(1, 2)",0.39270429712336985,0.7982885426043067,0.7982885426043067,100,"{1: 50.0, 2: 50.0}",0,-100.0,0,-2814355.0,1
2020-07-27,2020-07,EV,0,HOME,AWAY,4,"(1, 2)",0.39270429712336985,0.27444189022480936,0.27444189022480936,300,"{1: 150.0, 2: 150.0}",0,-300.0,0,-2814655.0,2
2020-07-29,2020-07,EV,0,HOME,AWAY,3,"(1, 2)",0.39270429712336985,0.23874514992392215,0.23874514992392215,900,"{1: 450.0, 2: 450.0}",0,-900.0,0,-2815555.0,3
2020-07-30,2020-07,EV,0,HOME,AWAY,2,"(1, 2)",0.39270429712336985,0.38510580053892074,0.38510580053892074,2700,"{1: 1350.0, 2: 1350.0}",1,4725.0,0,-2810830.0,0
2020-07-31,2020-07,EV,0,HOME,AWAY,4,"(1, 2)",0.39270429712336985,0.26283743809100013,0.26283743809100013,100,"{1: 50.0, 2: 50.0}",0,-100.0,0,-2810930.0,1
2020-08-02,2020-08,EV,0,HOME,AWAY,3,"(1, 2)",0.40953153683860366,0.47638467751330804,0.47638467751330804,300,"{1: 150.0, 2: 150.0}",0,-300.0,0,-2811230.0,2
2020-08-02,2020-08,EV,0,HOME,AWAY,2,"(1, 2)",0.40953153683860366,0.30824828091082734,0.30824828091082734,900,"{1: 450.0, 2: 450.0}",1,1327.5,0,-2809902.5,0
2020-08-03,2020-08,EV,0,HOME,AWAY,5,"(1, 2)",0.40953153683860366,0.7410428317945643,0.7410428317945643,100,"{1: 50.0, 2: 50.0}",0,-100.0,0,-2810002.5,1
2020-08-03,2020-08,EV,0,HOME,AWAY,7,"(1, 2)",0.40953153683860366,0.33469274432973295,0.33469274432973295,300,"{1: 150.0, 2: 150.0}",0,-300.0,0,-2810302.5,2
2020-08-03,2020-08,EV,0,HOME,AWAY,4,"(1, 2)",0.40953153683860366,0.2792309003809179,0.2792309003809179,900,"{1: 450.0, 2: 450.0}",0,-900.0,0,-2811202.5,3
2020-08-17,2020-08,EV,0,HOME,AWAY,3,"(1, 2)",0.40953153683860366,0.32275697117578206,0.32275697117578206,2700,"{1: 1350.0, 2: 1350.0}",0,-2700.0,0,-2813902.5,4
2020-08-19,2020-08,EV,0,HOME,AWAY,6,"(1, 2)",0.40953153683860366,0.7112033989096869,0.7112033989096869,8100,"{1: 4050.0, 2: 4050.0}",0,-8100.0,0,-2822002.5,5
2020-08-20,2020-08,EV,0,HOME,AWAY,3,"(1, 2)",0.40953153683860366,0.36546098961567797,0.36546098961567797,24300,"{1: 12150.0, 2: 12150.0}",0,-24300.0,0,-2846302.5,6
2020-08-23,2020-08,EV,0,HOME,AWAY,2,"(1, 2)",0.40953153683860366,0.800721697564319,0.800721697564319,72900,"{1: 36450.0, 2: 36450.0}",1,164025.0,0,-2682277.5,0
2020-08-23,2020-08,EV,0,HOME,AWAY,6,"(1, 2)",0.40953153683860366,0.7410428317945643,0.7410428317945643,100,"{1: 50.0, 2: 50.0}",0,-100.0,0,-2682377.5,1
2020-08-26,2020-08,EV,0,HOME,AWAY,5,"(1, 2)",0.40953153683860366,0.3158602721977388,0.3158602721977388,300,"{1: 150.0, 2: 150.0}",0,-300.0,0,-2682677.5,2
2020-08-29,2020-08,EV,0,HOME,AWAY,5,"(1, 2)",0.40953153683860366,0.49861211911127423,0.49861211911127423,900,"{1: 450.0, 2: 450.0}",0,-900.0,0,-2683577.5,3
2020-08-29,2020-08,EV,0,HOME,AWAY,6,"(1, 2)",0.40953153683860366,0.42513985538543286,0.42513985538543286,2700,"{1: 1350.0, 2: 1350.0}",0,-2700.0,0,-2686277.5,4
2020-08-30,2020-08,EV,0,HOME,AWAY,4,"(1, 2)",0.40953153683860366,0.42513985538543286,0.42513985538543286,8100,"{1: 4050.0, 2: 4050.0}",0,-8100.0,0,-2694377.5,5
2020-08-30,2020-08,EV,0,HOME,AWAY,7,"(1, 2)",0.40953153683860366,0.33469274432973295,0.33469274432973295,24300,"{1: 12150.0, 2: 12150.0}",0,-24300.0,0,-2718677.5,6
2020-08-31,2020-08,EV,0,HOME,AWAY,5,"(1, 2)",0.40953153683860366,0.32275697117578206,0.32275697117578206,72900,"{1: 36450.0, 2: 36450.0}",0,-72900.0,0,-2791577.5,7
2020-09-02,2020-09,EV,0,HOME,AWAY,2,"(1, 2)",0.4175288435063088,0.61188108795725,0.61188108795725,218700,"{1: 109350.0, 2: 109350.0}",1,404595.0,0,-2386982.5,0
2020-09-05,2020-09,EV,0,HOME,AWAY,4,"(1, 2)",0.4175288435063088,0.6019922469268373,0.6019922469268373,100,"{1: 50.0, 2: 50.0}",0,-100.0,0,-2387082.5,1
2020-09-07,2020-09,EV,0,HOME,AWAY,3,"(1, 2)",0.4175288435063088,0.6360538104760365,0.6360538104760365,300,"{1: 150.0, 2: 150.0}",0,-300.0,0,-2387382.5,2
2020-09-13,2020-09,EV,0,HOME,AWAY,1,"(1, 2)",0.4175288435063088,0.5558443221182454,0.5558443221182454,900,"{1: 450.0, 2: 450.0}",1,3600.0,0,-2383782.5,0
2020-09-15,2020-09,EV,0,HOME,AWAY,3,"(1, 2)",0.4175288435063088,0.7558186629554773,0.7558186629554773,100,"{1: 50.0, 2: 50.0}",0,-100.0,0,-2383882.5,1
2020-09-16,2020-09,EV,0,HOME,AWAY,3,"(1, 2)",0.4175288435063088,0.7799913854742637,0.7799913854742637,300,"{1: 150.0, 2: 150.0}",0,-300.0,0,-2384182.5,2
2020-09-18,2020-09,EV,0,HOME,AWAY,4,"(1, 2)",0.4175288435063088,0.6453932714492039,0.6453932714492039,900,"{1: 450.0, 2: 450.0}",0,-900.0,0,-2385082.5,3
2020-09-19,2020-09,EV,0,HOME,AWAY,7,"(1, 2)",0.4175288435063088,1.1782919269769927,1.1782919269769927,2700,"{1: 1350.0, 2: 1350.0}",0,-2700.0,0,-2387782.5,4
2020-09-20,2020-09,EV,0,HOME,AWAY,3,"(1, 2)",0.4175288435063088,1.3128900410020528,1.3128900410020528,8100,"{1: 4050.0, 2: 4050.0}",0,-8100.0,0,-2395882.5,5
2020-09-24,2020-09,EV,0,HOME,AWAY,6,"(1, 2)",0.4175288435063088,0.7679050242148706,0.7679050242148706,24300,"{1: 12150.0, 2: 12150.0}",0,-24300.0,0,-2420182.5,6
2020-09-25,2020-09,EV,0,HOME,AWAY,5,"(1, 2)",0.4175288435063088,0.5316715995994592,0.5316715995994592,72900,"{1: 36450.0, 2: 36450.0}",0,-72900.0,0,-2493082.5,7
2020-09-27,2020-09,EV,0,HOME,AWAY,5,"(1, 2)",0.4175288435063088,1.0162248100896756,1.0162248100896756,218700,"{1: 109350.0, 2: 109350.0}",0,-218700.0,1,-2711782.5,0
2020-09-27,2020-09,EV,0,HOME,AWAY,1,"(1, 2)",0.4175288435063088,0.5437579608588523,0.5437579608588523,100,"{1: 50.0, 2: 50.0}",1,400.0,0,-2711382.5,0
2020-09-27,2020-09,EV,0,HOME,AWAY,4,"(1, 2)",0.4175288435063088,0.5360666400574203,0.5360666400574203,100,"{1: 50.0, 2: 50.0}",0,-100.0,0,-2711482.5,1
2020-09-28,2020-09,EV,0,HOME,AWAY,3,"(1, 2)",0.4175288435063088,0.9283240009304525,0.9283240009304525,300,"{1: 150.0, 2: 150.0}",0,-300.0,0,-2711782.5,2
2020-09-29,2020-09,EV,0,HOME,AWAY,3,"(1, 2)",0.4175288435063088,0.7860345661039603,0.7860345661039603,900,"{1: 450.0, 2: 450.0}",0,-900.0,0,-2712682.5,3
2020-10-06,2020-10,EV,0,HOME,AWAY,3,"(1, 2)",0.4352997864685718,0.655543381440149,0.655543381440149,2700,"{1: 1350.0, 2: 1350.0}",0,-2700.0,0,-2715382.5,4
2020-10-08,2020-10,EV,0,HOME,AWAY,6,"(1, 2)",0.4352997864685718,0.6073327599280383,0.6073327599280383,8100,"{1: 4050.0, 2: 4050.0}",0,-8100.0,0,-2723482.5,5
2020-10-10,2020-10,EV,0,HOME,AWAY,1,"(1, 2)",0.4352997864685718,0.6775424029068402,0.6775424029068402,24300,"{1: 12150.0, 2: 12150.0}",1,103275.0,0,-2620207.5,0
2020-10-10,2020-10,EV,0,HOME,AWAY,5,"(1, 2)",0.4352997864685718,0.655543381440149,0.655543381440149,100,"{1: 50.0, 2: 50.0}",0,-100.0,0,-2620307.5,1
2020-10-11,2020-10,EV,0,HOME,AWAY,5,"(1, 2)",0.4352997864685718,1.0852263964704165,1.0852263964704165,300,"{1: 150.0, 2: 150.0}",0,-300.0,0,-2620607.5,2
2020-10-17,2020-10,EV,0,HOME,AWAY,5,"(1, 2)",0.4352997864685718,0.6431396778472274,0.6431396778472274,900,"{1: 450.0, 2: 450.0}",0,-900.0,0,-2621507.5,3
2020-10-17,2020-10,EV,0,HOME,AWAY,2,"(1, 2)",0.4352997864685718,0.5839295456017708,0.5839295456017708,2700,"{1: 1350.0, 2: 1350.0}",1,4859.999999999999,0,-2616647.5,0
2020-10-18,2020-10,EV,0,HOME,AWAY,6,"(1, 2)",0.4352997864685718,0.7491562387452182,0.7491562387452182,100,"{1: 50.0, 2: 50.0}",0,-100.0,0,-2616747.5,1
2020-10-18,2020-10,EV,0,HOME,AWAY,6,"(1, 2)",0.4352997864685718,0.6183322706613839,0.6183322706613839,300,"{1: 150.0, 2: 150.0}",0,-300.0,0,-2617047.5,2
2020-10-20,2020-10,EV,0,HOME,AWAY,5,"(1, 2)",0.4352997864685718,0.6307359742543055,0.6307359742543055,900,"{1: 450.0, 2: 450.0}",0,-900.0,0,-2617947.5,3
2020-10-24,2020-10,EV,0,HOME,AWAY,5,"(1, 2)",0.4352997864685718,1.3660649683856243,1.3660649683856243,2700,"{1: 1350.0, 2: 1350.0}",0,-2700.0,0,-2620647.5,4
2020-10-24,2020-10,EV,0,HOME,AWAY,7,"(1, 2)",0.4352997864685718,0.6183322706613839,0.6183322706613839,8100,"{1: 4050.0, 2: 4050.0}",0,-8100.0,0,-2628747.5,5
2020-10-25,2020-10,EV,0,HOME,AWAY,4,"(1, 2)",0.4352997864685718,1.038419967817882,1.038419967817882,24300,"{1: 12150.0, 2: 12150.0}",0,-24300.0,0,-2653047.5,6
2020-10-26,2020-10,EV,0,HOME,AWAY,2,"(1, 2)",0.4352997864685718,0.6307359742543055,0.6307359742543055,72900,"{1: 36450.0, 2: 36450.0}",1,131220.0,0,-2521827.5,0
2020-10-28,2020-10,EV,0,HOME,AWAY,2,"(1, 2)",0.4352997864685718,0.6713405511103794,0.6713405511103794,100,"{1: 50.0, 2: 50.0}",1,177.5,0,-2521650.0,0
2020-10-28,2020-10,EV,0,HOME,AWAY,3,"(1, 2)",0.4352997864685718,0.6589368475174577,0.6589368475174577,100,"{1: 50.0, 2: 50.0}",0,-100.0,0,-2521750.0,1
2020-11-01,2020-11,EV,0,HOME,AWAY,2,"(1, 2)",0.4538498770436481,0.5594661231662603,0.5594661231662603,300,"{1: 150.0, 2: 150.0}",1,480.0,0,-2521270.0,0
2020-11-03,2020-11,EV,0,HOME,AWAY,2,"(1, 2)",0.4538498770436481,0.5594661231662603,0.5594661231662603,100,"{1: 50.0, 2: 50.0}",1,160.0,0,-2521110.0,0
2020-11-04,2020-11,EV,0,HOME,AWAY,7,"(1, 2)",0.4538498770436481,1.1240823315873927,1.1240823315873927,100,"{1: 50.0, 2: 50.0}",0,-100.0,0,-2521210.0,1
2020-11-07,2020-11,EV,0,HOME,AWAY,5,"(1, 2)",0.4538498770436481,1.111375533599757,1.111375533599757,300,"{1: 150.0, 2: 150.0}",0,-300.0,0,-2521510.0,2
2020-11-08,2020-11,EV,0,HOME,AWAY,3,"(1, 2)",0.4538498770436481,0.6221014004766294,0.6221014004766294,900,"{1: 450.0, 2: 450.0}",0,-900.0,0,-2522410.0,3
2020-11-09,2020-11,EV,0,HOME,AWAY,7,"(1, 2)",0.4538498770436481,0.8608344243582802,0.8608344243582802,2700,"{1: 1350.0, 2: 1350.0}",0,-2700.0,0,-2525110.0,4
2020-11-09,2020-11,EV,0,HOME,AWAY,2,"(1, 2)",0.4538498770436481,0.7727855510726396,0.7727855510726396,8100,"{1: 4050.0, 2: 4050.0}",1,14985.0,0,-2510125.0,0
2020-11-14,2020-11,EV,0,HOME,AWAY,2,"(1, 2)",0.4538498770436481,0.7727855510726396,0.7727855510726396,100,"{1: 50.0, 2: 50.0}",1,185.0,0,-2509940.0,0
2020-11-18,2020-11,EV,0,HOME,AWAY,4,"(1, 2)",0.4538498770436481,0.71015027376227,0.71015027376227,100,"{1: 50.0, 2: 50.0}",0,-100.0,0,-2510040.0,1
2020-11-21,2020-11,EV,0,HOME,AWAY,2,"(1, 2)",0.4538498770436481,1.2248380028606691,1.2248380028606691,300,"{1: 150.0, 2: 150.0}",1,735.0,0,-2509305.0,0
2020-11-22,2020-11,EV,0,HOME,AWAY,5,"(1, 2)",0.4538498770436481,1.1876163215255713,1.1876163215255713,100,"{1: 50.0, 2: 50.0}",0,-100.0,0,-2509405.0,1
2020-11-24,2020-11,EV,0,HOME,AWAY,2,"(1, 2)",0.4538498770436481,0.7727855510726396,0.7727855510726396,300,"{1: 150.0, 2: 150.0}",1,555.0,0,-2508850.0,0
2020-11-25,2020-11,EV,0,HOME,AWAY,3,"(1, 2)",0.4538498770436481,0.6093946024889938,0.6093946024889938,100,"{1: 50.0, 2: 50.0}",0,-100.0,0,-2508950.0,1
2020-11-26,2020-11,EV,0,HOME,AWAY,4,"(1, 2)",0.4538498770436481,1.4871871974619726,1.4871871974619726,300,"{1: 150.0, 2: 150.0}",0,-300.0,0,-2509250.0,2
2020-11-28,2020-11,EV,0,HOME,AWAY,4,"(1, 2)",0.4538498770436481,0.9924583779728364,0.9924583779728364,900,"{1: 450.0, 2: 450.0}",0,-900.0,0,-2510150.0,3
2020-11-29,2020-11,EV,0,HOME,AWAY,5,"(1, 2)",0.4538498770436481,0.8608344243582802,0.8608344243582802,2700,"{1: 1350.0, 2: 1350.0}",0,-2700.0,0,-2512850.0,4
2020-12-02,2020-12,EV,0,HOME,AWAY,2,"(1, 2)",0.4591082811311834,0.5864784083440933,0.5864784083440933,8100,"{1: 4050.0, 2: 4050.0}",1,13162.5,0,-2499687.5,0
2020-12-05,2020-12,EV,0,HOME,AWAY,2,"(1, 2)",0.4591082811311834,0.6438669434854911,0.6438669434854911,100,"{1: 50.0, 2: 50.0}",1,175.0,0,-2499512.5,0
2020-12-06,2020-12,EV,0,HOME,AWAY,3,"(1, 2)",0.4591082811311834,0.7457045832535711,0.7457045832535711,100,"{1: 50.0, 2: 50.0}",0,-100.0,0,-2499612.5,1
2020-12-06,2020-12,EV,0,HOME,AWAY,6,"(1, 2)",0.4591082811311834,0.6056587626139427,0.6056587626139427,300,"{1: 150.0, 2: 150.0}",0,-300.0,0,-2499912.5,2
2020-12-09,2020-12,EV,0,HOME,AWAY,6,"(1, 2)",0.4591082811311834,0.8857504038931994,0.8857504038931994,900,"{1: 450.0, 2: 450.0}",0,-900.0,0,-2500812.5,3
2020-12-12,2020-12,EV,0,HOME,AWAY,2,"(1, 2)",0.4591082811311834,0.8349078478432344,0.8349078478432344,2700,"{1: 1350.0, 2: 1350.0}",1,5400.0,0,-2495412.5,0
2020-12-13,2020-12,EV,0,HOME,AWAY,4,"(1, 2)",0.4591082811311834,1.2678322126086856,1.2678322126086856,100,"{1: 50.0, 2: 50.0}",0,-100.0,0,-2495512.5,1
2020-12-13,2020-12,EV,0,HOME,AWAY,2,"(1, 2)",0.4591082811311834,0.5928718597673763,0.5928718597673763,300,"{1: 150.0, 2: 150.0}",1,495.0,0,-2495017.5,0
2020-12-16,2020-12,EV,0,HOME,AWAY,2,"(1, 2)",0.4591082811311834,0.6565013186639077,0.6565013186639077,100,"{1: 50.0, 2: 50.0}",1,170.00000000000003,0,-2494847.5,0
2020-12-17,2020-12,EV,0,HOME,AWAY,3,"(1, 2)",0.4591082811311834,0.68192259668889,0.68192259668889,100,"{1: 50.0, 2: 50.0}",0,-100.0,0,-2494947.5,1
2020-12-20,2020-12,EV,0,HOME,AWAY,6,"(1, 2)",0.4591082811311834,1.318674768658651,1.318674768658651,300,"{1: 150.0, 2: 150.0}",0,-300.0,0,-2495247.5,2
2020-12-20,2020-12,EV,0,HOME,AWAY,1,"(1, 2)",0.4591082811311834,0.6271524531840653,0.6271524531840653,900,"{1: 450.0, 2: 450.0}",1,3330.0,0,-2491917.5,0
2020-12-23,2020-12,EV,0,HOME,AWAY,2,"(1, 2)",0.4591082811311834,0.7965471393035357,0.7965471393035357,100,"{1: 50.0, 2: 50.0}",1,185.0,0,-2491732.5,0
2020-12-23,2020-12,EV,0,HOME,AWAY,5,"(1, 2)",0.4591082811311834,0.7457045832535711,0.7457045832535711,100,"{1: 50.0, 2: 50.0}",0,-100.0,0,-2491832.5,1
2020-12-24,2020-12,EV,0,HOME,AWAY,2,"(1, 2)",0.4591082811311834,1.0513700302259599,1.0513700302259599,300,"{1: 150.0, 2: 150.0}",1,675.0,0,-2491157.5,0
2020-12-27,2020-12,EV,0,HOME,AWAY,2,"(1, 2)",0.4591082811311834,0.7709733336104034,0.7709733336104034,100,"{1: 50.0, 2: 50.0}",1,175.0,0,-2490982.5,0
2021-01-04,2021-01,EV,0,HOME,AWAY,7,"(1, 2)",0.451212309019452,1.2718935559400473,1.2718935559400473,100,"{1: 50.0, 2: 50.0}",0,-100.0,0,-2491082.5,1
2021-01-09,2021-01,EV,0,HOME,AWAY,5,"(1, 2)",0.451212309019452,0.5871590869894758,0.5871590869894758,300,"{1: 150.0, 2: 150.0}",0,-300.0,0,-2491382.5,2
2021-01-10,2021-01,EV,0,HOME,AWAY,3,"(1, 2)",0.451212309019452,0.598637294850497,0.598637294850497,900,"{1: 450.0, 2: 450.0}",0,-900.0,0,-2492282.5,3
2021-01-10,2021-01,EV,0,HOME,AWAY,3,"(1, 2)",0.451212309019452,0.5744934783152456,0.5744934783152456,2700,"{1: 1350.0, 2: 1350.0}",0,-2700.0,0,-2494982.5,4
2021-01-14,2021-01,EV,0,HOME,AWAY,4,"(1, 2)",0.451212309019452,0.9473373336628979,0.9473373336628979,8100,"{1: 4050.0, 2: 4050.0}",0,-8100.0,0,-2503082.5,5
2021-01-15,2021-01,EV,0,HOME,AWAY,4,"(1, 2)",0.451212309019452,0.6366341208731876,0.6366341208731876,24300,"{1: 12150.0, 2: 12150.0}",0,-24300.0,0,-2527382.5,6
2021-01-15,2021-01,EV,0,HOME,AWAY,4,"(1, 2)",0.451212309019452,0.549162260966785,0.549162260966785,72900,"{1: 36450.0, 2: 36450.0}",0,-72900.0,0,-2600282.5,7
2021-01-17,2021-01,EV,0,HOME,AWAY,3,"(1, 2)",0.451212309019452,0.72410598077959,0.72410598077959,218700,"{1: 109350.0, 2: 109350.0}",0,-218700.0,1,-2818982.5,0
2021-01-17,2021-01,EV,0,HOME,AWAY,3,"(1, 2)",0.451212309019452,0.5992309952571013,0.5992309952571013,100,"{1: 50.0, 2: 50.0}",0,-100.0,0,-2819082.5,1
2021-01-21,2021-01,EV,0,HOME,AWAY,1,"(1, 2)",0.451212309019452,0.7114403721053599,0.7114403721053599,300,"{1: 150.0, 2: 150.0}",1,1200.0,0,-2817882.5,0
2021-01-23,2021-01,EV,0,HOME,AWAY,4,"(1, 2)",0.451212309019452,0.6239685121989573,0.6239685121989573,100,"{1: 50.0, 2: 50.0}",0,-100.0,0,-2817982.5,1
2021-01-23,2021-01,EV,0,HOME,AWAY,3,"(1, 2)",0.451212309019452,0.5618278696410153,0.5618278696410153,300,"{1: 150.0, 2: 150.0}",0,-300.0,0,-2818282.5,2
2021-01-24,2021-01,EV,0,HOME,AWAY,3,"(1, 2)",0.451212309019452,1.0169981813711644,1.0169981813711644,900,"{1: 450.0, 2: 450.0}",0,-900.0,0,-2819182.5,3
2021-01-24,2021-01,EV,0,HOME,AWAY,4,"(1, 2)",0.451212309019452,0.7482497973148414,0.7482497973148414,2700,"{1: 1350.0, 2: 1350.0}",0,-2700.0,0,-2821882.5,4
2021-01-29,2021-01,EV,0,HOME,AWAY,4,"(1, 2)",0.451212309019452,1.0739934204052002,1.0739934204052002,8100,"{1: 4050.0, 2: 4050.0}",0,-8100.0,0,-2829982.5,5
2021-01-30,2021-01,EV,0,HOME,AWAY,5,"(1, 2)",0.451212309019452,1.1729434881726237,1.1729434881726237,24300,"{1: 12150.0, 2: 12150.0}",0,-24300.0,0,-2854282.5,6
2021-02-01,2021-02,EV,0,HOME,AWAY,2,"(1, 2)",0.4042070302478841,0.48854998315380116,0.48854998315380116,72900,"{1: 36450.0, 2: 36450.0}",1,127575.0,0,-2726707.5,0
2021-02-03,2021-02,EV,0,HOME,AWAY,4,"(1, 2)",0.4042070302478841,0.36336099230889296,0.36336099230889296,100,"{1: 50.0, 2: 50.0}",0,-100.0,0,-2726807.5,1
2021-02-04,2021-02,EV,0,HOME,AWAY,3,"(1, 2)",0.4042070302478841,0.6729039926748892,0.6729039926748892,300,"{1: 150.0, 2: 150.0}",0,-300.0,0,-2727107.5,2
2021-02-06,2021-02,EV,0,HOME,AWAY,1,"(1, 2)",0.4042070302478841,0.37519399604412906,0.37519399604412906,900,"{1: 450.0, 2: 450.0}",1,3150.0,0,-2723957.5,0
2021-02-06,2021-02,EV,0,HOME,AWAY,2,"(1, 2)",0.4042070302478841,0.2741422384821579,0.2741422384821579,100,"{1: 50.0, 2: 50.0}",1,137.5,0,-2723820.0,0
2021-02-20,2021-02,EV,0,HOME,AWAY,3,"(1, 2)",0.4042070302478841,0.4944664850214191,0.4944664850214191,100,"{1: 50.0, 2: 50.0}",0,-100.0,0,-2723920.0,1
2021-02-21,2021-02,EV,0,HOME,AWAY,2,"(1, 2)",0.4042070302478841,0.32739075529072004,0.32739075529072004,300,"{1: 150.0, 2: 150.0}",1,480.0,0,-2723440.0,0
2021-02-21,2021-02,EV,0,HOME,AWAY,4,"(1, 2)",0.4042070302478841,0.20858949212589506,0.20858949212589506,100,"{1: 50.0, 2: 50.0}",0,-100.0,0,-2723540.0,1
2021-02-23,2021-02,EV,0,HOME,AWAY,4,"(1, 2)",0.4042070302478841,0.30372474782024805,0.30372474782024805,300,"{1: 150.0, 2: 150.0}",0,-300.0,0,-2723840.0,2
2021-02-25,2021-02,EV,0,HOME,AWAY,3,"(1, 2)",0.4042070302478841,0.36016712846885146,0.36016712846885146,900,"{1: 450.0, 2: 450.0}",0,-900.0,0,-2724740.0,3
2021-02-26,2021-02,EV,0,HOME,AWAY,2,"(1, 2)",0.4042070302478841,0.3929435016469831,0.3929435016469831,2700,"{1: 1350.0, 2: 1350.0}",1,4590.000000000001,0,-2720150.0,0
2021-02-26,2021-02,EV,0,HOME,AWAY,2,"(1, 2)",0.4042070302478841,0.23817200146398498,0.23817200146398498,100,"{1: 50.0, 2: 50.0}",1,140.0,0,-2720010.0,0
2021-02-27,2021-02,EV,0,HOME,AWAY,6,"(1, 2)",0.4042070302478841,0.4584962480032462,0.4584962480032462,100,"{1: 50.0, 2: 50.0}",0,-100.0,0,-2720110.0,1
2021-02-27,2021-02,EV,0,HOME,AWAY,3,"(1, 2)",0.4042070302478841,0.25000500519922086,0.25000500519922086,300,"{1: 150.0, 2: 150.0}",0,-300.0,0,-2720410.0,2
2021-02-28,2021-02,EV,0,HOME,AWAY,2,"(3, 4)",0.380246179404474,0.27723716671759213,0.27723716671759213,900,"{3: 450.0, 4: 450.0}",0,-900.0,0,-2721310.0,3
2021-02-28,2021-02,EV,0,HOME,AWAY,4,"(1, 2)",0.4042070302478841,0.19675648839065896,0.19675648839065896,2700,"{1: 1350.0, 2: 1350.0}",0,-2700.0,0,-2724010.0,4
2021-03-03,2021-03,EV,0,HOME,AWAY,1,"(1, 2)",0.4468056497752383,0.38417174469083637,0.38417174469083637,8100,"{1: 4050.0, 2: 4050.0}",1,24300.0,0,-2699710.0,0
2021-03-04,2021-03,EV,0,HOME,AWAY,6,"(1, 2)",0.4468056497752383,0.4148317725121089,0.4148317725121089,100,"{1: 50.0, 2: 50.0}",0,-100.0,0,-2699810.0,1
2021-03-06,2021-03,EV,0,HOME,AWAY,6,"(1, 2)",0.4468056497752383,0.4580871395336974,0.4580871395336974,300,"{1: 150.0, 2: 150.0}",0,-300.0,0,-2700110.0,2
2021-03-06,2021-03,EV,0,HOME,AWAY,4,"(1, 2)",0.4468056497752383,0.358981066290204,0.358981066290204,900,"{1: 450.0, 2: 450.0}",0,-900.0,0,-2701010.0,3
2021-03-07,2021-03,EV,0,HOME,AWAY,6,"(1, 2)",0.4468056497752383,0.6861309936624389,0.6861309936624389,2700,"{1: 1350.0, 2: 1350.0}",0,-2700.0,0,-2703710.0,4
2021-03-07,2021-03,EV,0,HOME,AWAY,4,"(1, 2)",0.4468056497752383,0.3778740750906784,0.3778740750906784,8100,"{1: 4050.0, 2: 4050.0}",0,-8100.0,0,-2711810.0,5
2021-03-11,2021-03,EV,0,HOME,AWAY,2,"(1, 2)",0.4468056497752383,0.5383002039767169,0.5383002039767169,24300,"{1: 12150.0, 2: 12150.0}",1,39487.5,0,-2672322.5,0
2021-03-13,2021-03,EV,0,HOME,AWAY,4,"(1, 2)",0.4468056497752383,0.4832778179343298,0.4832778179343298,100,"{1: 50.0, 2: 50.0}",0,-100.0,0,-2672422.5,1
2021-03-13,2021-03,EV,0,HOME,AWAY,5,"(1, 2)",0.4468056497752383,0.352683396690046,0.352683396690046,300,"{1: 150.0, 2: 150.0}",0,-300.0,0,-2672722.5,2
2021-03-14,2021-03,EV,0,HOME,AWAY,2,"(1, 2)",0.4468056497752383,0.6059179292194199,0.6059179292194199,900,"{1: 450.0, 2: 450.0}",1,1530.0000000000002,0,-2671192.5,0
2021-03-16,2021-03,EV,0,HOME,AWAY,5,"(1, 2)",0.4468056497752383,0.3715764054905204,0.3715764054905204,100,"{1: 50.0, 2: 50.0}",0,-100.0,0,-2671292.5,1
2021-03-20,2021-03,EV,0,HOME,AWAY,4,"(1, 2)",0.4468056497752383,1.0510669386356222,1.0510669386356222,300,"{1: 150.0, 2: 150.0}",0,-300.0,0,-2671592.5,2
2021-03-22,2021-03,EV,0,HOME,AWAY,5,"(1, 2)",0.4468056497752383,1.887670319948691,1.887670319948691,900,"{1: 450.0, 2: 450.0}",0,-900.0,0,-2672492.5,3
2021-03-23,2021-03,EV,0,HOME,AWAY,3,"(1, 2)",0.4468056497752383,0.347810925045823,0.347810925045823,2700,"{1: 1350.0, 2: 1350.0}",0,-2700.0,0,-2675192.5,4
2021-03-26,2021-03,EV,0,HOME,AWAY,3,"(1, 2)",0.4468056497752383,0.358981066290204,0.358981066290204,8100,"{1: 4050.0, 2: 4050.0}",0,-8100.0,0,-2683292.5,5
2021-03-29,2021-03,EV,0,HOME,AWAY,1,"(1, 2)",0.4468056497752383,0.38417174469083637,0.38417174469083637,24300,"{1: 12150.0, 2: 12150.0}",1,72900.0,0,-2610392.5,0
2021-04-05,2021-04,EV,0,HOME,AWAY,7,"(1, 2)",0.4468056497752383,0.43289646113306524,0.43289646113306524,100,"{1: 50.0, 2: 50.0}",0,-100.0,0,-2610492.5,1
2021-04-10,2021-04,EV,0,HOME,AWAY,7,"(1, 2)",0.4468056497752383,0.5194071951762425,0.5194071951762425,300,"{1: 150.0, 2: 150.0}",0,-300.0,0,-2610792.5,2
2021-04-10,2021-04,EV,0,HOME,AWAY,6,"(1, 2)",0.4468056497752383,0.358981066290204,0.358981066290204,900,"{1: 450.0, 2: 450.0}",0,-900.0,0,-2611692.5,3
2021-04-11,2021-04,EV,0,HOME,AWAY,1,"(1, 2)",0.4468056497752383,0.7789393973057743,0.7789393973057743,2700,"{1: 1350.0, 2: 1350.0}",1,11475.0,0,-2600217.5,0
2021-04-11,2021-04,EV,0,HOME,AWAY,2,"(1, 2)",0.4468056497752383,0.4706824787340138,0.4706824787340138,100,"{1: 50.0, 2: 50.0}",1,154.99999999999997,0,-2600062.5,0
2021-04-14,2021-04,EV,0,HOME,AWAY,1,"(1, 2)",0.4468056497752383,0.43289646113306524,0.43289646113306524,100,"{1: 50.0, 2: 50.0}",1,325.0,0,-2599737.5,0
2021-04-17,2021-04,EV,0,HOME,AWAY,5,"(1, 2)",0.4468056497752383,0.827664113748003,0.827664113748003,100,"{1: 50.0, 2: 50.0}",0,-100.0,0,-2599837.5,1
2021-04-21,2021-04,EV,0,HOME,AWAY,2,"(1, 2)",0.4468056497752383,0.5681319116184713,0.5681319116184713,300,"{1: 150.0, 2: 150.0}",1,465.0,0,-2599372.5,0
2021-04-22,2021-04,EV,0,HOME,AWAY,5,"(1, 2)",0.4468056497752383,0.346385727089888,0.346385727089888,100,"{1: 50.0, 2: 50.0}",0,-100.0,0,-2599472.5,1
2021-04-24,2021-04,EV,0,HOME,AWAY,3,"(1, 2)",0.4468056497752383,0.4580871395336974,0.4580871395336974,300,"{1: 150.0, 2: 150.0}",0,-300.0,0,-2599772.5,2
2021-04-24,2021-04,EV,0,HOME,AWAY,5,"(1, 2)",0.4468056497752383,0.38417174469083637,0.38417174469083637,900,"{1: 450.0, 2: 450.0}",0,-900.0,0,-2600672.5,3
2021-04-24,2021-04,EV,0,HOME,AWAY,6,"(1, 2)",0.4468056497752383,0.3228516890482913,0.3228516890482913,2700,"{1: 1350.0, 2: 1350.0}",0,-2700.0,0,-2603372.5,4
2021-04-24,2021-04,EV,0,HOME,AWAY,7,"(1, 2)",0.4468056497752383,0.3102563498479751,0.3102563498479751,8100,"{1: 4050.0, 2: 4050.0}",0,-8100.0,0,-2611472.5,5
2021-04-24,2021-04,EV,0,HOME,AWAY,1,"(1, 2)",0.4468056497752383,0.3102563498479751,0.3102563498479751,24300,"{1: 12150.0, 2: 12150.0}",1,66825.0,0,-2544647.5,0
2021-04-25,2021-04,EV,0,HOME,AWAY,2,"(1, 2)",0.4468056497752383,0.3220233688687735,0.3220233688687735,100,"{1: 50.0, 2: 50.0}",1,125.0,0,-2544522.5,0
2021-04-30,2021-04,EV,0,HOME,AWAY,3,"(1, 2)",0.4468056497752383,0.4832778179343298,0.4832778179343298,100,"{1: 50.0, 2: 50.0}",0,-100.0,0,-2544622.5,1
2021-05-01,2021-05,EV,0,HOME,AWAY,3,"(1, 2)",0.44327194070015563,0.7253674447545633,0.7253674447545633,300,"{1: 150.0, 2: 150.0}",0,-300.0,0,-2544922.5,2
2021-05-02,2021-05,EV,0,HOME,AWAY,4,"(1, 2)",0.44327194070015563,0.6647003132396287,0.6647003132396287,900,"{1: 450.0, 2: 450.0}",0,-900.0,0,-2545822.5,3
2021-05-02,2021-05,EV,0,HOME,AWAY,4,"(1, 2)",0.44327194070015563,0.5182906233797078,0.5182906233797078,2700,"{1: 1350.0, 2: 1350.0}",0,-2700.0,0,-2548522.5,4
2021-05-03,2021-05,EV,0,HOME,AWAY,5,"(1, 2)",0.44327194070015563,0.4450857784497473,0.4450857784497473,8100,"{1: 4050.0, 2: 4050.0}",0,-8100.0,0,-2556622.5,5
2021-05-12,2021-05,EV,0,HOME,AWAY,6,"(1, 2)",0.44327194070015563,0.8592394211994583,0.8592394211994583,24300,"{1: 12150.0, 2: 12150.0}",0,-24300.0,0,-2580922.5,6
2021-05-12,2021-05,EV,0,HOME,AWAY,4,"(1, 2)",0.44327194070015563,0.45762349186477325,0.45762349186477325,72900,"{1: 36450.0, 2: 36450.0}",0,-72900.0,0,-2653822.5,7
2021-05-16,2021-05,EV,0,HOME,AWAY,4,"(1, 2)",0.44327194070015563,0.5664200414796161,0.5664200414796161,218700,"{1: 109350.0, 2: 109350.0}",0,-218700.0,1,-2872522.5,0
2021-05-17,2021-05,EV,0,HOME,AWAY,3,"(1, 2)",0.44327194070015563,0.6521625998246028,0.6521625998246028,100,"{1: 50.0, 2: 50.0}",0,-100.0,0,-2872622.5,1
2021-05-19,2021-05,EV,0,HOME,AWAY,2,"(1, 2)",0.44327194070015563,0.4450857784497473,0.4450857784497473,300,"{1: 150.0, 2: 150.0}",1,450.0,0,-2872172.5,0
2021-05-22,2021-05,EV,0,HOME,AWAY,7,"(1, 2)",0.44327194070015563,1.7356761247987889,1.7356761247987889,100,"{1: 50.0, 2: 50.0}",0,-100.0,0,-2872272.5,1
2021-05-22,2021-05,EV,0,HOME,AWAY,4,"(1, 2)",0.44327194070015563,0.6165708951397204,0.6165708951397204,300,"{1: 150.0, 2: 150.0}",0,-300.0,0,-2872572.5,2
2021-05-22,2021-05,EV,0,HOME,AWAY,4,"(1, 2)",0.44327194070015563,0.47016120527979943,0.47016120527979943,900,"{1: 450.0, 2: 450.0}",0,-900.0,0,-2873472.5,3
2021-05-23,2021-05,EV,0,HOME,AWAY,2,"(1, 2)",0.44327194070015563,0.5674307592597141,0.5674307592597141,2700,"{1: 1350.0, 2: 1350.0}",1,4590.000000000001,0,-2868882.5,0
2021-05-24,2021-05,EV,0,HOME,AWAY,5,"(1, 2)",0.44327194070015563,0.7253674447545633,0.7253674447545633,100,"{1: 50.0, 2: 50.0}",0,-100.0,0,-2868982.5,1
2021-05-24,2021-05,EV,0,HOME,AWAY,2,"(1, 2)",0.44327194070015563,0.6165708951397204,0.6165708951397204,300,"{1: 150.0, 2: 150.0}",1,540.0,0,-2868442.5,0
2021-05-30,2021-05,EV,0,HOME,AWAY,7,"(1, 2)",0.44327194070015563,5.839190311996972,5.839190311996972,100,"{1: 50.0, 2: 50.0}",0,-100.0,0,-2868542.5,1
2021-06-02,2021-06,EV,0,HOME,AWAY,2,"(1, 2)",0.42730772257440347,0.1644476740250398,0.1644476740250398,300,"{1: 150.0, 2: 150.0}",1,345.0,0,-2868197.5,0
2021-06-04,2021-06,EV,0,HOME,AWAY,4,"(1, 2)",0.42730772257440347,0.155346338080963,0.155346338080963,100,"{1: 50.0, 2: 50.0}",0,-100.0,0,-2868297.5,1
2021-06-06,2021-06,EV,0,HOME,AWAY,2,"(1, 2)",0.42730772257440347,0.25901055448399735,0.25901055448399735,300,"{1: 150.0, 2: 150.0}",1,405.0,0,-2867892.5,0
2021-06-06,2021-06,EV,0,HOME,AWAY,3,"(1, 2)",0.42730772257440347,0.17057969911736137,0.17057969911736137,100,"{1: 50.0, 2: 50.0}",0,-100.0,0,-2867992.5,1
2021-06-08,2021-06,EV,0,HOME,AWAY,2,"(1, 2)",0.42730772257440347,0.22221840393006698,0.22221840393006698,300,"{1: 150.0, 2: 150.0}",1,360.00000000000006,0,-2867632.5,0
2021-06-08,2021-06,EV,0,HOME,AWAY,4,"(1, 2)",0.42730772257440347,0.1767117242096834,0.1767117242096834,100,"{1: 50.0, 2: 50.0}",0,-100.0,0,-2867732.5,1
2021-06-09,2021-06,EV,0,HOME,AWAY,3,"(1, 2)",0.42730772257440347,0.1994650640698752,0.1994650640698752,300,"{1: 150.0, 2: 150.0}",0,-300.0,0,-2868032.5,2
2021-06-12,2021-06,EV,0,HOME,AWAY,5,"(1, 2)",0.42730772257440347,1.8627114545100412,1.8627114545100412,900,"{1: 450.0, 2: 450.0}",0,-900.0,0,-2868932.5,3
2021-06-12,2021-06,EV,0,HOME,AWAY,3,"(1, 2)",0.42730772257440347,0.6240310091911254,0.6240310091911254,2700,"{1: 1350.0, 2: 1350.0}",0,-2700.0,0,-2871632.5,4
2021-06-12,2021-06,EV,0,HOME,AWAY,1,"(1, 2)",0.42730772257440347,0.28315184807566096,0.28315184807566096,8100,"{1: 4050.0, 2: 4050.0}",1,23895.0,0,-2847737.5,0
2021-06-12,2021-06,EV,0,HOME,AWAY,1,"(1, 2)",0.42730772257440347,0.17216105623764477,0.17216105623764477,100,"{1: 50.0, 2: 50.0}",1,247.5,0,-2847490.0,0
2021-06-17,2021-06,EV,0,HOME,AWAY,7,"(1, 2)",0.42730772257440347,0.1767117242096834,0.1767117242096834,100,"{1: 50.0, 2: 50.0}",0,-100.0,0,-2847590.0,1
2021-06-21,2021-06,EV,0,HOME,AWAY,3,"(1, 2)",0.42730772257440347,0.21172911425451857,0.21172911425451857,300,"{1: 150.0, 2: 150.0}",0,-300.0,0,-2847890.0,2
2021-06-24,2021-06,EV,0,HOME,AWAY,4,"(1, 2)",0.42730772257440347,0.1767117242096834,0.1767117242096834,900,"{1: 450.0, 2: 450.0}",0,-900.0,0,-2848790.0,3
2021-06-25,2021-06,EV,0,HOME,AWAY,2,"(1, 2)",0.42730772257440347,0.19491439609783678,0.19491439609783678,2700,"{1: 1350.0, 2: 1350.0}",1,3240.000000000001,0,-2845550.0,0
2021-06-28,2021-06,EV,0,HOME,AWAY,5,"(1, 2)",0.42730772257440347,0.2940279445288325,0.2940279445288325,100,"{1: 50.0, 2: 50.0}",0,-100.0,0,-2845650.0,1
2021-07-01,2021-07,EV,0,HOME,AWAY,3,"(1, 2)",0.45209206955253334,0.4776115665122589,0.4776115665122589,300,"{1: 150.0, 2: 150.0}",0,-300.0,0,-2845950.0,2
2021-07-02,2021-07,EV,0,HOME,AWAY,3,"(1, 2)",0.45209206955253334,1.2770850286957183,1.2770850286957183,900,"{1: 450.0, 2: 450.0}",0,-900.0,0,-2846850.0,3
2021-07-03,2021-07,EV,0,HOME,AWAY,4,"(1, 2)",0.45209206955253334,0.40262681161721203,0.40262681161721203,2700,"{1: 1350.0, 2: 1350.0}",0,-2700.0,0,-2849550.0,4
2021-07-05,2021-07,EV,0,HOME,AWAY,3,"(1, 2)",0.45209206955253334,2.0627872999570225,2.0627872999570225,8100,"{1: 4050.0, 2: 4050.0}",0,-8100.0,0,-2857650.0,5
2021-07-08,2021-07,EV,0,HOME,AWAY,1,"(1, 2)",0.45209206955253334,0.7395123235993606,0.7395123235993606,24300,"{1: 12150.0, 2: 12150.0}",1,103275.0,0,-2754375.0,0
2021-07-11,2021-07,EV,0,HOME,AWAY,2,"(1, 2)",0.45209206955253334,0.3149626358911364,0.3149626358911364,100,"{1: 50.0, 2: 50.0}",1,125.0,0,-2754250.0,0
2021-07-12,2021-07,EV,0,HOME,AWAY,5,"(1, 2)",0.45209206955253334,0.3276420567221652,0.3276420567221652,100,"{1: 50.0, 2: 50.0}",0,-100.0,0,-2754350.0,1
2021-07-16,2021-07,EV,0,HOME,AWAY,7,"(1, 2)",0.45209206955253334,0.4776115665122589,0.4776115665122589,300,"{1: 150.0, 2: 150.0}",0,-300.0,0,-2754650.0,2
2021-07-21,2021-07,EV,0,HOME,AWAY,7,"(1, 2)",0.45209206955253334,1.1144360980745955,1.1144360980745955,900,"{1: 450.0, 2: 450.0}",0,-900.0,0,-2755550.0,3
2021-07-21,2021-07,EV,0,HOME,AWAY,4,"(1, 2)",0.45209206955253334,0.7712108756769327,0.7712108756769327,2700,"{1: 1350.0, 2: 1350.0}",0,-2700.0,0,-2758250.0,4
2021-07-22,2021-07,EV,0,HOME,AWAY,2,"(1, 2)",0.45209206955253334,0.2653367226581471,0.2653367226581471,8100,"{1: 4050.0, 2: 4050.0}",1,10125.0,0,-2748125.0,0
2021-07-24,2021-07,EV,0,HOME,AWAY,7,"(1, 2)",0.45209206955253334,2.0627872999570225,2.0627872999570225,100,"{1: 50.0, 2: 50.0}",0,-100.0,0,-2748225.0,1
2021-07-24,2021-07,EV,0,HOME,AWAY,7,"(1, 2)",0.45209206955253334,0.6645275687043135,0.6645275687043135,300,"{1: 150.0, 2: 150.0}",0,-300.0,0,-2748525.0,2
2021-07-27,2021-07,EV,0,HOME,AWAY,7,"(1, 2)",0.45209206955253334,1.033111632764034,1.033111632764034,900,"{1: 450.0, 2: 450.0}",0,-900.0,0,-2749425.0,3
2021-07-27,2021-07,EV,0,HOME,AWAY,2,"(1, 2)",0.45209206955253334,0.8704627021429112,0.8704627021429112,2700,"{1: 1350.0, 2: 1350.0}",1,5062.5,0,-2744362.5,0
2021-07-27,2021-07,EV,0,HOME,AWAY,0,"(1, 2)",0.45209206955253334,0.445913014434687,0.445913014434687,100,"{1: 50.0, 2: 50.0}",0,-100.0,0,-2744462.5,1
2021-08-07,2021-08,EV,0,HOME,AWAY,2,"(1, 2)",0.42197416318563097,0.20519393273864361,0.20519393273864361,300,"{1: 150.0, 2: 150.0}",1,360.00000000000006,0,-2744102.5,0
2021-08-14,2021-08,EV,0,HOME,AWAY,2,"(1, 2)",0.42197416318563097,0.4364982888552116,0.4364982888552116,100,"{1: 50.0, 2: 50.0}",1,160.0,0,-2743942.5,0
2021-08-15,2021-08,EV,0,HOME,AWAY,5,"(1, 2)",0.42197416318563097,0.7246240336123844,0.7246240336123844,100,"{1: 50.0, 2: 50.0}",0,-100.0,0,-2744042.5,1
2021-08-15,2021-08,EV,0,HOME,AWAY,7,"(1, 2)",0.42197416318563097,0.3918449382535574,0.3918449382535574,300,"{1: 150.0, 2: 150.0}",0,-300.0,0,-2744342.5,2
2021-08-16,2021-08,EV,0,HOME,AWAY,5,"(1, 2)",0.42197416318563097,0.28635139745714966,0.28635139745714966,900,"{1: 450.0, 2: 450.0}",0,-900.0,0,-2745242.5,3
2021-08-18,2021-08,EV,0,HOME,AWAY,4,"(1, 2)",0.42197416318563097,0.37359288119513145,0.37359288119513145,2700,"{1: 1350.0, 2: 1350.0}",0,-2700.0,0,-2747942.5,4
2021-08-18,2021-08,EV,0,HOME,AWAY,3,"(1, 2)",0.42197416318563097,0.31476209177745207,0.31476209177745207,8100,"{1: 4050.0, 2: 4050.0}",0,-8100.0,0,-2756042.5,5
2021-08-21,2021-08,EV,0,HOME,AWAY,5,"(1, 2)",0.42197416318563097,0.46898360141791473,0.46898360141791473,24300,"{1: 12150.0, 2: 12150.0}",0,-24300.0,0,-2780342.5,6
2021-08-22,2021-08,EV,0,HOME,AWAY,5,"(1, 2)",0.42197416318563097,0.6678026449717795,0.6678026449717795,72900,"{1: 36450.0, 2: 36450.0}",0,-72900.0,0,-2853242.5,7
2021-08-22,2021-08,EV,0,HOME,AWAY,2,"(1, 2)",0.42197416318563097,0.4064689105755992,0.4064689105755992,218700,"{1: 109350.0, 2: 109350.0}",1,338984.99999999994,0,-2514257.5,0
2021-08-23,2021-08,EV,0,HOME,AWAY,2,"(1, 2)",0.42197416318563097,0.16947125225732007,0.16947125225732007,100,"{1: 50.0, 2: 50.0}",1,120.00000000000003,0,-2514137.5,0
2021-08-29,2021-08,EV,0,HOME,AWAY,5,"(1, 2)",0.42197416318563097,0.38983553747648303,0.38983553747648303,100,"{1: 50.0, 2: 50.0}",0,-100.0,0,-2514237.5,1
2021-08-29,2021-08,EV,0,HOME,AWAY,0,"(1, 2)",0.42197416318563097,0.2770300105190544,0.2770300105190544,300,"{1: 150.0, 2: 150.0}",0,-300.0,0,-2514537.5,2
2021-08-29,2021-08,EV,0,HOME,AWAY,6,"(1, 2)",0.42197416318563097,0.22344598979706953,0.22344598979706953,900,"{1: 450.0, 2: 450.0}",0,-900.0,0,-2515437.5,3
2021-08-29,2021-08,EV,0,HOME,AWAY,1,"(1, 2)",0.42197416318563097,0.21088723494035433,0.21088723494035433,2700,"{1: 1350.0, 2: 1350.0}",1,7695.0,0,-2507742.5,0
2021-08-30,2021-08,EV,0,HOME,AWAY,2,"(1, 2)",0.42197416318563097,0.3658901782163462,0.3658901782163462,100,"{1: 50.0, 2: 50.0}",1,147.5,0,-2507595.0,0
2021-09-10,2021-09,EV,0,HOME,AWAY,3,"(1, 2)",0.4379599550776182,0.38009355207657447,0.38009355207657447,100,"{1: 50.0, 2: 50.0}",0,-100.0,0,-2507695.0,1
2021-09-11,2021-09,EV,0,HOME,AWAY,4,"(1, 2)",0.4379599550776182,0.4728588564773193,0.4728588564773193,300,"{1: 150.0, 2: 150.0}",0,-300.0,0,-2507995.0,2
2021-09-11,2021-09,EV,0,HOME,AWAY,7,"(1, 2)",0.4379599550776182,0.2970016350331266,0.2970016350331266,900,"{1: 450.0, 2: 450.0}",0,-900.0,0,-2508895.0,3
2021-09-12,2021-09,EV,0,HOME,AWAY,5,"(1, 2)",0.4379599550776182,0.22485871686661918,0.22485871686661918,2700,"{1: 1350.0, 2: 1350.0}",0,-2700.0,0,-2511595.0,4
2021-09-13,2021-09,EV,0,HOME,AWAY,2,"(1, 2)",0.4379599550776182,0.5102059270802164,0.5102059270802164,8100,"{1: 4050.0, 2: 4050.0}",1,13365.0,0,-2498230.0,0
2021-09-13,2021-09,EV,0,HOME,AWAY,4,"(1, 2)",0.4379599550776182,0.28132814904639525,0.28132814904639525,100,"{1: 50.0, 2: 50.0}",0,-100.0,0,-2498330.0,1
2021-09-15,2021-09,EV,0,HOME,AWAY,3,"(1, 2)",0.4379599550776182,0.26887912551209614,0.26887912551209614,300,"{1: 150.0, 2: 150.0}",0,-300.0,0,-2498630.0,2
2021-09-18,2021-09,EV,0,HOME,AWAY,3,"(1, 2)",0.4379599550776182,0.22163425441418694,0.22163425441418694,900,"{1: 450.0, 2: 450.0}",0,-900.0,0,-2499530.0,3
2021-09-19,2021-09,EV,0,HOME,AWAY,6,"(1, 2)",0.4379599550776182,0.26887912551209614,0.26887912551209614,2700,"{1: 1350.0, 2: 1350.0}",0,-2700.0,0,-2502230.0,4
2021-09-25,2021-09,EV,0,HOME,AWAY,4,"(1, 2)",0.4379599550776182,0.42561398537940986,0.42561398537940986,8100,"{1: 4050.0, 2: 4050.0}",0,-8100.0,0,-2510330.0,5
2021-09-25,2021-09,EV,0,HOME,AWAY,6,"(1, 2)",0.4379599550776182,0.30367497307570623,0.30367497307570623,24300,"{1: 12150.0, 2: 12150.0}",0,-24300.0,0,-2534630.0,6
2021-09-25,2021-09,EV,0,HOME,AWAY,4,"(1, 2)",0.4379599550776182,0.29377717258069436,0.29377717258069436,72900,"{1: 36450.0, 2: 36450.0}",0,-72900.0,0,-2607530.0,7
2021-09-26,2021-09,EV,0,HOME,AWAY,3,"(1, 2)",0.4379599550776182,0.9555124596135594,0.9555124596135594,218700,"{1: 109350.0, 2: 109350.0}",0,-218700.0,1,-2826230.0,0
2021-09-26,2021-09,EV,0,HOME,AWAY,7,"(1, 2)",0.4379599550776182,0.3437976798556057,0.3437976798556057,100,"{1: 50.0, 2: 50.0}",0,-100.0,0,-2826330.0,1
2021-09-27,2021-09,EV,0,HOME,AWAY,4,"(1, 2)",0.4379599550776182,0.5823488452467238,0.5823488452467238,300,"{1: 150.0, 2: 150.0}",0,-300.0,0,-2826630.0,2
2021-09-27,2021-09,EV,0,HOME,AWAY,1,"(1, 2)",0.4379599550776182,0.38954252629615627,0.38954252629615627,900,"{1: 450.0, 2: 450.0}",1,2812.5,0,-2823817.5,0
2021-10-09,2021-10,EV,0,HOME,AWAY,3,"(1, 2)",0.39093997850077333,0.21490582094296462,0.21490582094296462,100,"{1: 50.0, 2: 50.0}",0,-100.0,0,-2823917.5,1
2021-10-12,2021-10,EV,0,HOME,AWAY,0,"(3, 4)",0.3858138777622682,0.13857030230930234,0.13857030230930234,300,"{3: 150.0, 4: 150.0}",0,-300.0,0,-2824217.5,2
2021-10-16,2021-10,EV,0,HOME,AWAY,2,"(1, 2)",0.39093997850077333,0.20513232148044525,0.20513232148044525,900,"{1: 450.0, 2: 450.0}",1,1305.0000000000002,0,-2822912.5,0
2021-10-17,2021-10,EV,0,HOME,AWAY,2,"(1, 2)",0.39093997850077333,0.39421961720428866,0.39421961720428866,100,"{1: 50.0, 2: 50.0}",1,175.0,0,-2822737.5,0
2021-10-17,2021-10,EV,0,HOME,AWAY,6,"(1, 2)",0.39093997850077333,0.33119051862967397,0.33119051862967397,100,"{1: 50.0, 2: 50.0}",0,-100.0,0,-2822837.5,1
2021-10-17,2021-10,EV,0,HOME,AWAY,1,"(1, 2)",0.39093997850077333,0.18199505744672573,0.18199505744672573,300,"{1: 150.0, 2: 150.0}",1,900.0,0,-2821937.5,0
2021-10-17,2021-10,EV,0,HOME,AWAY,3,"(1, 2)",0.39093997850077333,0.1704264254298662,0.1704264254298662,100,"{1: 50.0, 2: 50.0}",0,-100.0,0,-2822037.5,1
2021-10-19,2021-10,EV,0,HOME,AWAY,1,"(1, 2)",0.39093997850077333,0.1935636894635855,0.1935636894635855,300,"{1: 150.0, 2: 150.0}",1,900.0,0,-2821137.5,0
2021-10-21,2021-10,EV,0,HOME,AWAY,4,"(1, 2)",0.39093997850077333,0.1935636894635855,0.1935636894635855,100,"{1: 50.0, 2: 50.0}",0,-100.0,0,-2821237.5,1
2021-10-23,2021-10,EV,0,HOME,AWAY,4,"(1, 2)",0.39093997850077333,1.0863429464888208,1.0863429464888208,300,"{1: 150.0, 2: 150.0}",0,-300.0,0,-2821537.5,2
2021-10-24,2021-10,EV,0,HOME,AWAY,0,"(3, 4)",0.3858138777622682,0.13857030230930234,0.13857030230930234,900,"{3: 450.0, 4: 450.0}",0,-900.0,0,-2822437.5,3
2021-10-24,2021-10,EV,0,HOME,AWAY,5,"(1, 2)",0.39093997850077333,0.130534590888971,0.130534590888971,2700,"{1: 1350.0, 2: 1350.0}",0,-2700.0,0,-2825137.5,4
2021-10-29,2021-10,EV,0,HOME,AWAY,2,"(3, 4)",0.3858138777622682,0.13857030230930234,0.13857030230930234,8100,"{3: 4050.0, 4: 4050.0}",0,-8100.0,0,-2833237.5,5
2021-10-30,2021-10,EV,0,HOME,AWAY,6,"(1, 2)",0.39093997850077333,0.6110317379340542,0.6110317379340542,24300,"{1: 12150.0, 2: 12150.0}",0,-24300.0,0,-2857537.5,6
2021-10-30,2021-10,EV,0,HOME,AWAY,7,"(1, 2)",0.39093997850077333,0.19934800547201537,0.19934800547201537,72900,"{1: 36450.0, 2: 36450.0}",0,-72900.0,0,-2930437.5,7
2021-10-30,2021-10,EV,0,HOME,AWAY,2,"(1, 2)",0.39093997850077333,0.17660965978370502,0.17660965978370502,218700,"{1: 109350.0, 2: 109350.0}",1,278842.5,0,-2651595.0,0
2021-11-01,2021-11,EV,0,HOME,AWAY,1,"(1, 2)",0.39712185146139756,0.29019706140513546,0.29019706140513546,100,"{1: 50.0, 2: 50.0}",1,325.0,0,-2651270.0,0
2021-11-01,2021-11,EV,0,HOME,AWAY,3,"(3, 4)",0.38330941625108816,0.14888133665498215,0.14888133665498215,100,"{3: 50.0, 4: 50.0}",1,110.0,0,-2651160.0,0
2021-11-03,2021-11,EV,0,HOME,AWAY,7,"(1, 2)",0.39712185146139756,0.4535659710595148,0.4535659710595148,100,"{1: 50.0, 2: 50.0}",0,-100.0,0,-2651260.0,1
2021-11-04,2021-11,EV,0,HOME,AWAY,5,"(1, 2)",0.39712185146139756,0.5410409359253563,0.5410409359253563,300,"{1: 150.0, 2: 150.0}",0,-300.0,0,-2651560.0,2
2021-11-04,2021-11,EV,0,HOME,AWAY,4,"(1, 2)",0.39712185146139756,0.14127636710711133,0.14127636710711133,900,"{1: 450.0, 2: 450.0}",0,-900.0,0,-2652460.0,3
2021-11-04,2021-11,EV,0,HOME,AWAY,3,"(1, 2)",0.39712185146139756,0.10917602423204587,0.10917602423204587,2700,"{1: 1350.0, 2: 1350.0}",0,-2700.0,0,-2655160.0,4
2021-11-06,2021-11,EV,0,HOME,AWAY,3,"(1, 2)",0.39712185146139756,0.7396018616560551,0.7396018616560551,8100,"{1: 4050.0, 2: 4050.0}",0,-8100.0,0,-2663260.0,5
2021-11-08,2021-11,EV,0,HOME,AWAY,0,"(1, 2)",0.39712185146139756,1.0721863104840166,1.0721863104840166,24300,"{1: 12150.0, 2: 12150.0}",0,-24300.0,0,-2687560.0,6
2021-11-08,2021-11,EV,0,HOME,AWAY,4,"(1, 2)",0.39712185146139756,0.27850380236672945,0.27850380236672945,72900,"{1: 36450.0, 2: 36450.0}",0,-72900.0,0,-2760460.0,7
2021-11-13,2021-11,EV,0,HOME,AWAY,6,"(1, 2)",0.39712185146139756,0.1384091718280609,0.1384091718280609,218700,"{1: 109350.0, 2: 109350.0}",0,-218700.0,1,-2979160.0,0
2021-11-16,2021-11,EV,0,HOME,AWAY,4,"(1, 2)",0.39712185146139756,0.3017780814824398,0.3017780814824398,100,"{1: 50.0, 2: 50.0}",0,-100.0,0,-2979260.0,1
2021-11-18,2021-11,EV,0,HOME,AWAY,1,"(3, 4)",0.38330941625108816,0.20004044119104325,0.20004044119104325,300,"{3: 150.0, 4: 150.0}",0,-300.0,0,-2979560.0,2
2021-11-20,2021-11,EV,0,HOME,AWAY,3,"(1, 2)",0.39712185146139756,0.7921092883677803,0.7921092883677803,900,"{1: 450.0, 2: 450.0}",0,-900.0,0,-2980460.0,3
2021-11-21,2021-11,EV,0,HOME,AWAY,5,"(1, 2)",0.39712185146139756,0.4594126005787176,0.4594126005787176,2700,"{1: 1350.0, 2: 1350.0}",0,-2700.0,0,-2983160.0,4
2021-11-27,2021-11,EV,0,HOME,AWAY,3,"(1, 2)",0.39712185146139756,0.32163417405550954,0.32163417405550954,8100,"{1: 4050.0, 2: 4050.0}",0,-8100.0,0,-2991260.0,5
2021-11-28,2021-11,EV,0,HOME,AWAY,0,"(3, 4)",0.38330941625108816,0.14888133665498215,0.14888133665498215,24300,"{3: 12150.0, 4: 12150.0}",0,-24300.0,0,-3015560.0,6
2021-12-02,2021-12,EV,0,HOME,AWAY,2,"(1, 2)",0.4625998823848524,0.4331977279369861,0.4331977279369861,72900,"{1: 36450.0, 2: 36450.0}",1,92947.5,0,-2922612.5,0
2021-12-05,2021-12,EV,0,HOME,AWAY,5,"(1, 2)",0.4625998823848524,0.6195112456394283,0.6195112456394283,100,"{1: 50.0, 2: 50.0}",0,-100.0,0,-2922712.5,1
2021-12-09,2021-12,EV,0,HOME,AWAY,3,"(1, 2)",0.4625998823848524,0.38810839012389087,0.38810839012389087,300,"{1: 150.0, 2: 150.0}",0,-300.0,0,-2923012.5,2
2021-12-11,2021-12,EV,0,HOME,AWAY,3,"(1, 2)",0.4625998823848524,0.6041255543343036,0.6041255543343036,900,"{1: 450.0, 2: 450.0}",0,-900.0,0,-2923912.5,3
2021-12-11,2021-12,EV,0,HOME,AWAY,3,"(1, 2)",0.4625998823848524,0.4717134133613534,0.4717134133613534,2700,"{1: 1350.0, 2: 1350.0}",0,-2700.0,0,-2926612.5,4
2021-12-11,2021-12,EV,0,HOME,AWAY,1,"(1, 2)",0.4625998823848524,0.4357448574339884,0.4357448574339884,8100,"{1: 4050.0, 2: 4050.0}",1,24907.5,0,-2901705.0,0
2021-12-12,2021-12,EV,0,HOME,AWAY,3,"(1, 2)",0.4625998823848524,0.5424798747906936,0.5424798747906936,100,"{1: 50.0, 2: 50.0}",0,-100.0,0,-2901805.0,1
2021-12-13,2021-12,EV,0,HOME,AWAY,4,"(1, 2)",0.4625998823848524,0.5103320131088318,0.5103320131088318,300,"{1: 150.0, 2: 150.0}",0,-300.0,0,-2902105.0,2
2021-12-13,2021-12,EV,0,HOME,AWAY,2,"(1, 2)",0.4625998823848524,0.37272269881876596,0.37272269881876596,900,"{1: 450.0, 2: 450.0}",1,1169.9999999999998,0,-2900935.0,0
2021-12-15,2021-12,EV,0,HOME,AWAY,5,"(1, 2)",0.4625998823848524,0.5938341220231833,0.5938341220231833,100,"{1: 50.0, 2: 50.0}",0,-100.0,0,-2901035.0,1
2021-12-16,2021-12,EV,0,HOME,AWAY,3,"(1, 2)",0.4625998823848524,1.1723927179735822,1.1723927179735822,300,"{1: 150.0, 2: 150.0}",0,-300.0,0,-2901335.0,2
2021-12-18,2021-12,EV,0,HOME,AWAY,4,"(1, 2)",0.4625998823848524,0.8509141011549657,0.8509141011549657,900,"{1: 450.0, 2: 450.0}",0,-900.0,0,-2902235.0,3
2021-12-19,2021-12,EV,0,HOME,AWAY,2,"(1, 2)",0.4625998823848524,0.8125013300537094,0.8125013300537094,2700,"{1: 1350.0, 2: 1350.0}",1,4455.0,0,-2897780.0,0
2021-12-19,2021-12,EV,0,HOME,AWAY,4,"(1, 2)",0.4625998823848524,0.37399626356726734,0.37399626356726734,100,"{1: 50.0, 2: 50.0}",0,-100.0,0,-2897880.0,1
2021-12-24,2021-12,EV,0,HOME,AWAY,2,"(1, 2)",0.4625998823848524,0.37272269881876596,0.37272269881876596,300,"{1: 150.0, 2: 150.0}",1,390.0,0,-2897490.0,0
2021-12-29,2021-12,EV,0,HOME,AWAY,1,"(1, 2)",0.4625998823848524,0.4138884280632469,0.4138884280632469,100,"{1: 50.0, 2: 50.0}",1,300.0,0,-2897190.0,0
2022-01-08,2022-01,EV,0,HOME,AWAY,1,"(1, 2)",0.4104196224407266,0.2498305694441061,0.2498305694441061,100,"{1: 50.0, 2: 50.0}",1,305.0,0,-2896885.0,0
2022-01-09,2022-01,EV,0,HOME,AWAY,6,"(1, 2)",0.4104196224407266,0.16853920894501662,0.16853920894501662,100,"{1: 50.0, 2: 50.0}",0,-100.0,0,-2896985.0,1
2022-01-09,2022-01,EV,0,HOME,AWAY,5,"(1, 2)",0.4104196224407266,0.13167427312975089,0.13167427312975089,300,"{1: 150.0, 2: 150.0}",0,-300.0,0,-2897285.0,2
2022-01-15,2022-01,EV,0,HOME,AWAY,4,"(1, 2)",0.4104196224407266,0.5690196505500178,0.5690196505500178,900,"{1: 450.0, 2: 450.0}",0,-900.0,0,-2898185.0,3
2022-01-16,2022-01,EV,0,HOME,AWAY,2,"(1, 2)",0.4104196224407266,0.1804919307259103,0.1804919307259103,2700,"{1: 1350.0, 2: 1350.0}",1,3375.0,0,-2894810.0,0
2022-01-16,2022-01,EV,0,HOME,AWAY,3,"(1, 2)",0.4104196224407266,0.1334736075913907,0.1334736075913907,100,"{1: 50.0, 2: 50.0}",0,-100.0,0,-2894910.0,1
2022-01-19,2022-01,EV,0,HOME,AWAY,3,"(1, 2)",0.4104196224407266,0.25919139277430436,0.25919139277430436,300,"{1: 150.0, 2: 150.0}",0,-300.0,0,-2895210.0,2
2022-01-19,2022-01,EV,0,HOME,AWAY,4,"(3, 4)",0.3773892611490507,0.1897627203935004,0.1897627203935004,900,"{3: 450.0, 4: 450.0}",1,3037.5,0,-2892172.5,0
2022-01-20,2022-01,EV,0,HOME,AWAY,2,"(1, 2)",0.4104196224407266,0.3807321515284108,0.3807321515284108,100,"{1: 50.0, 2: 50.0}",1,154.99999999999997,0,-2892017.5,0
2022-01-20,2022-01,EV,0,HOME,AWAY,4,"(1, 2)",0.4104196224407266,0.28309683633609195,0.28309683633609195,100,"{1: 50.0, 2: 50.0}",0,-100.0,0,-2892117.5,1
2022-01-21,2022-01,EV,0,HOME,AWAY,1,"(3, 4)",0.3773892611490507,0.15655357701550954,0.15655357701550954,300,"{3: 150.0, 4: 150.0}",0,-300.0,0,-2892417.5,2
2022-01-22,2022-01,EV,0,HOME,AWAY,5,"(1, 2)",0.4104196224407266,0.3378908548226982,0.3378908548226982,900,"{1: 450.0, 2: 450.0}",0,-900.0,0,-2893317.5,3
2022-01-24,2022-01,EV,0,HOME,AWAY,5,"(1, 2)",0.4104196224407266,0.44747889179591116,0.44747889179591116,2700,"{1: 1350.0, 2: 1350.0}",0,-2700.0,0,-2896017.5,4
2022-01-24,2022-01,EV,0,HOME,AWAY,2,"(3, 4)",0.3773892611490507,0.15706769346111016,0.15706769346111016,8100,"{3: 4050.0, 4: 4050.0}",0,-8100.0,0,-2904117.5,5
2022-01-25,2022-01,EV,0,HOME,AWAY,1,"(3, 4)",0.3773892611490507,0.26458750578700685,0.26458750578700685,24300,"{3: 12150.0, 4: 12150.0}",0,-24300.0,0,-2928417.5,6
2022-01-25,2022-01,EV,0,HOME,AWAY,2,"(3, 4)",0.3773892611490507,0.18691423738409108,0.18691423738409108,72900,"{3: 36450.0, 4: 36450.0}",0,-72900.0,0,-3001317.5,7
2022-02-10,2022-02,EV,0,HOME,AWAY,2,"(1, 2)",0.4379599550776182,0.6046956692760348,0.6046956692760348,218700,"{1: 109350.0, 2: 109350.0}",1,360855.0,0,-2640462.5,0
2022-02-11,2022-02,EV,0,HOME,AWAY,2,"(1, 2)",0.4379599550776182,0.5922466457417357,0.5922466457417357,100,"{1: 50.0, 2: 50.0}",1,160.0,0,-2640302.5,0
2022-02-12,2022-02,EV,0,HOME,AWAY,6,"(1, 2)",0.4379599550776182,0.6295937163446328,0.6295937163446328,100,"{1: 50.0, 2: 50.0}",0,-100.0,0,-2640402.5,1
2022-02-13,2022-02,EV,0,HOME,AWAY,4,"(1, 2)",0.4379599550776182,0.31612399661000534,0.31612399661000534,300,"{1: 150.0, 2: 150.0}",0,-300.0,0,-2640702.5,2
2022-02-17,2022-02,EV,0,HOME,AWAY,2,"(1, 2)",0.4379599550776182,0.3659200907472018,0.3659200907472018,900,"{1: 450.0, 2: 450.0}",1,1305.0000000000002,0,-2639397.5,0
2022-02-19,2022-02,EV,0,HOME,AWAY,4,"(1, 2)",0.4379599550776182,0.5529507242060498,0.5529507242060498,100,"{1: 50.0, 2: 50.0}",0,-100.0,0,-2639497.5,1
2022-02-20,2022-02,EV,0,HOME,AWAY,5,"(1, 2)",0.4379599550776182,1.8421451442902468,1.8421451442902468,300,"{1: 150.0, 2: 150.0}",0,-300.0,0,-2639797.5,2
2022-02-20,2022-02,EV,0,HOME,AWAY,4,"(1, 2)",0.4379599550776182,0.49153239177876795,0.49153239177876795,900,"{1: 450.0, 2: 450.0}",0,-900.0,0,-2640697.5,3
2022-02-20,2022-02,EV,0,HOME,AWAY,1,"(1, 2)",0.4379599550776182,0.4492364209283646,0.4492364209283646,2700,"{1: 1350.0, 2: 1350.0}",1,9112.5,0,-2631585.0,0
2022-02-20,2022-02,EV,0,HOME,AWAY,4,"(1, 2)",0.4379599550776182,0.3223485083771549,0.3223485083771549,100,"{1: 50.0, 2: 50.0}",0,-100.0,0,-2631685.0,1
2022-02-21,2022-02,EV,0,HOME,AWAY,2,"(1, 2)",0.4379599550776182,0.3459709439261096,0.3459709439261096,300,"{1: 150.0, 2: 150.0}",1,382.5,0,-2631302.5,0
2022-02-21,2022-02,EV,0,HOME,AWAY,6,"(1, 2)",0.4379599550776182,0.3218996821017246,0.3218996821017246,100,"{1: 50.0, 2: 50.0}",0,-100.0,0,-2631402.5,1
2022-02-24,2022-02,EV,0,HOME,AWAY,6,"(1, 2)",0.4379599550776182,0.6768385874425422,0.6768385874425422,300,"{1: 150.0, 2: 150.0}",0,-300.0,0,-2631702.5,2
2022-02-27,2022-02,EV,0,HOME,AWAY,1,"(1, 2)",0.4379599550776182,0.5102059270802164,0.5102059270802164,900,"{1: 450.0, 2: 450.0}",1,3150.0,0,-2628552.5,0
2022-02-27,2022-02,EV,0,HOME,AWAY,4,"(1, 2)",0.4379599550776182,0.4193894736122603,0.4193894736122603,100,"{1: 50.0, 2: 50.0}",0,-100.0,0,-2628652.5,1
2022-02-27,2022-02,EV,0,HOME,AWAY,3,"(1, 2)",0.4379599550776182,0.24998117707293233,0.24998117707293233,300,"{1: 150.0, 2: 150.0}",0,-300.0,0,-2628952.5,2
2022-03-02,2022-03,EV,0,HOME,AWAY,2,"(1, 2)",0.4379599550776182,0.7863285762119465,0.7863285762119465,900,"{1: 450.0, 2: 450.0}",1,1800.0,0,-2627152.5,0
2022-03-03,2022-03,EV,0,HOME,AWAY,3,"(1, 2)",0.4379599550776182,0.32857302014430445,0.32857302014430445,100,"{1: 50.0, 2: 50.0}",0,-100.0,0,-2627252.5,1
2022-03-05,2022-03,EV,0,HOME,AWAY,2,"(1, 2)",0.4379599550776182,0.9753080606035833,0.9753080606035833,300,"{1: 150.0, 2: 150.0}",1,600.0,0,-2626652.5,0
2022-03-05,2022-03,EV,0,HOME,AWAY,4,"(1, 2)",0.4379599550776182,0.28132814904639525,0.28132814904639525,100,"{1: 50.0, 2: 50.0}",0,-100.0,0,-2626752.5,1
2022-03-06,2022-03,EV,0,HOME,AWAY,5,"(1, 2)",0.4379599550776182,1.4143900813697767,1.4143900813697767,300,"{1: 150.0, 2: 150.0}",0,-300.0,0,-2627052.5,2
2022-03-09,2022-03,EV,0,HOME,AWAY,7,"(1, 2)",0.4379599550776182,0.6892876109768411,0.6892876109768411,900,"{1: 450.0, 2: 450.0}",0,-900.0,0,-2627952.5,3
2022-03-12,2022-03,EV,0,HOME,AWAY,2,"(1, 2)",0.4379599550776182,0.9753080606035833,0.9753080606035833,2700,"{1: 1350.0, 2: 1350.0}",1,5400.0,0,-2622552.5,0
2022-03-12,2022-03,EV,0,HOME,AWAY,5,"(1, 2)",0.4379599550776182,0.7863285762119465,0.7863285762119465,100,"{1: 50.0, 2: 50.0}",0,-100.0,0,-2622652.5,1
2022-03-13,2022-03,EV,0,HOME,AWAY,3,"(1, 2)",0.4379599550776182,0.3932158150240186,0.3932158150240186,300,"{1: 150.0, 2: 150.0}",0,-300.0,0,-2622952.5,2
2022-03-13,2022-03,EV,0,HOME,AWAY,1,"(1, 2)",0.4379599550776182,0.31612399661000534,0.31612399661000534,900,"{1: 450.0, 2: 450.0}",1,2700.0,0,-2620252.5,0
2022-03-14,2022-03,EV,0,HOME,AWAY,1,"(1, 2)",0.4379599550776182,0.33974643215896005,0.33974643215896005,100,"{1: 50.0, 2: 50.0}",1,312.5,0,-2619940.0,0
2022-03-16,2022-03,EV,0,HOME,AWAY,1,"(1, 2)",0.4379599550776182,0.5325527511095274,0.5325527511095274,100,"{1: 50.0, 2: 50.0}",1,375.0,0,-2619565.0,0
2022-03-20,2022-03,EV,0,HOME,AWAY,4,"(1, 2)",0.4379599550776182,0.6295937163446328,0.6295937163446328,100,"{1: 50.0, 2: 50.0}",0,-100.0,0,-2619665.0,1
2022-03-20,2022-03,EV,0,HOME,AWAY,5,"(1, 2)",0.4379599550776182,0.34102204367860356,0.34102204367860356,300,"{1: 150.0, 2: 150.0}",0,-300.0,0,-2619965.0,2
2022-03-20,2022-03,EV,0,HOME,AWAY,3,"(1, 2)",0.4379599550776182,0.28132814904639525,0.28132814904639525,900,"{1: 450.0, 2: 450.0}",0,-900.0,0,-2620865.0,3
2022-03-27,2022-03,EV,0,HOME,AWAY,3,"(1, 2)",0.4379599550776182,0.35347106721290267,0.35347106721290267,2700,"{1: 1350.0, 2: 1350.0}",0,-2700.0,0,-2623565.0,4
2022-04-02,2022-04,EV,0,HOME,AWAY,2,"(1, 2)",0.46867905401653087,0.6049630475323937,0.6049630475323937,8100,"{1: 4050.0, 2: 4050.0}",1,12555.0,0,-2611010.0,0
2022-04-04,2022-04,EV,0,HOME,AWAY,6,"(1, 2)",0.46867905401653087,0.6178885012642397,0.6178885012642397,100,"{1: 50.0, 2: 50.0}",0,-100.0,0,-2611110.0,1
2022-04-09,2022-04,EV,0,HOME,AWAY,1,"(1, 2)",0.46867905401653087,1.2062593585374586,1.2062593585374586,300,"{1: 150.0, 2: 150.0}",1,1650.0,0,-2609460.0,0
2022-04-10,2022-04,EV,0,HOME,AWAY,3,"(1, 2)",0.46867905401653087,0.9960893791578482,0.9960893791578482,100,"{1: 50.0, 2: 50.0}",0,-100.0,0,-2609560.0,1
2022-04-13,2022-04,EV,0,HOME,AWAY,2,"(1, 2)",0.46867905401653087,0.40493376965784966,0.40493376965784966,300,"{1: 150.0, 2: 150.0}",1,397.5,0,-2609162.5,0
2022-04-14,2022-04,EV,0,HOME,AWAY,6,"(1, 2)",0.46867905401653087,0.5136441914919532,0.5136441914919532,100,"{1: 50.0, 2: 50.0}",0,-100.0,0,-2609262.5,1
2022-04-17,2022-04,EV,0,HOME,AWAY,3,"(1, 2)",0.46867905401653087,0.6049630475323937,0.6049630475323937,300,"{1: 150.0, 2: 150.0}",0,-300.0,0,-2609562.5,2
2022-04-18,2022-04,EV,0,HOME,AWAY,3,"(1, 2)",0.46867905401653087,0.5403357788731635,0.5403357788731635,900,"{1: 450.0, 2: 450.0}",0,-900.0,0,-2610462.5,3
2022-04-23,2022-04,EV,0,HOME,AWAY,6,"(1, 2)",0.46867905401653087,0.534661189429914,0.534661189429914,2700,"{1: 1350.0, 2: 1350.0}",0,-2700.0,0,-2613162.5,4
2022-04-23,2022-04,EV,0,HOME,AWAY,1,"(1, 2)",0.46867905401653087,0.4938356709354248,0.4938356709354248,8100,"{1: 4050.0, 2: 4050.0}",1,25312.5,0,-2587850.0,0
2022-04-24,2022-04,EV,0,HOME,AWAY,4,"(1, 2)",0.46867905401653087,1.1545575436100743,1.1545575436100743,100,"{1: 50.0, 2: 50.0}",0,-100.0,0,-2587950.0,1
2022-04-24,2022-04,EV,0,HOME,AWAY,2,"(1, 2)",0.46867905401653087,0.5597239594709327,0.5597239594709327,300,"{1: 150.0, 2: 150.0}",1,412.5,0,-2587537.5,0
2022-04-24,2022-04,EV,0,HOME,AWAY,3,"(1, 2)",0.46867905401653087,0.4013083375135513,0.4013083375135513,100,"{1: 50.0, 2: 50.0}",0,-100.0,0,-2587637.5,1
2022-04-24,2022-04,EV,0,HOME,AWAY,2,"(1, 2)",0.46867905401653087,0.38675406644151344,0.38675406644151344,300,"{1: 150.0, 2: 150.0}",1,382.5,0,-2587255.0,0
2022-04-30,2022-04,EV,0,HOME,AWAY,7,"(1, 2)",0.46867905401653087,0.5265696452237991,0.5265696452237991,100,"{1: 50.0, 2: 50.0}",0,-100.0,0,-2587355.0,1
2022-04-30,2022-04,EV,0,HOME,AWAY,4,"(1, 2)",0.46867905401653087,0.4740271503788964,0.4740271503788964,300,"{1: 150.0, 2: 150.0}",0,-300.0,0,-2587655.0,2
2022-05-01,2022-05,EV,0,HOME,AWAY,3,"(1, 2)",0.43263741149007273,0.560717435930024,0.560717435930024,900,"{1: 450.0, 2: 450.0}",0,-900.0,0,-2588555.0,3
2022-05-07,2022-05,EV,0,HOME,AWAY,6,"(1, 2)",0.43263741149007273,0.6318035186539555,0.6318035186539555,2700,"{1: 1350.0, 2: 1350.0}",0,-2700.0,0,-2591255.0,4
2022-05-07,2022-05,EV,0,HOME,AWAY,4,"(1, 2)",0.43263741149007273,0.4061875137659654,0.4061875137659654,8100,"{1: 4050.0, 2: 4050.0}",0,-8100.0,0,-2599355.0,5
2022-05-08,2022-05,EV,0,HOME,AWAY,4,"(1, 2)",0.43263741149007273,0.6658163312293004,0.6658163312293004,24300,"{1: 12150.0, 2: 12150.0}",0,-24300.0,0,-2623655.0,6
2022-05-12,2022-05,EV,0,HOME,AWAY,5,"(1, 2)",0.43263741149007273,0.7616179273856232,0.7616179273856232,72900,"{1: 36450.0, 2: 36450.0}",0,-72900.0,0,-2696555.0,7
2022-05-12,2022-05,EV,0,HOME,AWAY,5,"(1, 2)",0.43263741149007273,0.560717435930024,0.560717435930024,218700,"{1: 109350.0, 2: 109350.0}",0,-218700.0,1,-2915255.0,0
2022-05-14,2022-05,EV,0,HOME,AWAY,6,"(1, 2)",0.43263741149007273,1.008888988132763,1.008888988132763,100,"{1: 50.0, 2: 50.0}",0,-100.0,0,-2915355.0,1
2022-05-14,2022-05,EV,0,HOME,AWAY,4,"(1, 2)",0.43263741149007273,0.9470422413401707,0.9470422413401707,300,"{1: 150.0, 2: 150.0}",0,-300.0,0,-2915655.0,2
2022-05-14,2022-05,EV,0,HOME,AWAY,3,"(1, 2)",0.43263741149007273,0.501989109922288,0.501989109922288,900,"{1: 450.0, 2: 450.0}",0,-900.0,0,-2916555.0,3
2022-05-15,2022-05,EV,0,HOME,AWAY,2,"(1, 2)",0.43263741149007273,0.7616179273856232,0.7616179273856232,2700,"{1: 1350.0, 2: 1350.0}",1,5400.0,0,-2911155.0,0
2022-05-15,2022-05,EV,0,HOME,AWAY,4,"(1, 2)",0.43263741149007273,0.7585574698123811,0.7585574698123811,100,"{1: 50.0, 2: 50.0}",0,-100.0,0,-2911255.0,1
2022-05-15,2022-05,EV,0,HOME,AWAY,5,"(1, 2)",0.43263741149007273,0.5236441657814375,0.5236441657814375,300,"{1: 150.0, 2: 150.0}",0,-300.0,0,-2911555.0,2
2022-05-15,2022-05,EV,0,HOME,AWAY,3,"(1, 2)",0.43263741149007273,0.4896313532060923,0.4896313532060923,900,"{1: 450.0, 2: 450.0}",0,-900.0,0,-2912455.0,3
2022-05-22,2022-05,EV,0,HOME,AWAY,5,"(1, 2)",0.43263741149007273,0.8543590659687039,0.8543590659687039,2700,"{1: 1350.0, 2: 1350.0}",0,-2700.0,0,-2915155.0,4
2022-05-22,2022-05,EV,0,HOME,AWAY,1,"(1, 2)",0.43263741149007273,0.6905318446616915,0.6905318446616915,8100,"{1: 4050.0, 2: 4050.0}",1,34425.0,0,-2880730.0,0
2022-05-23,2022-05,EV,0,HOME,AWAY,3,"(1, 2)",0.43263741149007273,0.6905318446616915,0.6905318446616915,100,"{1: 50.0, 2: 50.0}",0,-100.0,0,-2880830.0,1
2022-06-01,2022-06,EV,0,HOME,AWAY,1,"(3, 4)",0.3806408414542508,0.2514194633447786,0.2514194633447786,300,"{3: 150.0, 4: 150.0}",0,-300.0,0,-2881130.0,2
2022-06-03,2022-06,EV,0,HOME,AWAY,4,"(1, 2)",0.4033203977611578,0.25881055822970067,0.25881055822970067,900,"{1: 450.0, 2: 450.0}",0,-900.0,0,-2882030.0,3
2022-06-05,2022-06,EV,0,HOME,AWAY,5,"(3, 4)",0.3806408414542508,0.29573932120224455,0.29573932120224455,2700,"{3: 1350.0, 4: 1350.0}",0,-2700.0,0,-2884730.0,4
2022-06-05,2022-06,EV,0,HOME,AWAY,4,"(3, 4)",0.3806408414542508,0.18044638697699122,0.18044638697699122,8100,"{3: 4050.0, 4: 4050.0}",1,27337.5,0,-2857392.5,0
2022-06-06,2022-06,EV,0,HOME,AWAY,2,"(1, 2)",0.4033203977611578,0.2174556044012923,0.2174556044012923,100,"{1: 50.0, 2: 50.0}",1,132.50000000000003,0,-2857260.0,0
2022-06-09,2022-06,EV,0,HOME,AWAY,3,"(1, 2)",0.4033203977611578,0.1444320665457779,0.1444320665457779,100,"{1: 50.0, 2: 50.0}",0,-100.0,0,-2857360.0,1
2022-06-11,2022-06,EV,0,HOME,AWAY,2,"(3, 4)",0.3806408414542508,0.13843935414446662,0.13843935414446662,300,"{3: 150.0, 4: 150.0}",0,-300.0,0,-2857660.0,2
2022-06-12,2022-06,EV,0,HOME,AWAY,0,"(3, 4)",0.3806408414542508,0.23959061728348074,0.23959061728348074,900,"{3: 450.0, 4: 450.0}",0,-900.0,0,-2858560.0,3
2022-06-13,2022-06,EV,0,HOME,AWAY,4,"(1, 2)",0.4033203977611578,0.6692287269659514,0.6692287269659514,2700,"{1: 1350.0, 2: 1350.0}",0,-2700.0,0,-2861260.0,4
2022-06-18,2022-06,EV,0,HOME,AWAY,3,"(3, 4)",0.3806408414542508,0.25930536071897725,0.25930536071897725,8100,"{3: 4050.0, 4: 4050.0}",1,9720.000000000002,0,-2851540.0,0
2022-06-18,2022-06,EV,0,HOME,AWAY,2,"(3, 4)",0.3806408414542508,0.2507367619819947,0.2507367619819947,100,"{3: 50.0, 4: 50.0}",0,-100.0,0,-2851640.0,1
2022-06-20,2022-06,EV,0,HOME,AWAY,3,"(1, 2)",0.4033203977611578,0.22336345494820753,0.22336345494820753,300,"{1: 150.0, 2: 150.0}",0,-300.0,0,-2851940.0,2
2022-06-25,2022-06,EV,0,HOME,AWAY,4,"(3, 4)",0.3806408414542508,0.15815409757996335,0.15815409757996335,900,"{3: 450.0, 4: 450.0}",1,3037.5,0,-2848902.5,0
2022-06-26,2022-06,EV,0,HOME,AWAY,1,"(3, 4)",0.3806408414542508,0.1440124264937237,0.1440124264937237,100,"{3: 50.0, 4: 50.0}",0,-100.0,0,-2849002.5,1
2022-06-27,2022-06,EV,0,HOME,AWAY,2,"(1, 2)",0.4033203977611578,0.15798045878941114,0.15798045878941114,300,"{1: 150.0, 2: 150.0}",1,375.0,0,-2848627.5,0
2022-06-29,2022-06,EV,0,HOME,AWAY,0,"(3, 4)",0.3806408414542508,0.21130727511100167,0.21130727511100167,100,"{3: 50.0, 4: 50.0}",0,-100.0,0,-2848727.5,1
2022-07-07,2022-07,EV,0,HOME,AWAY,3,"(1, 2)",0.4255301416768478,0.2287691577804618,0.2287691577804618,300,"{1: 150.0, 2: 150.0}",0,-300.0,0,-2849027.5,2
2022-07-09,2022-07,EV,0,HOME,AWAY,5,"(1, 2)",0.4255301416768478,0.2513796860310915,0.2513796860310915,900,"{1: 450.0, 2: 450.0}",0,-900.0,0,-2849927.5,3
2022-07-17,2022-07,EV,0,HOME,AWAY,0,"(3, 4)",0.36976242405729487,0.26425109194831986,0.26425109194831986,2700,"{3: 1350.0, 4: 1350.0}",0,-2700.0,0,-2852627.5,4
2022-07-18,2022-07,EV,0,HOME,AWAY,3,"(1, 2)",0.4255301416768478,0.308833038315941,0.308833038315941,8100,"{1: 4050.0, 2: 4050.0}",0,-8100.0,0,-2860727.5,5
2022-07-19,2022-07,EV,0,HOME,AWAY,6,"(1, 2)",0.4255301416768478,0.6798718069087717,0.6798718069087717,24300,"{1: 12150.0, 2: 12150.0}",0,-24300.0,0,-2885027.5,6
2022-07-20,2022-07,EV,0,HOME,AWAY,2,"(1, 2)",0.4255301416768478,1.3644959918095831,1.3644959918095831,72900,"{1: 36450.0, 2: 36450.0}",1,200475.0,0,-2684552.5,0
2022-07-23,2022-07,EV,0,HOME,AWAY,5,"(1, 2)",0.4255301416768478,2.3033981774169745,2.3033981774169745,100,"{1: 50.0, 2: 50.0}",0,-100.0,0,-2684652.5,1
2022-07-23,2022-07,EV,0,HOME,AWAY,5,"(1, 2)",0.4255301416768478,0.4500583977693733,0.4500583977693733,300,"{1: 150.0, 2: 150.0}",0,-300.0,0,-2684952.5,2
2022-07-24,2022-07,EV,0,HOME,AWAY,0,"(1, 2)",0.4255301416768478,0.6187103279908186,0.6187103279908186,900,"{1: 450.0, 2: 450.0}",0,-900.0,0,-2685852.5,3
2022-07-24,2022-07,EV,0,HOME,AWAY,3,"(1, 2)",0.4255301416768478,0.6064780322072281,0.6064780322072281,2700,"{1: 1350.0, 2: 1350.0}",0,-2700.0,0,-2688552.5,4
2022-07-26,2022-07,EV,0,HOME,AWAY,4,"(1, 2)",0.4255301416768478,1.6358223308171378,1.6358223308171378,8100,"{1: 4050.0, 2: 4050.0}",0,-8100.0,0,-2696652.5,5
2022-07-28,2022-07,EV,0,HOME,AWAY,7,"(1, 2)",0.4255301416768478,0.31680324952428807,0.31680324952428807,24300,"{1: 12150.0, 2: 12150.0}",0,-24300.0,0,-2720952.5,6
2022-07-30,2022-07,EV,0,HOME,AWAY,7,"(1, 2)",0.4255301416768478,0.31921127078298017,0.31921127078298017,72900,"{1: 36450.0, 2: 36450.0}",0,-72900.0,0,-2793852.5,7
2022-07-30,2022-07,EV,0,HOME,AWAY,2,"(3, 4)",0.36976242405729487,0.27528054531319057,0.27528054531319057,218700,"{3: 109350.0, 4: 109350.0}",0,-218700.0,1,-3012552.5,0
2022-07-31,2022-07,EV,0,HOME,AWAY,3,"(1, 2)",0.4255301416768478,0.3106871016324928,0.3106871016324928,100,"{1: 50.0, 2: 50.0}",0,-100.0,0,-3012652.5,1
2022-07-31,2022-07,EV,0,HOME,AWAY,7,"(1, 2)",0.4255301416768478,0.23303124235570571,0.23303124235570571,300,"{1: 150.0, 2: 150.0}",0,-300.0,0,-3012952.5,2
2022-08-06,2022-08,EV,0,HOME,AWAY,7,"(1, 2)",0.42375224977898546,0.5270471781603319,0.5270471781603319,900,"{1: 450.0, 2: 450.0}",0,-900.0,0,-3013852.5,3
2022-08-06,2022-08,EV,0,HOME,AWAY,5,"(1, 2)",0.42375224977898546,0.41887351927587124,0.41887351927587124,2700,"{1: 1350.0, 2: 1350.0}",0,-2700.0,0,-3016552.5,4
2022-08-13,2022-08,EV,0,HOME,AWAY,4,"(1, 2)",0.42375224977898546,0.5941487738106468,0.5941487738106468,8100,"{1: 4050.0, 2: 4050.0}",0,-8100.0,0,-3024652.5,5
2022-08-14,2022-08,EV,0,HOME,AWAY,2,"(1, 2)",0.42375224977898546,1.1716179385876666,1.1716179385876666,24300,"{1: 12150.0, 2: 12150.0}",1,57712.5,0,-2966940.0,0
2022-08-14,2022-08,EV,0,HOME,AWAY,7,"(1, 2)",0.42375224977898546,1.0512439895849672,1.0512439895849672,100,"{1: 50.0, 2: 50.0}",0,-100.0,0,-2967040.0,1
2022-08-14,2022-08,EV,0,HOME,AWAY,4,"(1, 2)",0.42375224977898546,0.5697481935741686,0.5697481935741686,300,"{1: 150.0, 2: 150.0}",0,-300.0,0,-2967340.0,2
2022-08-14,2022-08,EV,0,HOME,AWAY,7,"(1, 2)",0.42375224977898546,0.5167791623517954,0.5167791623517954,900,"{1: 450.0, 2: 450.0}",0,-900.0,0,-2968240.0,3
2022-08-20,2022-08,EV,0,HOME,AWAY,5,"(1, 2)",0.42375224977898546,0.41887351927587124,0.41887351927587124,2700,"{1: 1350.0, 2: 1350.0}",0,-2700.0,0,-2970940.0,4
2022-08-21,2022-08,EV,0,HOME,AWAY,7,"(1, 2)",0.42375224977898546,0.8104960915795676,0.8104960915795676,8100,"{1: 4050.0, 2: 4050.0}",0,-8100.0,0,-2979040.0,5
2022-08-21,2022-08,EV,0,HOME,AWAY,4,"(1, 2)",0.42375224977898546,0.5004110014841394,0.5004110014841394,24300,"{1: 12150.0, 2: 12150.0}",0,-24300.0,0,-3003340.0,6
2022-08-21,2022-08,EV,0,HOME,AWAY,1,"(1, 2)",0.42375224977898546,0.44327409951234964,0.44327409951234964,72900,"{1: 36450.0, 2: 36450.0}",1,255150.0,0,-2748190.0,0
2022-08-28,2022-08,EV,0,HOME,AWAY,2,"(1, 2)",0.42375224977898546,1.3529933381815615,1.3529933381815615,100,"{1: 50.0, 2: 50.0}",1,275.0,0,-2747915.0,0
2022-08-28,2022-08,EV,0,HOME,AWAY,2,"(1, 2)",0.42375224977898546,0.6512856757824368,0.6512856757824368,100,"{1: 50.0, 2: 50.0}",1,190.0,0,-2747725.0,0
2022-08-28,2022-08,EV,0,HOME,AWAY,7,"(1, 2)",0.42375224977898546,0.5697481935741686,0.5697481935741686,100,"{1: 50.0, 2: 50.0}",0,-100.0,0,-2747825.0,1
2022-08-29,2022-08,EV,0,HOME,AWAY,2,"(1, 2)",0.42375224977898546,0.8104960915795676,0.8104960915795676,300,"{1: 150.0, 2: 150.0}",1,600.0,0,-2747225.0,0
2022-08-29,2022-08,EV,0,HOME,AWAY,5,"(1, 2)",0.42375224977898546,0.522879307410915,0.522879307410915,100,"{1: 50.0, 2: 50.0}",0,-100.0,0,-2747325.0,1
2022-09-01,2022-09,EV,0,HOME,AWAY,6,"(1, 2)",0.4157509680008079,0.611646399485485,0.611646399485485,300,"{1: 150.0, 2: 150.0}",0,-300.0,0,-2747625.0,2
2022-09-01,2022-09,EV,0,HOME,AWAY,3,"(1, 2)",0.4157509680008079,0.43241930151538877,0.43241930151538877,900,"{1: 450.0, 2: 450.0}",0,-900.0,0,-2748525.0,3
2022-09-03,2022-09,EV,0,HOME,AWAY,4,"(1, 2)",0.4157509680008079,1.1538695106932613,1.1538695106932613,2700,"{1: 1350.0, 2: 1350.0}",0,-2700.0,0,-2751225.0,4
2022-09-03,2022-09,EV,0,HOME,AWAY,1,"(1, 2)",0.4157509680008079,0.5423836856987958,0.5423836856987958,8100,"{1: 4050.0, 2: 4050.0}",1,32400.0,0,-2718825.0,0
2022-09-04,2022-09,EV,0,HOME,AWAY,4,"(1, 2)",0.4157509680008079,0.5415976019357691,0.5415976019357691,100,"{1: 50.0, 2: 50.0}",0,-100.0,0,-2718925.0,1
2022-09-04,2022-09,EV,0,HOME,AWAY,3,"(1, 2)",0.4157509680008079,0.5257885840348979,0.5257885840348979,300,"{1: 150.0, 2: 150.0}",0,-300.0,0,-2719225.0,2
2022-09-08,2022-09,EV,0,HOME,AWAY,6,"(1, 2)",0.4157509680008079,0.679424288386457,0.679424288386457,900,"{1: 450.0, 2: 450.0}",0,-900.0,0,-2720125.0,3
2022-09-10,2022-09,EV,0,HOME,AWAY,1,"(1, 2)",0.4157509680008079,0.9791842300206528,0.9791842300206528,2700,"{1: 1350.0, 2: 1350.0}",1,14850.0,0,-2705275.0,0
2022-09-10,2022-09,EV,0,HOME,AWAY,4,"(1, 2)",0.4157509680008079,0.8315751678522987,0.8315751678522987,100,"{1: 50.0, 2: 50.0}",0,-100.0,0,-2705375.0,1
2022-09-11,2022-09,EV,0,HOME,AWAY,5,"(1, 2)",0.4157509680008079,0.735148892921019,0.735148892921019,300,"{1: 150.0, 2: 150.0}",0,-300.0,0,-2705675.0,2
2022-09-11,2022-09,EV,0,HOME,AWAY,1,"(1, 2)",0.4157509680008079,0.6041349324165628,0.6041349324165628,900,"{1: 450.0, 2: 450.0}",1,3825.0,0,-2701850.0,0
2022-09-12,2022-09,EV,0,HOME,AWAY,6,"(1, 2)",0.4157509680008079,0.41285455008005667,0.41285455008005667,100,"{1: 50.0, 2: 50.0}",0,-100.0,0,-2701950.0,1
2022-09-15,2022-09,EV,0,HOME,AWAY,4,"(1, 2)",0.4157509680008079,0.45425496159946466,0.45425496159946466,300,"{1: 150.0, 2: 150.0}",0,-300.0,0,-2702250.0,2
2022-09-15,2022-09,EV,0,HOME,AWAY,3,"(1, 2)",0.4157509680008079,0.41285455008005667,0.41285455008005667,900,"{1: 450.0, 2: 450.0}",0,-900.0,0,-2703150.0,3
2022-09-17,2022-09,EV,0,HOME,AWAY,1,"(1, 2)",0.4157509680008079,0.8315751678522987,0.8315751678522987,2700,"{1: 1350.0, 2: 1350.0}",1,13500.0,0,-2689650.0,0
2022-09-17,2022-09,EV,0,HOME,AWAY,3,"(1, 2)",0.4157509680008079,0.5966234653476405,0.5966234653476405,100,"{1: 50.0, 2: 50.0}",0,-100.0,0,-2689750.0,1
2022-10-06,2022-10,EV,0,HOME,AWAY,5,"(1, 2)",0.39712185146139756,0.6928288255024311,0.6928288255024311,300,"{1: 150.0, 2: 150.0}",0,-300.0,0,-2690050.0,2
2022-10-08,2022-10,EV,0,HOME,AWAY,6,"(1, 2)",0.39712185146139756,0.8212301970026938,0.8212301970026938,900,"{1: 450.0, 2: 450.0}",0,-900.0,0,-2690950.0,3
2022-10-08,2022-10,EV,0,HOME,AWAY,4,"(1, 2)",0.39712185146139756,0.6811355664640251,0.6811355664640251,2700,"{1: 1350.0, 2: 1350.0}",0,-2700.0,0,-2693650.0,4
2022-10-09,2022-10,EV,0,HOME,AWAY,5,"(1, 2)",0.39712185146139756,0.7570295112525625,0.7570295112525625,8100,"{1: 4050.0, 2: 4050.0}",0,-8100.0,0,-2701750.0,5
2022-10-09,2022-10,EV,0,HOME,AWAY,4,"(1, 2)",0.39712185146139756,0.3718253967517744,0.3718253967517744,24300,"{1: 12150.0, 2: 12150.0}",0,-24300.0,0,-2726050.0,6
2022-10-13,2022-10,EV,0,HOME,AWAY,6,"(1, 2)",0.39712185146139756,0.3917937282859456,0.3917937282859456,72900,"{1: 36450.0, 2: 36450.0}",0,-72900.0,0,-2798950.0,7
2022-10-14,2022-10,EV,0,HOME,AWAY,1,"(1, 2)",0.39712185146139756,0.3952119148285864,0.3952119148285864,218700,"{1: 109350.0, 2: 109350.0}",1,820125.0,0,-1978825.0,0
2022-10-15,2022-10,EV,0,HOME,AWAY,5,"(1, 2)",0.39712185146139756,0.5935483626370817,0.5935483626370817,100,"{1: 50.0, 2: 50.0}",0,-100.0,0,-1978925.0,1
2022-10-16,2022-10,EV,0,HOME,AWAY,3,"(1, 2)",0.39712185146139756,0.34270448811686083,0.34270448811686083,300,"{1: 150.0, 2: 150.0}",0,-300.0,0,-1979225.0,2
2022-10-17,2022-10,EV,0,HOME,AWAY,7,"(1, 2)",0.39712185146139756,1.5448653898506466,1.5448653898506466,900,"{1: 450.0, 2: 450.0}",0,-900.0,0,-1980125.0,3
2022-10-17,2022-10,EV,0,HOME,AWAY,5,"(1, 2)",0.39712185146139756,0.39223248058843385,0.39223248058843385,2700,"{1: 1350.0, 2: 1350.0}",0,-2700.0,0,-1982825.0,4
2022-10-22,2022-10,EV,0,HOME,AWAY,2,"(1, 2)",0.39712185146139756,0.48853350921363115,0.48853350921363115,8100,"{1: 4050.0, 2: 4050.0}",1,13770.0,0,-1969055.0,0
2022-10-23,2022-10,EV,0,HOME,AWAY,5,"(1, 2)",0.39712185146139756,0.6811355664640251,0.6811355664640251,100,"{1: 50.0, 2: 50.0}",0,-100.0,0,-1969155.0,1
2022-10-26,2022-10,EV,0,HOME,AWAY,7,"(1, 2)",0.39712185146139756,0.6520146578291117,0.6520146578291117,300,"{1: 150.0, 2: 150.0}",0,-300.0,0,-1969455.0,2
2022-10-29,2022-10,EV,0,HOME,AWAY,7,"(1, 2)",0.39712185146139756,0.7511828817333595,0.7511828817333595,900,"{1: 450.0, 2: 450.0}",0,-900.0,0,-1970355.0,3
2022-10-29,2022-10,EV,0,HOME,AWAY,7,"(1, 2)",0.39712185146139756,0.41263956442509375,0.41263956442509375,2700,"{1: 1350.0, 2: 1350.0}",0,-2700.0,0,-1973055.0,4
2022-11-04,2022-11,EV,0,HOME,AWAY,1,"(1, 2)",0.38039230718154576,0.32661817129564086,0.32661817129564086,8100,"{1: 4050.0, 2: 4050.0}",1,31387.5,0,-1941667.5,0
2022-11-05,2022-11,EV,0,HOME,AWAY,3,"(1, 2)",0.38039230718154576,0.4522396630624499,0.4522396630624499,100,"{1: 50.0, 2: 50.0}",0,-100.0,0,-1941767.5,1
2022-11-05,2022-11,EV,0,HOME,AWAY,5,"(1, 2)",0.38039230718154576,0.39119283311960507,0.39119283311960507,300,"{1: 150.0, 2: 150.0}",0,-300.0,0,-1942067.5,2
2022-11-06,2022-11,EV,0,HOME,AWAY,2,"(1, 2)",0.38039230718154576,0.4138936643546327,0.4138936643546327,900,"{1: 450.0, 2: 450.0}",1,1665.0,0,-1940402.5,0
2022-11-06,2022-11,EV,0,HOME,AWAY,2,"(1, 2)",0.38039230718154576,0.33014600317676,0.33014600317676,100,"{1: 50.0, 2: 50.0}",1,165.0,0,-1940237.5,0
2022-11-07,2022-11,EV,0,HOME,AWAY,3,"(1, 2)",0.38039230718154576,0.658080984126012,0.658080984126012,100,"{1: 50.0, 2: 50.0}",0,-100.0,0,-1940337.5,1
2022-11-07,2022-11,EV,0,HOME,AWAY,7,"(1, 2)",0.38039230718154576,0.4025432487371188,0.4025432487371188,300,"{1: 150.0, 2: 150.0}",0,-300.0,0,-1940637.5,2
2022-11-09,2022-11,EV,0,HOME,AWAY,7,"(1, 2)",0.38039230718154576,0.7347729815416462,0.7347729815416462,900,"{1: 450.0, 2: 450.0}",0,-900.0,0,-1941537.5,3
2022-11-10,2022-11,EV,0,HOME,AWAY,4,"(1, 2)",0.38039230718154576,0.6864570231697966,0.6864570231697966,2700,"{1: 1350.0, 2: 1350.0}",0,-2700.0,0,-1944237.5,4
2022-11-12,2022-11,EV,0,HOME,AWAY,3,"(1, 2)",0.38039230718154576,0.32447079536800305,0.32447079536800305,8100,"{1: 4050.0, 2: 4050.0}",0,-8100.0,0,-1952337.5,5
2022-11-13,2022-11,EV,0,HOME,AWAY,2,"(1, 2)",0.38039230718154576,0.6013289060384426,0.6013289060384426,24300,"{1: 12150.0, 2: 12150.0}",1,48600.0,0,-1903737.5,0
2022-11-13,2022-11,EV,0,HOME,AWAY,5,"(1, 2)",0.38039230718154576,0.4522396630624499,0.4522396630624499,100,"{1: 50.0, 2: 50.0}",0,-100.0,0,-1903837.5,1
2022-11-13,2022-11,EV,0,HOME,AWAY,6,"(1, 2)",0.38039230718154576,0.3947206650007242,0.3947206650007242,300,"{1: 150.0, 2: 150.0}",0,-300.0,0,-1904137.5,2
2022-11-14,2022-11,EV,0,HOME,AWAY,6,"(1, 2)",0.38039230718154576,0.4635900786799636,0.4635900786799636,900,"{1: 450.0, 2: 450.0}",0,-900.0,0,-1905037.5,3
2022-11-14,2022-11,EV,0,HOME,AWAY,5,"(1, 2)",0.38039230718154576,0.39119283311960507,0.39119283311960507,2700,"{1: 1350.0, 2: 1350.0}",0,-2700.0,0,-1907737.5,4
2022-11-14,2022-11,EV,0,HOME,AWAY,2,"(1, 2)",0.38039230718154576,0.34149641879427395,0.34149641879427395,8100,"{1: 4050.0, 2: 4050.0}",1,13770.0,0,-1893967.5,0
2022-12-02,2022-12,EV,0,HOME,AWAY,6,"(1, 2)",0.40864362084146466,0.29574081441814437,0.29574081441814437,100,"{1: 50.0, 2: 50.0}",0,-100.0,0,-1894067.5,1
2022-12-13,2022-12,EV,0,HOME,AWAY,1,"(1, 2)",0.40864362084146466,0.10844582153247284,0.10844582153247284,300,"{1: 150.0, 2: 150.0}",1,750.0,0,-1893317.5,0
2022-12-16,2022-12,EV,0,HOME,AWAY,4,"(1, 2)",0.40864362084146466,0.142499456602595,0.142499456602595,100,"{1: 50.0, 2: 50.0}",0,-100.0,0,-1893417.5,1
2022-12-21,2022-12,EV,0,HOME,AWAY,2,"(1, 2)",0.40864362084146466,0.1203645938070157,0.1203645938070157,300,"{1: 150.0, 2: 150.0}",1,360.00000000000006,0,-1893057.5,0
2022-12-27,2022-12,EV,0,HOME,AWAY,1,"(1, 2)",0.40864362084146466,0.09056766312065889,0.09056766312065889,100,"{1: 50.0, 2: 50.0}",1,250.0,0,-1892807.5,0
2022-12-27,2022-12,EV,0,HOME,AWAY,2,"(3, 4)",0.37822237351215554,0.09017037071150713,0.09017037071150713,100,"{3: 50.0, 4: 50.0}",0,-100.0,0,-1892907.5,1
2022-12-27,2022-12,EV,0,HOME,AWAY,1,"(3, 4)",0.37822237351215554,0.07904618325526735,0.07904618325526735,300,"{3: 150.0, 4: 150.0}",0,-300.0,0,-1893207.5,2
2022-12-29,2022-12,EV,0,HOME,AWAY,4,"(1, 2)",0.40864362084146466,0.22933622603140624,0.22933622603140624,900,"{1: 450.0, 2: 450.0}",0,-900.0,0,-1894107.5,3
2022-12-29,2022-12,EV,0,HOME,AWAY,3,"(1, 2)",0.40864362084146466,0.22933622603140624,0.22933622603140624,2700,"{1: 1350.0, 2: 1350.0}",0,-2700.0,0,-1896807.5,4
2022-12-29,2022-12,EV,0,HOME,AWAY,6,"(1, 2)",0.40864362084146466,0.09652704925793021,0.09652704925793021,8100,"{1: 4050.0, 2: 4050.0}",0,-8100.0,0,-1904907.5,5
2022-12-30,2022-12,EV,0,HOME,AWAY,3,"(1, 2)",0.40864362084146466,0.09056766312065889,0.09056766312065889,24300,"{1: 12150.0, 2: 12150.0}",0,-24300.0,0,-1929207.5,6
2022-12-31,2022-12,EV,0,HOME,AWAY,2,"(1, 2)",0.40864362084146466,0.4643063080152485,0.4643063080152485,72900,"{1: 36450.0, 2: 36450.0}",1,127575.0,0,-1801632.5,0
2022-12-31,2022-12,EV,0,HOME,AWAY,3,"(1, 2)",0.40864362084146466,0.307659586692687,0.307659586692687,100,"{1: 50.0, 2: 50.0}",0,-100.0,0,-1801732.5,1
2022-12-31,2022-12,EV,0,HOME,AWAY,2,"(3, 4)",0.37822237351215554,0.30709202610818465,0.30709202610818465,300,"{3: 150.0, 4: 150.0}",0,-300.0,0,-1802032.5,2
2022-12-31,2022-12,EV,0,HOME,AWAY,2,"(1, 2)",0.40864362084146466,0.16293163764466834,0.16293163764466834,900,"{1: 450.0, 2: 450.0}",1,1080.0000000000002,0,-1800952.5,0
2022-12-31,2022-12,EV,0,HOME,AWAY,1,"(3, 4)",0.37822237351215554,0.05957885520684747,0.05957885520684747,100,"{3: 50.0, 4: 50.0}",0,-100.0,0,-1801052.5,1
2023-01-04,2023-01,EV,0,HOME,AWAY,1,"(1, 2)",0.4423874920057396,0.33124088565067744,0.33124088565067744,300,"{1: 150.0, 2: 150.0}",1,900.0,0,-1800152.5,0
2023-01-04,2023-01,EV,0,HOME,AWAY,3,"(1, 2)",0.4423874920057396,0.21023207276147193,0.21023207276147193,100,"{1: 50.0, 2: 50.0}",0,-100.0,0,-1800252.5,1
2023-01-05,2023-01,EV,0,HOME,AWAY,6,"(1, 2)",0.4423874920057396,0.2832595958452826,0.2832595958452826,300,"{1: 150.0, 2: 150.0}",0,-300.0,0,-1800552.5,2
2023-01-07,2023-01,EV,0,HOME,AWAY,1,"(1, 2)",0.4423874920057396,0.3448195906656042,0.3448195906656042,900,"{1: 450.0, 2: 450.0}",1,2587.5,0,-1797965.0,0
2023-01-07,2023-01,EV,0,HOME,AWAY,1,"(1, 2)",0.4423874920057396,0.2957827124844905,0.2957827124844905,100,"{1: 50.0, 2: 50.0}",1,275.0,0,-1797690.0,0
2023-01-08,2023-01,EV,0,HOME,AWAY,4,"(1, 2)",0.4423874920057396,0.30725024074798,0.30725024074798,100,"{1: 50.0, 2: 50.0}",0,-100.0,0,-1797790.0,1
2023-01-08,2023-01,EV,0,HOME,AWAY,0,"(1, 2)",0.4423874920057396,0.2736633378842037,0.2736633378842037,300,"{1: 150.0, 2: 150.0}",0,-300.0,0,-1798090.0,2
2023-01-08,2023-01,EV,0,HOME,AWAY,2,"(1, 2)",0.4423874920057396,0.2592689509425852,0.2592689509425852,900,"{1: 450.0, 2: 450.0}",1,1125.0,0,-1796965.0,0
2023-01-10,2023-01,EV,0,HOME,AWAY,3,"(1, 2)",0.4423874920057396,0.2957827124844905,0.2957827124844905,100,"{1: 50.0, 2: 50.0}",0,-100.0,0,-1797065.0,1
2023-01-11,2023-01,EV,0,HOME,AWAY,3,"(1, 2)",0.4423874920057396,0.600415921458942,0.600415921458942,300,"{1: 150.0, 2: 150.0}",0,-300.0,0,-1797365.0,2
2023-01-12,2023-01,EV,0,HOME,AWAY,2,"(1, 2)",0.4423874920057396,0.7694060241535423,0.7694060241535423,900,"{1: 450.0, 2: 450.0}",1,1665.0,0,-1795700.0,0
2023-01-12,2023-01,EV,0,HOME,AWAY,2,"(1, 2)",0.4423874920057396,0.21023207276147193,0.21023207276147193,100,"{1: 50.0, 2: 50.0}",1,115.0,0,-1795585.0,0
2023-01-15,2023-01,EV,0,HOME,AWAY,0,"(1, 2)",0.4423874920057396,0.30725024074798,0.30725024074798,100,"{1: 50.0, 2: 50.0}",0,-100.0,0,-1795685.0,1
2023-01-29,2023-01,EV,0,HOME,AWAY,5,"(1, 2)",0.4423874920057396,0.7881906991123542,0.7881906991123542,300,"{1: 150.0, 2: 150.0}",0,-300.0,0,-1795985.0,2
2023-01-29,2023-01,EV,0,HOME,AWAY,7,"(1, 2)",0.4423874920057396,0.21023207276147193,0.21023207276147193,900,"{1: 450.0, 2: 450.0}",0,-900.0,0,-1796885.0,3
2023-01-30,2023-01,EV,0,HOME,AWAY,2,"(1, 2)",0.4423874920057396,0.3020442708040947,0.3020442708040947,2700,"{1: 1350.0, 2: 1350.0}",1,3577.500000000001,0,-1793307.5,0
2023-02-02,2023-02,EV,0,HOME,AWAY,4,"(1, 2)",0.4538498770436481,0.3334398972722452,0.3334398972722452,100,"{1: 50.0, 2: 50.0}",0,-100.0,0,-1793407.5,1
2023-02-05,2023-02,EV,0,HOME,AWAY,3,"(1, 2)",0.4538498770436481,0.35840413693361217,0.35840413693361217,300,"{1: 150.0, 2: 150.0}",0,-300.0,0,-1793707.5,2
2023-02-07,2023-02,EV,0,HOME,AWAY,0,"(1, 2)",0.4538498770436481,0.5213457292033532,0.5213457292033532,900,"{1: 450.0, 2: 450.0}",0,-900.0,0,-1794607.5,3
2023-02-11,2023-02,EV,0,HOME,AWAY,3,"(1, 2)",0.4538498770436481,1.1676574119163083,1.1676574119163083,2700,"{1: 1350.0, 2: 1350.0}",0,-2700.0,0,-1797307.5,4
2023-02-11,2023-02,EV,0,HOME,AWAY,5,"(1, 2)",0.4538498770436481,0.43782786541625063,0.43782786541625063,8100,"{1: 4050.0, 2: 4050.0}",0,-8100.0,0,-1805407.5,5
2023-02-11,2023-02,EV,0,HOME,AWAY,6,"(1, 2)",0.4538498770436481,0.3997074714533435,0.3997074714533435,24300,"{1: 12150.0, 2: 12150.0}",0,-24300.0,0,-1829707.5,6
2023-02-12,2023-02,EV,0,HOME,AWAY,4,"(1, 2)",0.4538498770436481,0.7228570717499059,0.7228570717499059,72900,"{1: 36450.0, 2: 36450.0}",0,-72900.0,0,-1902607.5,7
2023-02-13,2023-02,EV,0,HOME,AWAY,3,"(1, 2)",0.4538498770436481,0.3334398972722452,0.3334398972722452,218700,"{1: 109350.0, 2: 109350.0}",0,-218700.0,1,-2121307.5,0
2023-02-14,2023-02,EV,0,HOME,AWAY,2,"(1, 2)",0.4538498770436481,0.6107551535505382,0.6107551535505382,100,"{1: 50.0, 2: 50.0}",1,162.5,0,-2121145.0,0
2023-02-18,2023-02,EV,0,HOME,AWAY,5,"(1, 2)",0.4538498770436481,0.7473719550973681,0.7473719550973681,100,"{1: 50.0, 2: 50.0}",0,-100.0,0,-2121245.0,1
2023-02-19,2023-02,EV,0,HOME,AWAY,4,"(1, 2)",0.4538498770436481,0.3334398972722452,0.3334398972722452,300,"{1: 150.0, 2: 150.0}",0,-300.0,0,-2121545.0,2
2023-02-20,2023-02,EV,0,HOME,AWAY,5,"(1, 2)",0.4538498770436481,0.4024285735764326,0.4024285735764326,900,"{1: 450.0, 2: 450.0}",0,-900.0,0,-2122445.0,3
2023-02-21,2023-02,EV,0,HOME,AWAY,6,"(1, 2)",0.4538498770436481,0.6221014004766294,0.6221014004766294,2700,"{1: 1350.0, 2: 1350.0}",0,-2700.0,0,-2125145.0,4
2023-02-25,2023-02,EV,0,HOME,AWAY,1,"(1, 2)",0.4538498770436481,0.3833683765949789,0.3833683765949789,8100,"{1: 4050.0, 2: 4050.0}",1,24300.0,0,-2100845.0,0
2023-02-27,2023-02,EV,0,HOME,AWAY,3,"(1, 2)",0.4538498770436481,0.3334398972722452,0.3334398972722452,100,"{1: 50.0, 2: 50.0}",0,-100.0,0,-2100945.0,1
2023-02-28,2023-02,EV,0,HOME,AWAY,5,"(1, 2)",0.4538498770436481,0.7600787530850037,0.7600787530850037,300,"{1: 150.0, 2: 150.0}",0,-300.0,0,-2101245.0,2
2023-03-01,2023-03,EV,0,HOME,AWAY,3,"(1, 2)",0.43174953607985217,0.28424685346578715,0.28424685346578715,900,"{1: 450.0, 2: 450.0}",0,-900.0,0,-2102145.0,3
2023-03-05,2023-03,EV,0,HOME,AWAY,1,"(1, 2)",0.43174953607985217,0.4029548629575497,0.4029548629575497,2700,"{1: 1350.0, 2: 1350.0}",1,8775.0,0,-2093370.0,0
2023-03-05,2023-03,EV,0,HOME,AWAY,1,"(1, 2)",0.43174953607985217,0.2965891581909821,0.2965891581909821,100,"{1: 50.0, 2: 50.0}",1,287.5,0,-2093082.5,0
2023-03-05,2023-03,EV,0,HOME,AWAY,3,"(1, 2)",0.43174953607985217,0.2595622440153975,0.2595622440153975,100,"{1: 50.0, 2: 50.0}",0,-100.0,0,-2093182.5,1
2023-03-11,2023-03,EV,0,HOME,AWAY,7,"(1, 2)",0.43174953607985217,1.0349779391943565,1.0349779391943565,300,"{1: 150.0, 2: 150.0}",0,-300.0,0,-2093482.5,2
2023-03-12,2023-03,EV,0,HOME,AWAY,7,"(1, 2)",0.43174953607985217,0.5864021899310927,0.5864021899310927,900,"{1: 450.0, 2: 450.0}",0,-900.0,0,-2094382.5,3
2023-03-17,2023-03,EV,0,HOME,AWAY,6,"(1, 2)",0.43174953607985217,0.23644931381840317,0.23644931381840317,2700,"{1: 1350.0, 2: 1350.0}",0,-2700.0,0,-2097082.5,4
2023-03-18,2023-03,EV,0,HOME,AWAY,2,"(1, 2)",0.43174953607985217,0.37209910114456246,0.37209910114456246,8100,"{1: 4050.0, 2: 4050.0}",1,11137.5,0,-2085945.0,0
2023-03-18,2023-03,EV,0,HOME,AWAY,6,"(1, 2)",0.43174953607985217,0.24721993929020236,0.24721993929020236,100,"{1: 50.0, 2: 50.0}",0,-100.0,0,-2086045.0,1
2023-03-19,2023-03,EV,0,HOME,AWAY,5,"(1, 2)",0.43174953607985217,0.5724882059525023,0.5724882059525023,300,"{1: 150.0, 2: 150.0}",0,-300.0,0,-2086345.0,2
2023-03-19,2023-03,EV,0,HOME,AWAY,6,"(1, 2)",0.43174953607985217,0.2487916185435981,0.2487916185435981,900,"{1: 450.0, 2: 450.0}",0,-900.0,0,-2087245.0,3
2023-03-20,2023-03,EV,0,HOME,AWAY,3,"(1, 2)",0.43174953607985217,0.41215380917595335,0.41215380917595335,2700,"{1: 1350.0, 2: 1350.0}",0,-2700.0,0,-2089945.0,4
2023-03-24,2023-03,EV,0,HOME,AWAY,4,"(1, 2)",0.43174953607985217,3.9951664741743924,3.9951664741743924,8100,"{1: 4050.0, 2: 4050.0}",0,-8100.0,0,-2098045.0,5
2023-03-24,2023-03,EV,0,HOME,AWAY,2,"(1, 2)",0.43174953607985217,0.3258732407505738,0.3258732407505738,24300,"{1: 12150.0, 2: 12150.0}",1,33412.5,0,-2064632.5,0
2023-03-26,2023-03,EV,0,HOME,AWAY,5,"(1, 2)",0.43174953607985217,0.6372275234342832,0.6372275234342832,100,"{1: 50.0, 2: 50.0}",0,-100.0,0,-2064732.5,1
2023-03-26,2023-03,EV,0,HOME,AWAY,2,"(1, 2)",0.43174953607985217,0.4368384186263432,0.4368384186263432,300,"{1: 150.0, 2: 150.0}",1,435.0,0,-2064297.5,0
2023-04-02,2023-04,EV,0,HOME,AWAY,6,"(1, 2)",0.39447020538802446,0.45404304395897244,0.45404304395897244,100,"{1: 50.0, 2: 50.0}",0,-100.0,0,-2064397.5,1
2023-04-04,2023-04,EV,0,HOME,AWAY,5,"(1, 2)",0.39447020538802446,0.33828867221396175,0.33828867221396175,300,"{1: 150.0, 2: 150.0}",0,-300.0,0,-2064697.5,2
2023-04-05,2023-04,EV,0,HOME,AWAY,3,"(1, 2)",0.39447020538802446,0.3588205230681747,0.3588205230681747,900,"{1: 450.0, 2: 450.0}",0,-900.0,0,-2065597.5,3
2023-04-09,2023-04,EV,0,HOME,AWAY,4,"(1, 2)",0.39447020538802446,0.9464841282261536,0.9464841282261536,2700,"{1: 1350.0, 2: 1350.0}",0,-2700.0,0,-2068297.5,4
2023-04-09,2023-04,EV,0,HOME,AWAY,4,"(1, 2)",0.39447020538802446,0.4485463279822537,0.4485463279822537,8100,"{1: 4050.0, 2: 4050.0}",0,-8100.0,0,-2076397.5,5
2023-04-10,2023-04,EV,0,HOME,AWAY,6,"(1, 2)",0.39447020538802446,0.3180801575936738,0.3180801575936738,24300,"{1: 12150.0, 2: 12150.0}",0,-24300.0,0,-2100697.5,6
2023-04-15,2023-04,EV,0,HOME,AWAY,2,"(1, 2)",0.39447020538802446,0.8882836061197239,0.8882836061197239,72900,"{1: 36450.0, 2: 36450.0}",1,164025.0,0,-1936672.5,0
2023-04-16,2023-04,EV,0,HOME,AWAY,4,"(1, 2)",0.39447020538802446,0.44272627577161083,0.44272627577161083,100,"{1: 50.0, 2: 50.0}",0,-100.0,0,-1936772.5,1
2023-04-16,2023-04,EV,0,HOME,AWAY,5,"(1, 2)",0.39447020538802446,0.3848490898991057,0.3848490898991057,300,"{1: 150.0, 2: 150.0}",0,-300.0,0,-1937072.5,2
2023-04-16,2023-04,EV,0,HOME,AWAY,3,"(1, 2)",0.39447020538802446,0.23773110346340798,0.23773110346340798,900,"{1: 450.0, 2: 450.0}",0,-900.0,0,-1937972.5,3
2023-04-16,2023-04,EV,0,HOME,AWAY,4,"(1, 2)",0.39447020538802446,0.23724609911252115,0.23724609911252115,2700,"{1: 1350.0, 2: 1350.0}",0,-2700.0,0,-1940672.5,4
2023-04-29,2023-04,EV,0,HOME,AWAY,4,"(1, 2)",0.39447020538802446,0.6684149670509889,0.6684149670509889,8100,"{1: 4050.0, 2: 4050.0}",0,-8100.0,0,-1948772.5,5
2023-04-29,2023-04,EV,0,HOME,AWAY,1,"(1, 2)",0.39447020538802446,0.3095117473946716,0.3095117473946716,24300,"{1: 12150.0, 2: 12150.0}",1,85050.0,0,-1863722.5,0
2023-04-30,2023-04,EV,0,HOME,AWAY,2,"(1, 2)",0.39447020538802446,0.7379322573447802,0.7379322573447802,100,"{1: 50.0, 2: 50.0}",1,212.5,0,-1863510.0,0
2023-04-30,2023-04,EV,0,HOME,AWAY,4,"(1, 2)",0.39447020538802446,0.4485463279822537,0.4485463279822537,100,"{1: 50.0, 2: 50.0}",0,-100.0,0,-1863610.0,1
2023-04-30,2023-04,EV,0,HOME,AWAY,6,"(1, 2)",0.39447020538802446,0.3095117473946716,0.3095117473946716,300,"{1: 150.0, 2: 150.0}",0,-300.0,0,-1863910.0,2
2023-05-06,2023-05,EV,0,HOME,AWAY,3,"(1, 2)",0.38039230718154576,0.23857575826249278,0.23857575826249278,900,"{1: 450.0, 2: 450.0}",0,-900.0,0,-1864810.0,3
2023-05-07,2023-05,EV,0,HOME,AWAY,3,"(1, 2)",0.38039230718154576,0.5402820760955978,0.5402820760955978,2700,"{1: 1350.0, 2: 1350.0}",0,-2700.0,0,-1867510.0,4
2023-05-07,2023-05,EV,0,HOME,AWAY,2,"(1, 2)",0.38039230718154576,0.37984241750209113,0.37984241750209113,8100,"{1: 4050.0, 2: 4050.0}",1,13770.0,0,-1853740.0,0
2023-05-13,2023-05,EV,0,HOME,AWAY,6,"(1, 2)",0.38039230718154576,0.7447429412056787,0.7447429412056787,100,"{1: 50.0, 2: 50.0}",0,-100.0,0,-1853840.0,1
2023-05-14,2023-05,EV,0,HOME,AWAY,7,"(1, 2)",0.38039230718154576,0.7063969424978616,0.7063969424978616,300,"{1: 150.0, 2: 150.0}",0,-300.0,0,-1854140.0,2
2023-05-14,2023-05,EV,0,HOME,AWAY,5,"(1, 2)",0.38039230718154576,0.21940275890858407,0.21940275890858407,900,"{1: 450.0, 2: 450.0}",0,-900.0,0,-1855040.0,3
2023-05-15,2023-05,EV,0,HOME,AWAY,3,"(1, 2)",0.38039230718154576,0.7347729815416462,0.7347729815416462,2700,"{1: 1350.0, 2: 1350.0}",0,-2700.0,0,-1857740.0,4
2023-05-20,2023-05,EV,0,HOME,AWAY,5,"(1, 2)",0.38039230718154576,0.2712465491615528,0.2712465491615528,8100,"{1: 4050.0, 2: 4050.0}",0,-8100.0,0,-1865840.0,5
2023-05-21,2023-05,EV,0,HOME,AWAY,6,"(1, 2)",0.38039230718154576,0.3855176253108481,0.3855176253108481,24300,"{1: 12150.0, 2: 12150.0}",0,-24300.0,0,-1890140.0,6
2023-05-21,2023-05,EV,0,HOME,AWAY,3,"(1, 2)",0.38039230718154576,0.37984241750209113,0.37984241750209113,72900,"{1: 36450.0, 2: 36450.0}",0,-72900.0,0,-1963040.0,7
2023-05-21,2023-05,EV,0,HOME,AWAY,4,"(1, 2)",0.38039230718154576,0.3074451719417324,0.3074451719417324,218700,"{1: 109350.0, 2: 109350.0}",0,-218700.0,1,-2181740.0,0
2023-05-21,2023-05,EV,0,HOME,AWAY,4,"(1, 2)",0.38039230718154576,0.2847443407067045,0.2847443407067045,100,"{1: 50.0, 2: 50.0}",0,-100.0,0,-2181840.0,1
2023-05-22,2023-05,EV,0,HOME,AWAY,4,"(1, 2)",0.38039230718154576,0.29609475632421844,0.29609475632421844,300,"{1: 150.0, 2: 150.0}",0,-300.0,0,-2182140.0,2
2023-05-27,2023-05,EV,0,HOME,AWAY,4,"(1, 2)",0.38039230718154576,0.9832550531683011,0.9832550531683011,900,"{1: 450.0, 2: 450.0}",0,-900.0,0,-2183040.0,3
2023-05-27,2023-05,EV,0,HOME,AWAY,3,"(1, 2)",0.38039230718154576,0.6013289060384426,0.6013289060384426,2700,"{1: 1350.0, 2: 1350.0}",0,-2700.0,0,-2185740.0,4
2023-05-29,2023-05,EV,0,HOME,AWAY,6,"(1, 2)",0.38039230718154576,0.19670192767355643,0.19670192767355643,8100,"{1: 4050.0, 2: 4050.0}",0,-8100.0,0,-2193840.0,5
2023-06-04,2023-06,EV,0,HOME,AWAY,3,"(1, 2)",0.4033203977611578,0.15798045878941114,0.15798045878941114,24300,"{1: 12150.0, 2: 12150.0}",0,-24300.0,0,-2218140.0,6
2023-06-04,2023-06,EV,0,HOME,AWAY,4,"(1, 2)",0.4033203977611578,0.1520726082424957,0.1520726082424957,72900,"{1: 36450.0, 2: 36450.0}",0,-72900.0,0,-2291040.0,7
2023-06-05,2023-06,EV,0,HOME,AWAY,7,"(1, 2)",0.4033203977611578,0.15798045878941114,0.15798045878941114,218700,"{1: 109350.0, 2: 109350.0}",0,-218700.0,1,-2509740.0,0
2023-06-06,2023-06,EV,0,HOME,AWAY,5,"(1, 2)",0.4033203977611578,0.19484711626592288,0.19484711626592288,100,"{1: 50.0, 2: 50.0}",0,-100.0,0,-2509840.0,1
2023-06-10,2023-06,EV,0,HOME,AWAY,7,"(1, 2)",0.4033203977611578,0.14616475769558024,0.14616475769558024,300,"{1: 150.0, 2: 150.0}",0,-300.0,0,-2510140.0,2
2023-06-11,2023-06,EV,0,HOME,AWAY,3,"(1, 2)",0.4033203977611578,0.33325365028023324,0.33325365028023324,900,"{1: 450.0, 2: 450.0}",0,-900.0,0,-2511040.0,3
2023-06-11,2023-06,EV,0,HOME,AWAY,4,"(1, 2)",0.4033203977611578,0.14616475769558024,0.14616475769558024,2700,"{1: 1350.0, 2: 1350.0}",0,-2700.0,0,-2513740.0,4
2023-06-15,2023-06,EV,0,HOME,AWAY,2,"(1, 2)",0.4033203977611578,0.14616475769558024,0.14616475769558024,8100,"{1: 4050.0, 2: 4050.0}",1,9720.000000000002,0,-2504020.0,0
2023-06-16,2023-06,EV,0,HOME,AWAY,4,"(1, 2)",0.4033203977611578,0.49119993027303455,0.49119993027303455,100,"{1: 50.0, 2: 50.0}",0,-100.0,0,-2504120.0,1
2023-06-20,2023-06,EV,0,HOME,AWAY,7,"(1, 2)",0.4033203977611578,0.15798045878941114,0.15798045878941114,300,"{1: 150.0, 2: 150.0}",0,-300.0,0,-2504420.0,2
2023-06-21,2023-06,EV,0,HOME,AWAY,4,"(1, 2)",0.4033203977611578,0.13710466180384406,0.13710466180384406,900,"{1: 450.0, 2: 450.0}",0,-900.0,0,-2505320.0,3
2023-06-25,2023-06,EV,0,HOME,AWAY,1,"(1, 2)",0.4033203977611578,0.23517915604203865,0.23517915604203865,2700,"{1: 1350.0, 2: 1350.0}",1,8100.0,0,-2497220.0,0
2023-06-25,2023-06,EV,0,HOME,AWAY,4,"(1, 2)",0.4033203977611578,0.19067195686880933,0.19067195686880933,100,"{1: 50.0, 2: 50.0}",0,-100.0,0,-2497320.0,1
2023-06-26,2023-06,EV,0,HOME,AWAY,2,"(1, 2)",0.4033203977611578,0.276930750013173,0.276930750013173,300,"{1: 150.0, 2: 150.0}",1,420.0,0,-2496900.0,0
2023-06-29,2023-06,EV,0,HOME,AWAY,4,"(1, 2)",0.4033203977611578,0.13710466180384406,0.13710466180384406,100,"{1: 50.0, 2: 50.0}",0,-100.0,0,-2497000.0,1
2023-06-30,2023-06,EV,0,HOME,AWAY,4,"(1, 2)",0.4033203977611578,0.30056215220083504,0.30056215220083504,300,"{1: 150.0, 2: 150.0}",0,-300.0,0,-2497300.0,2
2023-07-02,2023-07,EV,0,HOME,AWAY,5,"(1, 2)",0.4157509680008079,0.41285455008005667,0.41285455008005667,900,"{1: 450.0, 2: 450.0}",0,-900.0,0,-2498200.0,3
2023-07-02,2023-07,EV,0,HOME,AWAY,3,"(1, 2)",0.4157509680008079,0.3209700924462646,0.3209700924462646,2700,"{1: 1350.0, 2: 1350.0}",0,-2700.0,0,-2500900.0,4
2023-07-03,2023-07,EV,0,HOME,AWAY,6,"(1, 2)",0.4157509680008079,0.3789656056295705,0.3789656056295705,8100,"{1: 4050.0, 2: 4050.0}",0,-8100.0,0,-2509000.0,5
2023-07-15,2023-07,EV,0,HOME,AWAY,6,"(1, 2)",0.4157509680008079,0.4625525124314138,0.4625525124314138,24300,"{1: 12150.0, 2: 12150.0}",0,-24300.0,0,-2533300.0,6
2023-07-16,2023-07,EV,0,HOME,AWAY,3,"(1, 2)",0.4157509680008079,0.41285455008005667,0.41285455008005667,72900,"{1: 36450.0, 2: 36450.0}",0,-72900.0,0,-2606200.0,7
2023-07-16,2023-07,EV,0,HOME,AWAY,5,"(1, 2)",0.4157509680008079,0.3330233768126747,0.3330233768126747,218700,"{1: 109350.0, 2: 109350.0}",0,-218700.0,1,-2824900.0,0
2023-07-17,2023-07,EV,0,HOME,AWAY,1,"(1, 2)",0.4157509680008079,0.2772987722781126,0.2772987722781126,100,"{1: 50.0, 2: 50.0}",1,300.0,0,-2824600.0,0
2023-07-22,2023-07,EV,0,HOME,AWAY,5,"(1, 2)",0.4157509680008079,0.5438685105845129,0.5438685105845129,100,"{1: 50.0, 2: 50.0}",0,-100.0,0,-2824700.0,1
2023-07-23,2023-07,EV,0,HOME,AWAY,6,"(1, 2)",0.4157509680008079,0.6719128213175347,0.6719128213175347,300,"{1: 150.0, 2: 150.0}",0,-300.0,0,-2825000.0,2
2023-07-23,2023-07,EV,0,HOME,AWAY,3,"(1, 2)",0.4157509680008079,0.3766946969808269,0.3766946969808269,900,"{1: 450.0, 2: 450.0}",0,-900.0,0,-2825900.0,3
2023-07-23,2023-07,EV,0,HOME,AWAY,7,"(1, 2)",0.4157509680008079,0.34507666117908453,0.34507666117908453,2700,"{1: 1350.0, 2: 1350.0}",0,-2700.0,0,-2828600.0,4
2023-07-24,2023-07,EV,0,HOME,AWAY,6,"(1, 2)",0.4157509680008079,0.7035308571192771,0.7035308571192771,8100,"{1: 4050.0, 2: 4050.0}",0,-8100.0,0,-2836700.0,5
2023-07-25,2023-07,EV,0,HOME,AWAY,4,"(1, 2)",0.4157509680008079,0.2860330363117429,0.2860330363117429,24300,"{1: 12150.0, 2: 12150.0}",0,-24300.0,0,-2861000.0,6
2023-07-26,2023-07,EV,0,HOME,AWAY,2,"(1, 2)",0.4157509680008079,0.6357529682183047,0.6357529682183047,72900,"{1: 36450.0, 2: 36450.0}",1,131220.0,0,-2729780.0,0
2023-07-30,2023-07,EV,0,HOME,AWAY,2,"(1, 2)",0.4157509680008079,0.3330233768126747,0.3330233768126747,100,"{1: 50.0, 2: 50.0}",1,145.00000000000003,0,-2729635.0,0
2023-07-30,2023-07,EV,0,HOME,AWAY,3,"(1, 2)",0.4157509680008079,0.32428911277904415,0.32428911277904415,100,"{1: 50.0, 2: 50.0}",0,-100.0,0,-2729735.0,1
2023-08-06,2023-08,EV,0,HOME,AWAY,4,"(1, 2)",0.40953153683860366,0.2929175382909044,0.2929175382909044,300,"{1: 150.0, 2: 150.0}",0,-300.0,0,-2730035.0,2
2023-08-06,2023-08,EV,0,HOME,AWAY,6,"(1, 2)",0.40953153683860366,0.28694965171392894,0.28694965171392894,900,"{1: 450.0, 2: 450.0}",0,-900.0,0,-2730935.0,3
2023-08-06,2023-08,EV,0,HOME,AWAY,1,"(1, 2)",0.40953153683860366,0.27501387855997805,0.27501387855997805,2700,"{1: 1350.0, 2: 1350.0}",1,8775.0,0,-2722160.0,0
2023-08-07,2023-08,EV,0,HOME,AWAY,5,"(1, 2)",0.40953153683860366,0.37739676276962886,0.37739676276962886,100,"{1: 50.0, 2: 50.0}",0,-100.0,0,-2722260.0,1
2023-08-12,2023-08,EV,0,HOME,AWAY,3,"(1, 2)",0.40953153683860366,0.24424563327403304,0.24424563327403304,300,"{1: 150.0, 2: 150.0}",0,-300.0,0,-2722560.0,2
2023-08-13,2023-08,EV,0,HOME,AWAY,3,"(1, 2)",0.40953153683860366,0.553251910705121,0.553251910705121,900,"{1: 450.0, 2: 450.0}",0,-900.0,0,-2723460.0,3
2023-08-13,2023-08,EV,0,HOME,AWAY,5,"(1, 2)",0.40953153683860366,0.443972327517427,0.443972327517427,2700,"{1: 1350.0, 2: 1350.0}",0,-2700.0,0,-2726160.0,4
2023-08-19,2023-08,EV,0,HOME,AWAY,4,"(1, 2)",0.40953153683860366,0.7052355123327114,0.7052355123327114,8100,"{1: 4050.0, 2: 4050.0}",0,-8100.0,0,-2734260.0,5
2023-08-19,2023-08,EV,0,HOME,AWAY,4,"(1, 2)",0.40953153683860366,0.38418670170157254,0.38418670170157254,24300,"{1: 12150.0, 2: 12150.0}",0,-24300.0,0,-2758560.0,6
2023-08-20,2023-08,EV,0,HOME,AWAY,2,"(1, 2)",0.40953153683860366,0.24424563327403304,0.24424563327403304,72900,"{1: 36450.0, 2: 36450.0}",1,98415.0,0,-2660145.0,0
2023-08-20,2023-08,EV,0,HOME,AWAY,1,"(1, 2)",0.40953153683860366,0.24424563327403304,0.24424563327403304,100,"{1: 50.0, 2: 50.0}",1,300.0,0,-2659845.0,0
2023-08-22,2023-08,EV,0,HOME,AWAY,3,"(1, 2)",0.40953153683860366,0.4081650080555741,0.4081650080555741,100,"{1: 50.0, 2: 50.0}",0,-100.0,0,-2659945.0,1
2023-08-26,2023-08,EV,0,HOME,AWAY,2,"(1, 2)",0.40953153683860366,0.49861211911127423,0.49861211911127423,300,"{1: 150.0, 2: 150.0}",1,510.0,0,-2659435.0,0
2023-08-27,2023-08,EV,0,HOME,AWAY,4,"(1, 2)",0.40953153683860366,1.4922065161523368,1.4922065161523368,100,"{1: 50.0, 2: 50.0}",0,-100.0,0,-2659535.0,1
2023-08-27,2023-08,EV,0,HOME,AWAY,7,"(1, 2)",0.40953153683860366,0.46784387382532877,0.46784387382532877,300,"{1: 150.0, 2: 150.0}",0,-300.0,0,-2659835.0,2
2023-08-27,2023-08,EV,0,HOME,AWAY,1,"(1, 2)",0.40953153683860366,0.28694965171392894,0.28694965171392894,900,"{1: 450.0, 2: 450.0}",1,2925.0,0,-2656910.0,0
2023-09-02,2023-09,EV,0,HOME,AWAY,4,"(1, 2)",0.3777669639538688,0.36926286984887224,0.36926286984887224,100,"{1: 50.0, 2: 50.0}",0,-100.0,0,-2657010.0,1
2023-09-03,2023-09,EV,0,HOME,AWAY,3,"(1, 2)",0.3777669639538688,0.5888992403486843,0.5888992403486843,300,"{1: 150.0, 2: 150.0}",0,-300.0,0,-2657310.0,2
2023-09-09,2023-09,EV,0,HOME,AWAY,6,"(1, 2)",0.3777669639538688,0.8537157804067985,0.8537157804067985,900,"{1: 450.0, 2: 450.0}",0,-900.0,0,-2658210.0,3
2023-09-13,2023-09,EV,0,HOME,AWAY,6,"(1, 2)",0.3777669639538688,0.7213075103777413,0.7213075103777413,2700,"{1: 1350.0, 2: 1350.0}",0,-2700.0,0,-2660910.0,4
2023-09-16,2023-09,EV,0,HOME,AWAY,4,"(1, 2)",0.3777669639538688,0.41852444127903743,0.41852444127903743,8100,"{1: 4050.0, 2: 4050.0}",0,-8100.0,0,-2669010.0,5
2023-09-17,2023-09,EV,0,HOME,AWAY,5,"(3, 4)",0.39063198164197444,0.4011647155132827,0.4011647155132827,24300,"{3: 12150.0, 4: 12150.0}",0,-24300.0,0,-2693310.0,6
2023-09-22,2023-09,EV,0,HOME,AWAY,1,"(1, 2)",0.3777669639538688,1.8194893628768023,1.8194893628768023,72900,"{1: 36450.0, 2: 36450.0}",1,765450.0,0,-1927860.0,0
2023-09-23,2023-09,EV,0,HOME,AWAY,7,"(1, 2)",0.3777669639538688,0.929648838487978,0.929648838487978,100,"{1: 50.0, 2: 50.0}",0,-100.0,0,-1927960.0,1
2023-09-24,2023-09,EV,0,HOME,AWAY,5,"(1, 2)",0.3777669639538688,0.37695109197959153,0.37695109197959153,300,"{1: 150.0, 2: 150.0}",0,-300.0,0,-1928260.0,2
2023-09-24,2023-09,EV,0,HOME,AWAY,0,"(1, 2)",0.3777669639538688,0.3636153486540845,0.3636153486540845,900,"{1: 450.0, 2: 450.0}",0,-900.0,0,-1929160.0,3
2023-09-24,2023-09,EV,0,HOME,AWAY,4,"(1, 2)",0.3777669639538688,0.33537774268014564,0.33537774268014564,2700,"{1: 1350.0, 2: 1350.0}",0,-2700.0,0,-1931860.0,4
2023-09-24,2023-09,EV,0,HOME,AWAY,3,"(1, 2)",0.3777669639538688,0.32000129841870684,0.32000129841870684,8100,"{1: 4050.0, 2: 4050.0}",0,-8100.0,0,-1939960.0,5
2023-09-28,2023-09,EV,0,HOME,AWAY,7,"(1, 2)",0.3777669639538688,0.6268657693892741,0.6268657693892741,24300,"{1: 12150.0, 2: 12150.0}",0,-24300.0,0,-1964260.0,6
2023-09-30,2023-09,EV,0,HOME,AWAY,7,"(1, 2)",0.3777669639538688,0.7213075103777413,0.7213075103777413,72900,"{1: 36450.0, 2: 36450.0}",0,-72900.0,0,-2037160.0,7
2023-09-30,2023-09,EV,0,HOME,AWAY,4,"(1, 2)",0.3777669639538688,0.655103375363213,0.655103375363213,218700,"{1: 109350.0, 2: 109350.0}",0,-218700.0,1,-2255860.0,0
2023-09-30,2023-09,EV,0,HOME,AWAY,4,"(1, 2)",0.3777669639538688,0.3466727850697213,0.3466727850697213,100,"{1: 50.0, 2: 50.0}",0,-100.0,0,-2255960.0,1
2023-10-01,2023-10,EV,0,HOME,AWAY,3,"(1, 2)",0.3690546159712227,0.23110009954579502,0.23110009954579502,300,"{1: 150.0, 2: 150.0}",0,-300.0,0,-2256260.0,2
2023-10-06,2023-10,EV,0,HOME,AWAY,7,"(1, 2)",0.3690546159712227,2.1690958565489074,2.1690958565489074,900,"{1: 450.0, 2: 450.0}",0,-900.0,0,-2257160.0,3
2023-10-08,2023-10,EV,0,HOME,AWAY,3,"(1, 2)",0.3690546159712227,0.5478260759390086,0.5478260759390086,2700,"{1: 1350.0, 2: 1350.0}",0,-2700.0,0,-2259860.0,4
2023-10-08,2023-10,EV,0,HOME,AWAY,4,"(1, 2)",0.3690546159712227,0.37656453710957694,0.37656453710957694,8100,"{1: 4050.0, 2: 4050.0}",0,-8100.0,0,-2267960.0,5
2023-10-08,2023-10,EV,0,HOME,AWAY,4,"(1, 2)",0.3690546159712227,0.2164113586116172,0.2164113586116172,24300,"{1: 12150.0, 2: 12150.0}",0,-24300.0,0,-2292260.0,6
2023-10-18,2023-10,EV,0,HOME,AWAY,3,"(1, 2)",0.3690546159712227,1.9469286499194647,1.9469286499194647,72900,"{1: 36450.0, 2: 36450.0}",0,-72900.0,0,-2365160.0,7
2023-10-21,2023-10,EV,0,HOME,AWAY,1,"(1, 2)",0.3690546159712227,0.5145009949445922,0.5145009949445922,218700,"{1: 109350.0, 2: 109350.0}",1,1093500.0,0,-1271660.0,0
2023-10-21,2023-10,EV,0,HOME,AWAY,3,"(1, 2)",0.3690546159712227,0.22921810461360348,0.22921810461360348,100,"{1: 50.0, 2: 50.0}",0,-100.0,0,-1271760.0,1
2023-10-21,2023-10,EV,0,HOME,AWAY,2,"(1, 2)",0.3690546159712227,0.2164113586116172,0.2164113586116172,300,"{1: 150.0, 2: 150.0}",1,450.0,0,-1271310.0,0
2023-10-22,2023-10,EV,0,HOME,AWAY,4,"(1, 2)",0.3690546159712227,0.5478260759390086,0.5478260759390086,100,"{1: 50.0, 2: 50.0}",0,-100.0,0,-1271410.0,1
2023-10-24,2023-10,EV,0,HOME,AWAY,6,"(1, 2)",0.3690546159712227,1.4130847215929325,1.4130847215929325,300,"{1: 150.0, 2: 150.0}",0,-300.0,0,-1271710.0,2
2023-10-27,2023-10,EV,0,HOME,AWAY,2,"(1, 2)",0.3690546159712227,0.2753499316100063,0.2753499316100063,900,"{1: 450.0, 2: 450.0}",1,1440.0,0,-1270270.0,0
2023-10-27,2023-10,EV,0,HOME,AWAY,6,"(1, 2)",0.3690546159712227,0.2275197189430891,0.2275197189430891,100,"{1: 50.0, 2: 50.0}",0,-100.0,0,-1270370.0,1
2023-10-28,2023-10,EV,0,HOME,AWAY,7,"(1, 2)",0.3690546159712227,1.5753953089155996,1.5753953089155996,300,"{1: 150.0, 2: 150.0}",0,-300.0,0,-1270670.0,2
2023-10-28,2023-10,EV,0,HOME,AWAY,5,"(1, 2)",0.3690546159712227,0.2568972008114452,0.2568972008114452,900,"{1: 450.0, 2: 450.0}",0,-900.0,0,-1271570.0,3
2023-10-29,2023-10,EV,0,HOME,AWAY,7,"(1, 2)",0.3690546159712227,0.2864582919414784,0.2864582919414784,2700,"{1: 1350.0, 2: 1350.0}",0,-2700.0,0,-1274270.0,4
2023-11-02,2023-11,EV,0,HOME,AWAY,1,"(1, 2)",0.3604090097069283,0.4035534119399613,0.4035534119399613,8100,"{1: 4050.0, 2: 4050.0}",1,36450.0,0,-1237820.0,0
2023-11-04,2023-11,EV,0,HOME,AWAY,5,"(1, 2)",0.3604090097069283,0.41447220706162446,0.41447220706162446,100,"{1: 50.0, 2: 50.0}",0,-100.0,0,-1237920.0,1
2023-11-05,2023-11,EV,0,HOME,AWAY,4,"(1, 2)",0.3604090097069283,0.5592128204426952,0.5592128204426952,300,"{1: 150.0, 2: 150.0}",0,-300.0,0,-1238220.0,2
2023-11-06,2023-11,EV,0,HOME,AWAY,2,"(1, 2)",0.3604090097069283,0.5619203265500992,0.5619203265500992,900,"{1: 450.0, 2: 450.0}",1,2025.0,0,-1236195.0,0
2023-11-08,2023-11,EV,0,HOME,AWAY,3,"(1, 2)",0.3604090097069283,0.3735045326823765,0.3735045326823765,100,"{1: 50.0, 2: 50.0}",0,-100.0,0,-1236295.0,1
2023-11-09,2023-11,EV,0,HOME,AWAY,3,"(1, 2)",0.3604090097069283,0.5346233387459416,0.5346233387459416,300,"{1: 150.0, 2: 150.0}",0,-300.0,0,-1236595.0,2
2023-11-11,2023-11,EV,0,HOME,AWAY,6,"(1, 2)",0.3604090097069283,1.3811850434430162,1.3811850434430162,900,"{1: 450.0, 2: 450.0}",0,-900.0,0,-1237495.0,3
2023-11-13,2023-11,EV,0,HOME,AWAY,1,"(1, 2)",0.3604090097069283,1.0807850215592119,1.0807850215592119,2700,"{1: 1350.0, 2: 1350.0}",1,20250.0,0,-1217245.0,0
2023-11-16,2023-11,EV,0,HOME,AWAY,5,"(1, 2)",0.3604090097069283,3.7297024722130887,3.7297024722130887,100,"{1: 50.0, 2: 50.0}",0,-100.0,0,-1217345.0,1
2023-11-16,2023-11,EV,0,HOME,AWAY,7,"(1, 2)",0.3604090097069283,3.5876693649394227,3.5876693649394227,300,"{1: 150.0, 2: 150.0}",0,-300.0,0,-1217645.0,2
2023-11-17,2023-11,EV,0,HOME,AWAY,4,"(1, 2)",0.3604090097069283,3.7842964478214043,3.7842964478214043,900,"{1: 450.0, 2: 450.0}",0,-900.0,0,-1218545.0,3
2023-11-17,2023-11,EV,0,HOME,AWAY,2,"(1, 2)",0.3604090097069283,2.134936989605954,2.134936989605954,2700,"{1: 1350.0, 2: 1350.0}",1,11475.0,0,-1207070.0,0
2023-11-19,2023-11,EV,0,HOME,AWAY,7,"(1, 2)",0.3604090097069283,3.6422633405477383,3.6422633405477383,100,"{1: 50.0, 2: 50.0}",0,-100.0,0,-1207170.0,1
2023-11-22,2023-11,EV,0,HOME,AWAY,6,"(1, 2)",0.3604090097069283,3.942752133123588,3.942752133123588,300,"{1: 150.0, 2: 150.0}",0,-300.0,0,-1207470.0,2
2023-11-25,2023-11,EV,0,HOME,AWAY,6,"(1, 2)",0.3604090097069283,0.4663586765625358,0.4663586765625358,900,"{1: 450.0, 2: 450.0}",0,-900.0,0,-1208370.0,3
2023-11-28,2023-11,EV,0,HOME,AWAY,7,"(1, 2)",0.3604090097069283,0.9278775045099052,0.9278775045099052,2700,"{1: 1350.0, 2: 1350.0}",0,-2700.0,0,-1211070.0,4
2023-12-02,2023-12,EV,0,HOME,AWAY,3,"(1, 2)",0.36731987010055844,0.3859668107587706,0.3859668107587706,8100,"{1: 4050.0, 2: 4050.0}",0,-8100.0,0,-1219170.0,5
2023-12-04,2023-12,EV,0,HOME,AWAY,2,"(1, 2)",0.36731987010055844,0.7962926517479643,0.7962926517479643,24300,"{1: 12150.0, 2: 12150.0}",1,60750.0,0,-1158420.0,0
2023-12-04,2023-12,EV,0,HOME,AWAY,2,"(1, 2)",0.36731987010055844,0.35275482051780127,0.35275482051780127,100,"{1: 50.0, 2: 50.0}",1,165.0,0,-1158255.0,0
2023-12-04,2023-12,EV,0,HOME,AWAY,2,"(1, 2)",0.36731987010055844,0.3273488334746,0.3273488334746,100,"{1: 50.0, 2: 50.0}",1,170.00000000000003,0,-1158085.0,0
2023-12-07,2023-12,EV,0,HOME,AWAY,4,"(1, 2)",0.36731987010055844,0.4810614384997989,0.4810614384997989,100,"{1: 50.0, 2: 50.0}",0,-100.0,0,-1158185.0,1
2023-12-07,2023-12,EV,0,HOME,AWAY,2,"(1, 2)",0.36731987010055844,0.30357517653934285,0.30357517653934285,300,"{1: 150.0, 2: 150.0}",1,502.5,0,-1157682.5,0
2023-12-08,2023-12,EV,0,HOME,AWAY,4,"(1, 2)",0.36731987010055844,1.5837323434853827,1.5837323434853827,100,"{1: 50.0, 2: 50.0}",0,-100.0,0,-1157782.5,1
2023-12-08,2023-12,EV,0,HOME,AWAY,2,"(1, 2)",0.36731987010055844,0.4390494563361129,0.4390494563361129,300,"{1: 150.0, 2: 150.0}",1,562.5,0,-1157220.0,0
2023-12-09,2023-12,EV,0,HOME,AWAY,3,"(1, 2)",0.36731987010055844,0.3107428383541153,0.3107428383541153,100,"{1: 50.0, 2: 50.0}",0,-100.0,0,-1157320.0,1
2023-12-13,2023-12,EV,0,HOME,AWAY,4,"(1, 2)",0.36731987010055844,0.3804314790519423,0.3804314790519423,300,"{1: 150.0, 2: 150.0}",0,-300.0,0,-1157620.0,2
2023-12-17,2023-12,EV,0,HOME,AWAY,4,"(1, 2)",0.36731987010055844,0.3107428383541153,0.3107428383541153,900,"{1: 450.0, 2: 450.0}",0,-900.0,0,-1158520.0,3
2023-12-18,2023-12,EV,0,HOME,AWAY,3,"(1, 2)",0.36731987010055844,0.43351412462928485,0.43351412462928485,2700,"{1: 1350.0, 2: 1350.0}",0,-2700.0,0,-1161220.0,4
2023-12-21,2023-12,EV,0,HOME,AWAY,5,"(1, 2)",0.36731987010055844,0.4755261067929708,0.4755261067929708,8100,"{1: 4050.0, 2: 4050.0}",0,-8100.0,0,-1169320.0,5
2023-12-21,2023-12,EV,0,HOME,AWAY,3,"(1, 2)",0.36731987010055844,0.3218135017677717,0.3218135017677717,24300,"{1: 12150.0, 2: 12150.0}",0,-24300.0,0,-1193620.0,6
2023-12-21,2023-12,EV,0,HOME,AWAY,4,"(1, 2)",0.36731987010055844,0.3218135017677717,0.3218135017677717,72900,"{1: 36450.0, 2: 36450.0}",0,-72900.0,0,-1266520.0,7
2023-12-30,2023-12,EV,0,HOME,AWAY,2,"(1, 2)",0.36731987010055844,0.30911050824617115,0.30911050824617115,218700,"{1: 109350.0, 2: 109350.0}",1,371790.00000000006,0,-894730.0,0
2024-01-07,2024-01,EV,0,HOME,AWAY,5,"(1, 2)",0.4193069186548575,0.8492850494683111,0.8492850494683111,100,"{1: 50.0, 2: 50.0}",0,-100.0,0,-894830.0,1
2024-01-08,2024-01,EV,0,HOME,AWAY,2,"(1, 2)",0.4193069186548575,0.49482031886704236,0.49482031886704236,300,"{1: 150.0, 2: 150.0}",1,510.0,0,-894320.0,0
2024-01-13,2024-01,EV,0,HOME,AWAY,3,"(1, 2)",0.4193069186548575,1.3000842177099048,1.3000842177099048,100,"{1: 50.0, 2: 50.0}",0,-100.0,0,-894420.0,1
2024-01-14,2024-01,EV,0,HOME,AWAY,6,"(1, 2)",0.4193069186548575,0.7444583198045969,0.7444583198045969,300,"{1: 150.0, 2: 150.0}",0,-300.0,0,-894720.0,2
2024-01-20,2024-01,EV,0,HOME,AWAY,1,"(1, 2)",0.4193069186548575,0.5511702148972417,0.5511702148972417,900,"{1: 450.0, 2: 450.0}",1,3600.0,0,-891120.0,0
2024-01-21,2024-01,EV,0,HOME,AWAY,1,"(1, 2)",0.4193069186548575,1.0868038419974866,1.0868038419974866,100,"{1: 50.0, 2: 50.0}",1,600.0,0,-890520.0,0
2024-01-21,2024-01,EV,0,HOME,AWAY,5,"(1, 2)",0.4193069186548575,0.6075201109274408,0.6075201109274408,100,"{1: 50.0, 2: 50.0}",0,-100.0,0,-890620.0,1
2024-01-21,2024-01,EV,0,HOME,AWAY,5,"(1, 2)",0.4193069186548575,0.4142320060200855,0.4142320060200855,300,"{1: 150.0, 2: 150.0}",0,-300.0,0,-890920.0,2
2024-01-24,2024-01,EV,0,HOME,AWAY,4,"(1, 2)",0.4193069186548575,0.6699296111618294,0.6699296111618294,900,"{1: 450.0, 2: 450.0}",0,-900.0,0,-891820.0,3
2024-01-25,2024-01,EV,0,HOME,AWAY,1,"(1, 2)",0.4193069186548575,0.44240695403518515,0.44240695403518515,2700,"{1: 1350.0, 2: 1350.0}",1,9787.5,0,-882032.5,0
2024-01-25,2024-01,EV,0,HOME,AWAY,1,"(1, 2)",0.4193069186548575,0.43634734983099577,0.43634734983099577,100,"{1: 50.0, 2: 50.0}",1,362.5,0,-881670.0,0
2024-01-27,2024-01,EV,0,HOME,AWAY,2,"(1, 2)",0.4193069186548575,0.4402838810293379,0.4402838810293379,100,"{1: 50.0, 2: 50.0}",1,147.5,0,-881522.5,0
2024-01-27,2024-01,EV,0,HOME,AWAY,5,"(1, 2)",0.4193069186548575,0.43634734983099577,0.43634734983099577,100,"{1: 50.0, 2: 50.0}",0,-100.0,0,-881622.5,1
2024-01-28,2024-01,EV,0,HOME,AWAY,7,"(1, 2)",0.4193069186548575,0.6075201109274408,0.6075201109274408,300,"{1: 150.0, 2: 150.0}",0,-300.0,0,-881922.5,2
2024-01-28,2024-01,EV,0,HOME,AWAY,7,"(1, 2)",0.4193069186548575,0.5269317980804842,0.5269317980804842,900,"{1: 450.0, 2: 450.0}",0,-900.0,0,-882822.5,3
2024-01-28,2024-01,EV,0,HOME,AWAY,0,"(1, 2)",0.4193069186548575,0.4987568500653845,0.4987568500653845,2700,"{1: 1350.0, 2: 1350.0}",0,-2700.0,0,-885522.5,4
2024-02-01,2024-02,EV,0,HOME,AWAY,4,"(1, 2)",0.40953153683860366,0.38933253592357997,0.38933253592357997,8100,"{1: 4050.0, 2: 4050.0}",0,-8100.0,0,-893622.5,5
2024-02-03,2024-02,EV,0,HOME,AWAY,4,"(1, 2)",0.40953153683860366,0.8861297344441113,0.8861297344441113,24300,"{1: 12150.0, 2: 12150.0}",0,-24300.0,0,-917922.5,6
2024-02-03,2024-02,EV,0,HOME,AWAY,4,"(1, 2)",0.40953153683860366,0.36546098961567797,0.36546098961567797,72900,"{1: 36450.0, 2: 36450.0}",0,-72900.0,0,-990822.5,7
2024-02-19,2024-02,EV,0,HOME,AWAY,5,"(1, 2)",0.40953153683860366,0.4320365543634761,0.4320365543634761,218700,"{1: 109350.0, 2: 109350.0}",0,-218700.0,1,-1209522.5,0
2024-02-19,2024-02,EV,0,HOME,AWAY,3,"(3, 4)",0.3778075035569425,0.3041586978006994,0.3041586978006994,100,"{3: 50.0, 4: 50.0}",1,147.5,0,-1209375.0,0
2024-02-21,2024-02,EV,0,HOME,AWAY,1,"(1, 2)",0.40953153683860366,0.29888542486787983,0.29888542486787983,100,"{1: 50.0, 2: 50.0}",1,325.0,0,-1209050.0,0
2024-02-22,2024-02,EV,0,HOME,AWAY,5,"(1, 2)",0.40953153683860366,0.553251910705121,0.553251910705121,100,"{1: 50.0, 2: 50.0}",0,-100.0,0,-1209150.0,1
2024-02-22,2024-02,EV,0,HOME,AWAY,2,"(1, 2)",0.40953153683860366,0.36546098961567797,0.36546098961567797,300,"{1: 150.0, 2: 150.0}",1,450.0,0,-1208700.0,0
2024-02-24,2024-02,EV,0,HOME,AWAY,3,"(1, 2)",0.40953153683860366,0.367980526703632,0.367980526703632,100,"{1: 50.0, 2: 50.0}",0,-100.0,0,-1208800.0,1
2024-02-24,2024-02,EV,0,HOME,AWAY,2,"(1, 2)",0.40953153683860366,0.32188153879776404,0.32188153879776404,300,"{1: 150.0, 2: 150.0}",1,465.0,0,-1208335.0,0
2024-02-25,2024-02,EV,0,HOME,AWAY,2,"(3, 4)",0.3778075035569425,0.3774405653044597,0.3774405653044597,100,"{3: 50.0, 4: 50.0}",0,-100.0,0,-1208435.0,1
2024-02-25,2024-02,EV,0,HOME,AWAY,3,"(1, 2)",0.40953153683860366,0.32275697117578206,0.32275697117578206,300,"{1: 150.0, 2: 150.0}",0,-300.0,0,-1208735.0,2
2024-02-25,2024-02,EV,0,HOME,AWAY,4,"(1, 2)",0.40953153683860366,0.3167890845988066,0.3167890845988066,900,"{1: 450.0, 2: 450.0}",0,-900.0,0,-1209635.0,3
2024-02-25,2024-02,EV,0,HOME,AWAY,1,"(1, 2)",0.40953153683860366,0.2929175382909044,0.2929175382909044,2700,"{1: 1350.0, 2: 1350.0}",1,8775.0,0,-1200860.0,0
2024-02-26,2024-02,EV,0,HOME,AWAY,5,"(1, 2)",0.40953153683860366,0.5711555704360476,0.5711555704360476,100,"{1: 50.0, 2: 50.0}",0,-100.0,0,-1200960.0,1
2024-02-26,2024-02,EV,0,HOME,AWAY,4,"(1, 2)",0.40953153683860366,0.443972327517427,0.443972327517427,300,"{1: 150.0, 2: 150.0}",0,-300.0,0,-1201260.0,2
2024-03-03,2024-03,EV,0,HOME,AWAY,3,"(1, 2)",0.38917733797198584,0.3296231862484853,0.3296231862484853,900,"{1: 450.0, 2: 450.0}",0,-900.0,0,-1202160.0,3
2024-03-07,2024-03,EV,0,HOME,AWAY,4,"(1, 2)",0.38917733797198584,0.3411558344511174,0.3411558344511174,2700,"{1: 1350.0, 2: 1350.0}",0,-2700.0,0,-1204860.0,4
2024-03-09,2024-03,EV,0,HOME,AWAY,2,"(1, 2)",0.38917733797198584,0.36422113085638186,0.36422113085638186,8100,"{1: 4050.0, 2: 4050.0}",1,13365.0,0,-1191495.0,0
2024-03-10,2024-03,EV,0,HOME,AWAY,4,"(1, 2)",0.38917733797198584,0.3411558344511174,0.3411558344511174,100,"{1: 50.0, 2: 50.0}",0,-100.0,0,-1191595.0,1
2024-03-10,2024-03,EV,0,HOME,AWAY,2,"(1, 2)",0.38917733797198584,0.3296231862484853,0.3296231862484853,300,"{1: 150.0, 2: 150.0}",1,450.0,0,-1191145.0,0
2024-03-15,2024-03,EV,0,HOME,AWAY,5,"(1, 2)",0.38917733797198584,0.32674993197119706,0.32674993197119706,100,"{1: 50.0, 2: 50.0}",0,-100.0,0,-1191245.0,1
2024-03-16,2024-03,EV,0,HOME,AWAY,7,"(1, 2)",0.38917733797198584,0.620039839268721,0.620039839268721,300,"{1: 150.0, 2: 150.0}",0,-300.0,0,-1191545.0,2
2024-03-21,2024-03,EV,0,HOME,AWAY,3,"(1, 2)",0.38917733797198584,0.3469221585524336,0.3469221585524336,900,"{1: 450.0, 2: 450.0}",0,-900.0,0,-1192445.0,3
2024-03-22,2024-03,EV,0,HOME,AWAY,5,"(1, 2)",0.38917733797198584,0.7684979154441851,0.7684979154441851,2700,"{1: 1350.0, 2: 1350.0}",0,-2700.0,0,-1195145.0,4
2024-03-26,2024-03,EV,0,HOME,AWAY,3,"(1, 2)",0.38917733797198584,0.39231957613358537,0.39231957613358537,8100,"{1: 4050.0, 2: 4050.0}",0,-8100.0,0,-1203245.0,5
2024-03-26,2024-03,EV,0,HOME,AWAY,1,"(1, 2)",0.38917733797198584,0.3692542797283209,0.3692542797283209,24300,"{1: 12150.0, 2: 12150.0}",1,97200.0,0,-1106045.0,0
2024-03-27,2024-03,EV,0,HOME,AWAY,7,"(1, 2)",0.38917733797198584,1.2124057935118238,1.2124057935118238,100,"{1: 50.0, 2: 50.0}",0,-100.0,0,-1106145.0,1
2024-03-30,2024-03,EV,0,HOME,AWAY,3,"(1, 2)",0.38917733797198584,0.7115678496604012,0.7115678496604012,300,"{1: 150.0, 2: 150.0}",0,-300.0,0,-1106445.0,2
2024-03-30,2024-03,EV,0,HOME,AWAY,3,"(1, 2)",0.38917733797198584,0.48961391062658177,0.48961391062658177,900,"{1: 450.0, 2: 450.0}",0,-900.0,0,-1107345.0,3
2024-03-31,2024-03,EV,0,HOME,AWAY,2,"(1, 2)",0.38917733797198584,0.7403994701669816,0.7403994701669816,2700,"{1: 1350.0, 2: 1350.0}",1,6075.0,0,-1101270.0,0
2024-03-31,2024-03,EV,0,HOME,AWAY,3,"(1, 2)",0.38917733797198584,0.3098076395085676,0.3098076395085676,100,"{1: 50.0, 2: 50.0}",0,-100.0,0,-1101370.0,1
2024-04-04,2024-04,EV,0,HOME,AWAY,2,"(1, 2)",0.41397340122879767,0.7926914191053149,0.7926914191053149,300,"{1: 150.0, 2: 150.0}",1,637.5,0,-1100732.5,0
2024-04-05,2024-04,EV,0,HOME,AWAY,4,"(1, 2)",0.41397340122879767,1.0864649962875959,1.0864649962875959,100,"{1: 50.0, 2: 50.0}",0,-100.0,0,-1100832.5,1
2024-04-06,2024-04,EV,0,HOME,AWAY,5,"(1, 2)",0.41397340122879767,0.46153439484141856,0.46153439484141856,300,"{1: 150.0, 2: 150.0}",0,-300.0,0,-1101132.5,2
2024-04-07,2024-04,EV,0,HOME,AWAY,4,"(1, 2)",0.41397340122879767,0.5423112802069752,0.5423112802069752,900,"{1: 450.0, 2: 450.0}",0,-900.0,0,-1102032.5,3
2024-04-07,2024-04,EV,0,HOME,AWAY,6,"(1, 2)",0.41397340122879767,0.48088786831605645,0.48088786831605645,2700,"{1: 1350.0, 2: 1350.0}",0,-2700.0,0,-1104732.5,4
2024-04-12,2024-04,EV,0,HOME,AWAY,3,"(1, 2)",0.41397340122879767,0.5543312626116266,0.5543312626116266,8100,"{1: 4050.0, 2: 4050.0}",0,-8100.0,0,-1112832.5,5
2024-04-13,2024-04,EV,0,HOME,AWAY,2,"(1, 2)",0.41397340122879767,0.6758545865258037,0.6758545865258037,24300,"{1: 12150.0, 2: 12150.0}",1,48600.0,0,-1064232.5,0
2024-04-13,2024-04,EV,0,HOME,AWAY,6,"(1, 2)",0.41397340122879767,0.5323090926825267,0.5323090926825267,100,"{1: 50.0, 2: 50.0}",0,-100.0,0,-1064332.5,1
2024-04-13,2024-04,EV,0,HOME,AWAY,3,"(1, 2)",0.41397340122879767,0.48557435965072204,0.48557435965072204,300,"{1: 150.0, 2: 150.0}",0,-300.0,0,-1064632.5,2
2024-04-13,2024-04,EV,0,HOME,AWAY,4,"(1, 2)",0.41397340122879767,0.4398376756994482,0.4398376756994482,900,"{1: 450.0, 2: 450.0}",0,-900.0,0,-1065532.5,3
2024-04-16,2024-04,EV,0,HOME,AWAY,6,"(1, 2)",0.41397340122879767,0.4735543772460704,0.4735543772460704,2700,"{1: 1350.0, 2: 1350.0}",0,-2700.0,0,-1068232.5,4
2024-04-20,2024-04,EV,0,HOME,AWAY,1,"(1, 2)",0.41397340122879767,0.43415313528425203,0.43415313528425203,8100,"{1: 4050.0, 2: 4050.0}",1,30780.0,0,-1037452.5,0
2024-04-26,2024-04,EV,0,HOME,AWAY,7,"(1, 2)",0.41397340122879767,0.6024111922302335,0.6024111922302335,100,"{1: 50.0, 2: 50.0}",0,-100.0,0,-1037552.5,1
2024-04-27,2024-04,EV,0,HOME,AWAY,6,"(1, 2)",0.41397340122879767,0.5590177539462924,0.5590177539462924,300,"{1: 150.0, 2: 150.0}",0,-300.0,0,-1037852.5,2
2024-04-27,2024-04,EV,0,HOME,AWAY,3,"(1, 2)",0.41397340122879767,0.498917841923034,0.498917841923034,900,"{1: 450.0, 2: 450.0}",0,-900.0,0,-1038752.5,3
2024-04-28,2024-04,EV,0,HOME,AWAY,7,"(1, 2)",0.41397340122879767,0.5964012010279076,0.5964012010279076,2700,"{1: 1350.0, 2: 1350.0}",0,-2700.0,0,-1041452.5,4
2024-05-04,2024-05,EV,0,HOME,AWAY,2,"(1, 2)",0.35525728214795155,0.5343130557566635,0.5343130557566635,8100,"{1: 4050.0, 2: 4050.0}",1,16807.5,0,-1024645.0,0
2024-05-05,2024-05,EV,0,HOME,AWAY,6,"(1, 2)",0.35525728214795155,0.5451169133577349,0.5451169133577349,100,"{1: 50.0, 2: 50.0}",0,-100.0,0,-1024745.0,1
2024-05-05,2024-05,EV,0,HOME,AWAY,6,"(1, 2)",0.35525728214795155,0.42150756028911607,0.42150756028911607,300,"{1: 150.0, 2: 150.0}",0,-300.0,0,-1025045.0,2
2024-05-11,2024-05,EV,0,HOME,AWAY,3,"(1, 2)",0.35525728214795155,0.5451169133577349,0.5451169133577349,900,"{1: 450.0, 2: 450.0}",0,-900.0,0,-1025945.0,3
2024-05-11,2024-05,EV,0,HOME,AWAY,2,"(1, 2)",0.35525728214795155,0.35191749522585436,0.35191749522585436,2700,"{1: 1350.0, 2: 1350.0}",1,5062.5,0,-1020882.5,0
2024-05-14,2024-05,EV,0,HOME,AWAY,6,"(1, 2)",0.35525728214795155,0.4161056314885805,0.4161056314885805,100,"{1: 50.0, 2: 50.0}",0,-100.0,0,-1020982.5,1
2024-05-15,2024-05,EV,0,HOME,AWAY,2,"(1, 2)",0.35525728214795155,0.3867125277574852,0.3867125277574852,300,"{1: 150.0, 2: 150.0}",1,562.5,0,-1020420.0,0
2024-05-18,2024-05,EV,0,HOME,AWAY,4,"(1, 2)",0.35525728214795155,0.8967207170898652,0.8967207170898652,100,"{1: 50.0, 2: 50.0}",0,-100.0,0,-1020520.0,1
2024-05-18,2024-05,EV,0,HOME,AWAY,6,"(1, 2)",0.35525728214795155,0.6069215898920444,0.6069215898920444,300,"{1: 150.0, 2: 150.0}",0,-300.0,0,-1020820.0,2
2024-05-18,2024-05,EV,0,HOME,AWAY,4,"(1, 2)",0.35525728214795155,0.5451169133577349,0.5451169133577349,900,"{1: 450.0, 2: 450.0}",0,-900.0,0,-1021720.0,3
2024-05-18,2024-05,EV,0,HOME,AWAY,3,"(1, 2)",0.35525728214795155,0.4833122368234255,0.4833122368234255,2700,"{1: 1350.0, 2: 1350.0}",0,-2700.0,0,-1024420.0,4
2024-05-19,2024-05,EV,0,HOME,AWAY,4,"(1, 2)",0.35525728214795155,0.8001210080239249,0.8001210080239249,8100,"{1: 4050.0, 2: 4050.0}",0,-8100.0,0,-1032520.0,5
2024-05-19,2024-05,EV,0,HOME,AWAY,2,"(1, 2)",0.35525728214795155,0.7035212989579847,0.7035212989579847,24300,"{1: 12150.0, 2: 12150.0}",1,57712.5,0,-974807.5,0
2024-05-19,2024-05,EV,0,HOME,AWAY,3,"(1, 2)",0.35525728214795155,0.4833122368234255,0.4833122368234255,100,"{1: 50.0, 2: 50.0}",0,-100.0,0,-974907.5,1
2024-05-19,2024-05,EV,0,HOME,AWAY,3,"(1, 2)",0.35525728214795155,0.42150756028911607,0.42150756028911607,300,"{1: 150.0, 2: 150.0}",0,-300.0,0,-975207.5,2
2024-05-26,2024-05,EV,0,HOME,AWAY,6,"(1, 2)",0.35525728214795155,0.37050674135587824,0.37050674135587824,900,"{1: 450.0, 2: 450.0}",0,-900.0,0,-976107.5,3
2024-06-02,2024-06,EV,0,HOME,AWAY,4,"(1, 2)",0.3795166344314531,0.20499397871823466,0.20499397871823466,2700,"{1: 1350.0, 2: 1350.0}",0,-2700.0,0,-978807.5,4
2024-06-06,2024-06,EV,0,HOME,AWAY,7,"(1, 2)",0.3795166344314531,0.8831554249772178,0.8831554249772178,8100,"{1: 4050.0, 2: 4050.0}",0,-8100.0,0,-986907.5,5
2024-06-06,2024-06,EV,0,HOME,AWAY,6,"(1, 2)",0.3795166344314531,0.15755439941430316,0.15755439941430316,24300,"{1: 12150.0, 2: 12150.0}",0,-24300.0,0,-1011207.5,6
2024-06-08,2024-06,EV,0,HOME,AWAY,2,"(3, 4)",0.390032532852451,0.15529288199269153,0.15529288199269153,72900,"{3: 36450.0, 4: 36450.0}",0,-72900.0,0,-1084107.5,7
2024-06-09,2024-06,EV,0,HOME,AWAY,6,"(1, 2)",0.3795166344314531,0.14977679265631716,0.14977679265631716,218700,"{1: 109350.0, 2: 109350.0}",0,-218700.0,1,-1302807.5,0
2024-06-11,2024-06,EV,0,HOME,AWAY,4,"(1, 2)",0.3795166344314531,0.28498675977211496,0.28498675977211496,100,"{1: 50.0, 2: 50.0}",0,-100.0,0,-1302907.5,1
2024-06-11,2024-06,EV,0,HOME,AWAY,5,"(1, 2)",0.3795166344314531,0.1688863915702874,0.1688863915702874,300,"{1: 150.0, 2: 150.0}",0,-300.0,0,-1303207.5,2
2024-06-20,2024-06,EV,0,HOME,AWAY,1,"(1, 2)",0.3795166344314531,0.1936619865622502,0.1936619865622502,900,"{1: 450.0, 2: 450.0}",1,2925.0,0,-1300282.5,0
2024-06-20,2024-06,EV,0,HOME,AWAY,3,"(1, 2)",0.3795166344314531,0.14411079657832482,0.14411079657832482,100,"{1: 50.0, 2: 50.0}",0,-100.0,0,-1300382.5,1
2024-06-23,2024-06,EV,0,HOME,AWAY,7,"(1, 2)",0.3795166344314531,0.25454516870216004,0.25454516870216004,300,"{1: 150.0, 2: 150.0}",0,-300.0,0,-1300682.5,2
2024-06-25,2024-06,EV,0,HOME,AWAY,0,"(1, 2)",0.3795166344314531,0.14411079657832482,0.14411079657832482,900,"{1: 450.0, 2: 450.0}",0,-900.0,0,-1301582.5,3
2024-06-27,2024-06,EV,0,HOME,AWAY,2,"(3, 4)",0.390032532852451,0.34964416115005514,0.34964416115005514,2700,"{3: 1350.0, 4: 1350.0}",0,-2700.0,0,-1304282.5,4
2024-06-29,2024-06,EV,0,HOME,AWAY,3,"(1, 2)",0.3795166344314531,0.20499397871823466,0.20499397871823466,8100,"{1: 4050.0, 2: 4050.0}",0,-8100.0,0,-1312382.5,5
2024-06-29,2024-06,EV,0,HOME,AWAY,0,"(1, 2)",0.3795166344314531,0.1707304678654855,0.1707304678654855,24300,"{1: 12150.0, 2: 12150.0}",0,-24300.0,0,-1336682.5,6
2024-06-30,2024-06,EV,0,HOME,AWAY,3,"(1, 2)",0.3795166344314531,0.14411079657832482,0.14411079657832482,72900,"{1: 36450.0, 2: 36450.0}",0,-72900.0,0,-1409582.5,7
2024-06-30,2024-06,EV,0,HOME,AWAY,2,"(3, 4)",0.390032532852451,0.1428401204000047,0.1428401204000047,218700,"{3: 109350.0, 4: 109350.0}",0,-218700.0,1,-1628282.5,0
2024-07-03,2024-07,EV,0,HOME,AWAY,1,"(1, 2)",0.4415026683677851,0.3823027612306984,0.3823027612306984,100,"{1: 50.0, 2: 50.0}",1,325.0,0,-1627957.5,0
2024-07-04,2024-07,EV,0,HOME,AWAY,2,"(1, 2)",0.4415026683677851,0.4135738738466723,0.4135738738466723,100,"{1: 50.0, 2: 50.0}",1,140.0,0,-1627817.5,0
2024-07-05,2024-07,EV,0,HOME,AWAY,3,"(1, 2)",0.4415026683677851,0.4739157607530604,0.4739157607530604,100,"{1: 50.0, 2: 50.0}",0,-100.0,0,-1627917.5,1
2024-07-05,2024-07,EV,0,HOME,AWAY,3,"(1, 2)",0.4415026683677851,0.4135738738466723,0.4135738738466723,300,"{1: 150.0, 2: 150.0}",0,-300.0,0,-1628217.5,2
2024-07-07,2024-07,EV,0,HOME,AWAY,6,"(1, 2)",0.4415026683677851,0.4260823188930618,0.4260823188930618,900,"{1: 450.0, 2: 450.0}",0,-900.0,0,-1629117.5,3
2024-07-13,2024-07,EV,0,HOME,AWAY,2,"(1, 2)",0.4415026683677851,0.4864242057994499,0.4864242057994499,2700,"{1: 1350.0, 2: 1350.0}",1,4050.0,0,-1625067.5,0
2024-07-14,2024-07,EV,0,HOME,AWAY,3,"(1, 2)",0.4415026683677851,0.40106542880028284,0.40106542880028284,100,"{1: 50.0, 2: 50.0}",0,-100.0,0,-1625167.5,1
2024-07-20,2024-07,EV,0,HOME,AWAY,4,"(1, 2)",0.4415026683677851,0.6799583115650034,0.6799583115650034,300,"{1: 150.0, 2: 150.0}",0,-300.0,0,-1625467.5,2
2024-07-21,2024-07,EV,0,HOME,AWAY,5,"(1, 2)",0.4415026683677851,0.6133622021354206,0.6133622021354206,900,"{1: 450.0, 2: 450.0}",0,-900.0,0,-1626367.5,3
2024-07-26,2024-07,EV,0,HOME,AWAY,3,"(1, 2)",0.4415026683677851,0.632124869705005,0.632124869705005,2700,"{1: 1350.0, 2: 1350.0}",0,-2700.0,0,-1629067.5,4
2024-07-27,2024-07,EV,0,HOME,AWAY,4,"(1, 2)",0.4415026683677851,0.4989326508458394,0.4989326508458394,8100,"{1: 4050.0, 2: 4050.0}",0,-8100.0,0,-1637167.5,5
2024-07-27,2024-07,EV,0,HOME,AWAY,1,"(1, 2)",0.4415026683677851,0.4260823188930618,0.4260823188930618,24300,"{1: 12150.0, 2: 12150.0}",1,78975.0,0,-1558192.5,0
2024-07-29,2024-07,EV,0,HOME,AWAY,1,"(1, 2)",0.4415026683677851,0.38855698375389314,0.38855698375389314,100,"{1: 50.0, 2: 50.0}",1,325.0,0,-1557867.5,0
2024-07-29,2024-07,EV,0,HOME,AWAY,7,"(1, 2)",0.4415026683677851,0.38855698375389314,0.38855698375389314,100,"{1: 50.0, 2: 50.0}",0,-100.0,0,-1557967.5,1
2024-07-31,2024-07,EV,0,HOME,AWAY,3,"(1, 2)",0.4415026683677851,0.5239495409386186,0.5239495409386186,300,"{1: 150.0, 2: 150.0}",0,-300.0,0,-1558267.5,2
2024-07-31,2024-07,EV,0,HOME,AWAY,3,"(1, 2)",0.4415026683677851,0.36464026282389383,0.36464026282389383,900,"{1: 450.0, 2: 450.0}",0,-900.0,0,-1559167.5,3
2024-08-01,2024-08,EV,0,HOME,AWAY,5,"(1, 2)",0.3953537276163146,1.1719111831229592,1.1719111831229592,2700,"{1: 1350.0, 2: 1350.0}",0,-2700.0,0,-1561867.5,4
2024-08-10,2024-08,EV,0,HOME,AWAY,2,"(1, 2)",0.3953537276163146,0.3766419541101418,0.3766419541101418,8100,"{1: 4050.0, 2: 4050.0}",1,12960.0,0,-1548907.5,0
2024-08-11,2024-08,EV,0,HOME,AWAY,6,"(1, 2)",0.3953537276163146,0.8931361187781222,0.8931361187781222,100,"{1: 50.0, 2: 50.0}",0,-100.0,0,-1549007.5,1
2024-08-11,2024-08,EV,0,HOME,AWAY,2,"(1, 2)",0.3953537276163146,0.3011192548603585,0.3011192548603585,300,"{1: 150.0, 2: 150.0}",1,435.0,0,-1548572.5,0
2024-08-14,2024-08,EV,0,HOME,AWAY,2,"(3, 4)",0.3840416902042159,0.3504302342817338,0.3504302342817338,100,"{3: 50.0, 4: 50.0}",0,-100.0,0,-1548672.5,1
2024-08-17,2024-08,EV,0,HOME,AWAY,4,"(1, 2)",0.3953537276163146,0.3969165042443117,0.3969165042443117,300,"{1: 150.0, 2: 150.0}",0,-300.0,0,-1548972.5,2
2024-08-18,2024-08,EV,0,HOME,AWAY,4,"(1, 2)",0.3953537276163146,0.905300848858624,0.905300848858624,900,"{1: 450.0, 2: 450.0}",0,-900.0,0,-1549872.5,3
2024-08-18,2024-08,EV,0,HOME,AWAY,3,"(1, 2)",0.3953537276163146,0.3766419541101418,0.3766419541101418,2700,"{1: 1350.0, 2: 1350.0}",0,-2700.0,0,-1552572.5,4
2024-08-24,2024-08,EV,0,HOME,AWAY,5,"(1, 2)",0.3953537276163146,0.5682364528780481,0.5682364528780481,8100,"{1: 4050.0, 2: 4050.0}",0,-8100.0,0,-1560672.5,5
2024-08-24,2024-08,EV,0,HOME,AWAY,1,"(1, 2)",0.3953537276163146,0.44050678703277724,0.44050678703277724,24300,"{1: 12150.0, 2: 12150.0}",1,97200.0,0,-1463472.5,0
2024-08-24,2024-08,EV,0,HOME,AWAY,6,"(1, 2)",0.3953537276163146,0.3882998204372894,0.3882998204372894,100,"{1: 50.0, 2: 50.0}",0,-100.0,0,-1463572.5,1
2024-08-24,2024-08,EV,0,HOME,AWAY,6,"(1, 2)",0.3953537276163146,0.32443498751465394,0.32443498751465394,300,"{1: 150.0, 2: 150.0}",0,-300.0,0,-1463872.5,2
2024-08-25,2024-08,EV,0,HOME,AWAY,2,"(1, 2)",0.3953537276163146,0.3882998204372894,0.3882998204372894,900,"{1: 450.0, 2: 450.0}",1,1485.0,0,-1462387.5,0
2024-08-25,2024-08,EV,0,HOME,AWAY,7,"(1, 2)",0.3953537276163146,0.3766419541101418,0.3766419541101418,100,"{1: 50.0, 2: 50.0}",0,-100.0,0,-1462487.5,1
2024-08-28,2024-08,EV,0,HOME,AWAY,1,"(1, 2)",0.3953537276163146,0.31277712118750634,0.31277712118750634,300,"{1: 150.0, 2: 150.0}",1,1050.0,0,-1461437.5,0
2024-08-29,2024-08,EV,0,HOME,AWAY,0,"(3, 4)",0.3840416902042159,0.28793617742122946,0.28793617742122946,100,"{3: 50.0, 4: 50.0}",0,-100.0,0,-1461537.5,1
2024-09-01,2024-09,EV,0,HOME,AWAY,3,"(1, 2)",0.42197416318563097,1.1263925556507668,1.1263925556507668,300,"{1: 150.0, 2: 150.0}",0,-300.0,0,-1461837.5,2
2024-09-01,2024-09,EV,0,HOME,AWAY,2,"(1, 2)",0.42197416318563097,0.7124559955734338,0.7124559955734338,900,"{1: 450.0, 2: 450.0}",1,1800.0,0,-1460037.5,0
2024-09-01,2024-09,EV,0,HOME,AWAY,3,"(1, 2)",0.42197416318563097,0.5278143908355943,0.5278143908355943,100,"{1: 50.0, 2: 50.0}",0,-100.0,0,-1460137.5,1
2024-09-04,2024-09,EV,0,HOME,AWAY,7,"(1, 2)",0.42197416318563097,0.6759518814565815,0.6759518814565815,300,"{1: 150.0, 2: 150.0}",0,-300.0,0,-1460437.5,2
2024-09-05,2024-09,EV,0,HOME,AWAY,7,"(1, 2)",0.42197416318563097,0.4981757293737461,0.4981757293737461,900,"{1: 450.0, 2: 450.0}",0,-900.0,0,-1461337.5,3
2024-09-08,2024-09,EV,0,HOME,AWAY,4,"(1, 2)",0.42197416318563097,0.4933196774958164,0.4933196774958164,2700,"{1: 1350.0, 2: 1350.0}",0,-2700.0,0,-1464037.5,4
2024-09-14,2024-09,EV,0,HOME,AWAY,2,"(1, 2)",0.42197416318563097,0.801762696776742,0.801762696776742,8100,"{1: 4050.0, 2: 4050.0}",1,16200.0,0,-1447837.5,0
2024-09-14,2024-09,EV,0,HOME,AWAY,5,"(1, 2)",0.42197416318563097,0.5927291992727488,0.5927291992727488,100,"{1: 50.0, 2: 50.0}",0,-100.0,0,-1447937.5,1
2024-09-14,2024-09,EV,0,HOME,AWAY,3,"(1, 2)",0.42197416318563097,0.5237397725931932,0.5237397725931932,300,"{1: 150.0, 2: 150.0}",0,-300.0,0,-1448237.5,2
2024-09-14,2024-09,EV,0,HOME,AWAY,3,"(1, 2)",0.42197416318563097,0.4933196774958164,0.4933196774958164,900,"{1: 450.0, 2: 450.0}",0,-900.0,0,-1449137.5,3
2024-09-15,2024-09,EV,0,HOME,AWAY,7,"(1, 2)",0.42197416318563097,0.5927291992727488,0.5927291992727488,2700,"{1: 1350.0, 2: 1350.0}",0,-2700.0,0,-1451837.5,4
2024-09-18,2024-09,EV,0,HOME,AWAY,4,"(1, 2)",0.42197416318563097,0.4933196774958164,0.4933196774958164,8100,"{1: 4050.0, 2: 4050.0}",0,-8100.0,0,-1459937.5,5
2024-09-21,2024-09,EV,0,HOME,AWAY,5,"(1, 2)",0.42197416318563097,0.4770770212144646,0.4770770212144646,24300,"{1: 12150.0, 2: 12150.0}",0,-24300.0,0,-1484237.5,6
2024-09-28,2024-09,EV,0,HOME,AWAY,6,"(1, 2)",0.42197416318563097,0.5947944167380754,0.5947944167380754,72900,"{1: 36450.0, 2: 36450.0}",0,-72900.0,0,-1557137.5,7
2024-09-29,2024-09,EV,0,HOME,AWAY,4,"(1, 2)",0.42197416318563097,0.7692773842140386,0.7692773842140386,218700,"{1: 109350.0, 2: 109350.0}",0,-218700.0,1,-1775837.5,0
2024-09-29,2024-09,EV,0,HOME,AWAY,2,"(1, 2)",0.42197416318563097,0.5968038175151498,0.5968038175151498,100,"{1: 50.0, 2: 50.0}",1,179.99999999999997,0,-1775657.5,0
2024-10-01,2024-10,EV,0,HOME,AWAY,3,"(1, 2)",0.3612703166202159,0.3607136027967739,0.3607136027967739,100,"{1: 50.0, 2: 50.0}",0,-100.0,0,-1775757.5,1
2024-10-05,2024-10,EV,0,HOME,AWAY,4,"(1, 2)",0.3612703166202159,0.8344978898200117,0.8344978898200117,300,"{1: 150.0, 2: 150.0}",0,-300.0,0,-1776057.5,2
2024-10-06,2024-10,EV,0,HOME,AWAY,2,"(1, 2)",0.3612703166202159,0.42915544483103774,0.42915544483103774,900,"{1: 450.0, 2: 450.0}",1,1755.0,0,-1774302.5,0
2024-10-06,2024-10,EV,0,HOME,AWAY,3,"(1, 2)",0.3612703166202159,0.371651471357169,0.371651471357169,100,"{1: 50.0, 2: 50.0}",0,-100.0,0,-1774402.5,1
2024-10-06,2024-10,EV,0,HOME,AWAY,5,"(1, 2)",0.3612703166202159,0.3607136027967739,0.3607136027967739,300,"{1: 150.0, 2: 150.0}",0,-300.0,0,-1774702.5,2
2024-10-06,2024-10,EV,0,HOME,AWAY,6,"(1, 2)",0.3612703166202159,0.349775734236379,0.349775734236379,900,"{1: 450.0, 2: 450.0}",0,-900.0,0,-1775602.5,3
2024-10-07,2024-10,EV,0,HOME,AWAY,2,"(1, 2)",0.3612703166202159,0.7632414171138548,0.7632414171138548,2700,"{1: 1350.0, 2: 1350.0}",1,6750.0,0,-1768852.5,0
2024-10-16,2024-10,EV,0,HOME,AWAY,6,"(1, 2)",0.3612703166202159,0.44009331339143287,0.44009331339143287,100,"{1: 50.0, 2: 50.0}",0,-100.0,0,-1768952.5,1
2024-10-16,2024-10,EV,0,HOME,AWAY,3,"(3, 4)",0.39567557219419913,0.29832796045829957,0.29832796045829957,300,"{3: 150.0, 4: 150.0}",1,375.0,0,-1768577.5,0
2024-10-20,2024-10,EV,0,HOME,AWAY,4,"(1, 2)",0.3612703166202159,0.503066221145499,0.503066221145499,100,"{1: 50.0, 2: 50.0}",0,-100.0,0,-1768677.5,1
2024-10-20,2024-10,EV,0,HOME,AWAY,1,"(3, 4)",0.39567557219419913,0.3421908642358389,0.3421908642358389,300,"{3: 150.0, 4: 150.0}",0,-300.0,0,-1768977.5,2
2024-10-23,2024-10,EV,0,HOME,AWAY,3,"(3, 4)",0.39567557219419913,0.35338394972930987,0.35338394972930987,900,"{3: 450.0, 4: 450.0}",1,1260.0,0,-1767717.5,0
2024-10-27,2024-10,EV,0,HOME,AWAY,5,"(1, 2)",0.3612703166202159,0.7385510493211713,0.7385510493211713,100,"{1: 50.0, 2: 50.0}",0,-100.0,0,-1767817.5,1
2024-10-27,2024-10,EV,0,HOME,AWAY,2,"(3, 4)",0.39567557219419913,0.5046305174598364,0.5046305174598364,300,"{3: 150.0, 4: 150.0}",0,-300.0,0,-1768117.5,2
2024-10-30,2024-10,EV,0,HOME,AWAY,3,"(1, 2)",0.3612703166202159,0.3607136027967739,0.3607136027967739,900,"{1: 450.0, 2: 450.0}",0,-900.0,0,-1769017.5,3
2024-10-31,2024-10,EV,0,HOME,AWAY,4,"(1, 2)",0.3612703166202159,0.4127486419904449,0.4127486419904449,2700,"{1: 1350.0, 2: 1350.0}",0,-2700.0,0,-1771717.5,4
2024-11-02,2024-11,EV,0,HOME,AWAY,7,"(1, 2)",0.39447020538802446,0.3615688810565336,0.3615688810565336,8100,"{1: 4050.0, 2: 4050.0}",0,-8100.0,0,-1779817.5,5
2024-11-02,2024-11,EV,0,HOME,AWAY,3,"(1, 2)",0.39447020538802446,0.3588205230681747,0.3588205230681747,24300,"{1: 12150.0, 2: 12150.0}",0,-24300.0,0,-1804117.5,6
2024-11-02,2024-11,EV,0,HOME,AWAY,3,"(1, 2)",0.39447020538802446,0.3297202620149595,0.3297202620149595,72900,"{1: 36450.0, 2: 36450.0}",0,-72900.0,0,-1877017.5,7
2024-11-02,2024-11,EV,0,HOME,AWAY,0,"(1, 2)",0.39447020538802446,0.32567855909090193,0.32567855909090193,218700,"{1: 109350.0, 2: 109350.0}",0,-218700.0,1,-2095717.5,0
2024-11-03,2024-11,EV,0,HOME,AWAY,4,"(1, 2)",0.39447020538802446,0.8074495476385712,0.8074495476385712,100,"{1: 50.0, 2: 50.0}",0,-100.0,0,-2095817.5,1
2024-11-07,2024-11,EV,0,HOME,AWAY,1,"(1, 2)",0.39447020538802446,0.4773232528015443,0.4773232528015443,300,"{1: 150.0, 2: 150.0}",1,1275.0,0,-2094542.5,0
2024-11-09,2024-11,EV,0,HOME,AWAY,2,"(1, 2)",0.39447020538802446,0.41944606692903896,0.41944606692903896,100,"{1: 50.0, 2: 50.0}",1,162.5,0,-2094380.0,0
2024-11-10,2024-11,EV,0,HOME,AWAY,3,"(1, 2)",0.39447020538802446,0.5471638793292599,0.5471638793292599,100,"{1: 50.0, 2: 50.0}",0,-100.0,0,-2094480.0,1
2024-11-17,2024-11,EV,0,HOME,AWAY,7,"(1, 2)",0.39447020538802446,0.33731866351218787,0.33731866351218787,300,"{1: 150.0, 2: 150.0}",0,-300.0,0,-2094780.0,2
2024-11-23,2024-11,EV,0,HOME,AWAY,3,"(1, 2)",0.39447020538802446,0.6684149670509889,0.6684149670509889,900,"{1: 450.0, 2: 450.0}",0,-900.0,0,-2095680.0,3
2024-11-23,2024-11,EV,0,HOME,AWAY,2,"(1, 2)",0.39447020538802446,0.3888907928231635,0.3888907928231635,2700,"{1: 1350.0, 2: 1350.0}",1,4455.0,0,-2091225.0,0
2024-11-24,2024-11,EV,0,HOME,AWAY,5,"(1, 2)",0.39447020538802446,0.43593621485919387,0.43593621485919387,100,"{1: 50.0, 2: 50.0}",0,-100.0,0,-2091325.0,1
2024-11-24,2024-11,EV,0,HOME,AWAY,2,"(1, 2)",0.39447020538802446,0.3211518518159573,0.3211518518159573,300,"{1: 150.0, 2: 150.0}",1,465.0,0,-2090860.0,0
2024-11-27,2024-11,EV,0,HOME,AWAY,5,"(1, 2)",0.39447020538802446,0.3623772216413452,0.3623772216413452,100,"{1: 50.0, 2: 50.0}",0,-100.0,0,-2090960.0,1
2024-11-29,2024-11,EV,0,HOME,AWAY,4,"(1, 2)",0.39447020538802446,0.6163578333891266,0.6163578333891266,300,"{1: 150.0, 2: 150.0}",0,-300.0,0,-2091260.0,2
2024-11-30,2024-11,EV,0,HOME,AWAY,3,"(1, 2)",0.39447020538802446,0.5759408041485503,0.5759408041485503,900,"{1: 450.0, 2: 450.0}",0,-900.0,0,-2092160.0,3
2024-12-01,2024-12,EV,0,HOME,AWAY,4,"(3, 4)",0.3894199119507099,0.3290249295528449,0.3290249295528449,2700,"{3: 1350.0, 4: 1350.0}",1,10125.0,0,-2082035.0,0
2024-12-07,2024-12,EV,0,HOME,AWAY,6,"(1, 2)",0.38126852505990205,0.7877973535698608,0.7877973535698608,100,"{1: 50.0, 2: 50.0}",0,-100.0,0,-2082135.0,1
2024-12-10,2024-12,EV,0,HOME,AWAY,1,"(3, 4)",0.3894199119507099,0.3234257935075435,0.3234257935075435,300,"{3: 150.0, 4: 150.0}",0,-300.0,0,-2082435.0,2
2024-12-12,2024-12,EV,0,HOME,AWAY,4,"(1, 2)",0.38126852505990205,0.5954318010673876,0.5954318010673876,900,"{1: 450.0, 2: 450.0}",0,-900.0,0,-2083335.0,3
2024-12-15,2024-12,EV,0,HOME,AWAY,5,"(1, 2)",0.38126852505990205,0.32785131753644725,0.32785131753644725,2700,"{1: 1350.0, 2: 1350.0}",0,-2700.0,0,-2086035.0,4
2024-12-15,2024-12,EV,0,HOME,AWAY,3,"(1, 2)",0.38126852505990205,0.32584109751279655,0.32584109751279655,8100,"{1: 4050.0, 2: 4050.0}",0,-8100.0,0,-2094135.0,5
2024-12-16,2024-12,EV,0,HOME,AWAY,5,"(1, 2)",0.38126852505990205,0.4887458656495163,0.4887458656495163,24300,"{1: 12150.0, 2: 12150.0}",0,-24300.0,0,-2118435.0,6
2024-12-16,2024-12,EV,0,HOME,AWAY,1,"(1, 2)",0.38126852505990205,0.3221669154599993,0.3221669154599993,72900,"{1: 36450.0, 2: 36450.0}",1,273375.0,0,-1845060.0,0
2024-12-20,2024-12,EV,0,HOME,AWAY,6,"(1, 2)",0.38126852505990205,0.7392731429511121,0.7392731429511121,100,"{1: 50.0, 2: 50.0}",0,-100.0,0,-1845160.0,1
2024-12-21,2024-12,EV,0,HOME,AWAY,1,"(3, 4)",0.3894199119507099,0.6086317858150818,0.6086317858150818,300,"{3: 150.0, 4: 150.0}",0,-300.0,0,-1845460.0,2
2024-12-21,2024-12,EV,0,HOME,AWAY,6,"(1, 2)",0.38126852505990205,0.37200883011339014,0.37200883011339014,900,"{1: 450.0, 2: 450.0}",0,-900.0,0,-1846360.0,3
2024-12-23,2024-12,EV,0,HOME,AWAY,7,"(1, 2)",0.38126852505990205,0.4944302677259642,0.4944302677259642,2700,"{1: 1350.0, 2: 1350.0}",0,-2700.0,0,-1849060.0,4
2024-12-24,2024-12,EV,0,HOME,AWAY,3,"(1, 2)",0.38126852505990205,0.32785131753644725,0.32785131753644725,8100,"{1: 4050.0, 2: 4050.0}",0,-8100.0,0,-1857160.0,5
2024-12-27,2024-12,EV,0,HOME,AWAY,4,"(1, 2)",0.38126852505990205,0.7008000324506174,0.7008000324506174,24300,"{1: 12150.0, 2: 12150.0}",0,-24300.0,0,-1881460.0,6
2024-12-27,2024-12,EV,0,HOME,AWAY,5,"(1, 2)",0.38126852505990205,0.4603238552672757,0.4603238552672757,72900,"{1: 36450.0, 2: 36450.0}",0,-72900.0,0,-1954360.0,7
2024-12-29,2024-12,EV,0,HOME,AWAY,4,"(1, 2)",0.38126852505990205,0.42753514684322913,0.42753514684322913,218700,"{1: 109350.0, 2: 109350.0}",0,-218700.0,1,-2173060.0,0
