date,month_id,home_team,away_team,y_true,selected_set,p_selected,stake_total,stake_split,hit,profit,stoploss,bankroll,martingale_level
2015-02-01,2015-02,HOME,AWAY,1,"(2, 3)",0.47041629234311444,100,"{2: 50.0, 3: 50.0}",0,-100.0,0,-100.0,1
2015-02-01,2015-02,HOME,AWAY,3,"(2, 3)",0.47041629234311444,300,"{2: 150.0, 3: 150.0}",1,187.5,0,87.5,0
2015-02-01,2015-02,HOME,AWAY,0,"(2, 3)",0.47041629234311444,100,"{2: 50.0, 3: 50.0}",0,-100.0,0,-12.5,1
2015-02-01,2015-02,HOME,AWAY,2,"(2, 3)",0.47041629234311444,300,"{2: 150.0, 3: 150.0}",1,210.0,0,197.5,0
2015-02-01,2015-02,HOME,AWAY,3,"(2, 3)",0.47041629234311444,100,"{2: 50.0, 3: 50.0}",1,82.5,0,280.0,0
2015-02-01,2015-02,HOME,AWAY,2,"(2, 3)",0.47041629234311444,100,"{2: 50.0, 3: 50.0}",1,52.499999999999986,0,332.5,0
2015-02-01,2015-02,HOME,AWAY,0,"(2, 3)",0.47041629234311444,100,"{2: 50.0, 3: 50.0}",0,-100.0,0,232.5,1
2015-02-01,2015-02,HOME,AWAY,3,"(2, 3)",0.47041629234311444,300,"{2: 150.0, 3: 150.0}",1,202.5,0,435.0,0
2015-02-01,2015-02,HOME,AWAY,4,"(2, 3)",0.47041629234311444,100,"{2: 50.0, 3: 50.0}",0,-100.0,0,335.0,1
2015-02-01,2015-02,HOME,AWAY,1,"(2, 3)",0.47041629234311444,300,"{2: 150.0, 3: 150.0}",0,-300.0,0,35.0,2
2015-02-01,2015-02,HOME,AWAY,3,"(2, 3)",0.47041629234311444,900,"{2: 450.0, 3: 450.0}",1,652.5,0,687.5,0
2015-02-01,2015-02,HOME,AWAY,0,"(2, 3)",0.47041629234311444,100,"{2: 50.0, 3: 50.0}",0,-100.0,0,587.5,1
2015-02-01,2015-02,HOME,AWAY,1,"(2, 3)",0.47041629234311444,300,"{2: 150.0, 3: 150.0}",0,-300.0,0,287.5,2
2015-02-01,2015-02,HOME,AWAY,2,"(2, 3)",0.47041629234311444,900,"{2: 450.0, 3: 450.0}",1,337.5,0,625.0,0
2015-02-01,2015-02,HOME,AWAY,0,"(2, 3)",0.47041629234311444,100,"{2: 50.0, 3: 50.0}",0,-100.0,0,525.0,1
2015-02-01,2015-02,HOME,AWAY,2,"(2, 3)",0.47041629234311444,300,"{2: 150.0, 3: 150.0}",1,142.5,0,667.5,0
2015-03-01,2015-03,HOME,AWAY,0,"(2, 3)",0.4689664628917714,100,"{2: 50.0, 3: 50.0}",0,-100.0,0,567.5,1
2015-03-01,2015-03,HOME,AWAY,2,"(2, 3)",0.4689664628917714,300,"{2: 150.0, 3: 150.0}",1,262.5,0,830.0,0
2015-03-01,2015-03,HOME,AWAY,2,"(2, 3)",0.4689664628917714,100,"{2: 50.0, 3: 50.0}",1,75.0,0,905.0,0
2015-03-01,2015-03,HOME,AWAY,5,"(2, 3)",0.4689664628917714,100,"{2: 50.0, 3: 50.0}",0,-100.0,0,805.0,1
2015-03-01,2015-03,HOME,AWAY,2,"(2, 3)",0.4689664628917714,300,"{2: 150.0, 3: 150.0}",1,150.0,0,955.0,0
2015-03-01,2015-03,HOME,AWAY,6,"(2, 3)",0.4689664628917714,100,"{2: 50.0, 3: 50.0}",0,-100.0,0,855.0,1
2015-03-01,2015-03,HOME,AWAY,6,"(2, 3)",0.4689664628917714,300,"{2: 150.0, 3: 150.0}",0,-300.0,0,555.0,2
2015-03-01,2015-03,HOME,AWAY,2,"(2, 3)",0.4689664628917714,900,"{2: 450.0, 3: 450.0}",1,540.0000000000001,0,1095.0,0
2015-03-01,2015-03,HOME,AWAY,3,"(2, 3)",0.4689664628917714,100,"{2: 50.0, 3: 50.0}",1,85.0,0,1180.0,0
2015-03-01,2015-03,HOME,AWAY,3,"(2, 3)",0.4689664628917714,100,"{2: 50.0, 3: 50.0}",1,75.0,0,1255.0,0
2015-03-01,2015-03,HOME,AWAY,2,"(2, 3)",0.4689664628917714,100,"{2: 50.0, 3: 50.0}",1,50.0,0,1305.0,0
2015-03-01,2015-03,HOME,AWAY,2,"(2, 3)",0.4689664628917714,100,"{2: 50.0, 3: 50.0}",1,70.0,0,1375.0,0
2015-03-01,2015-03,HOME,AWAY,2,"(2, 3)",0.4689664628917714,100,"{2: 50.0, 3: 50.0}",1,52.499999999999986,0,1427.5,0
2015-03-01,2015-03,HOME,AWAY,1,"(2, 3)",0.4689664628917714,100,"{2: 50.0, 3: 50.0}",0,-100.0,0,1327.5,1
2015-03-01,2015-03,HOME,AWAY,0,"(2, 3)",0.4689664628917714,300,"{2: 150.0, 3: 150.0}",0,-300.0,0,1027.5,2
2015-03-01,2015-03,HOME,AWAY,1,"(2, 3)",0.4689664628917714,900,"{2: 450.0, 3: 450.0}",0,-900.0,0,127.5,3
2015-04-01,2015-04,HOME,AWAY,1,"(1, 2)",0.4721329001992603,2700,"{1: 1350.0, 2: 1350.0}",1,2497.5,0,2625.0,0
2015-04-01,2015-04,HOME,AWAY,2,"(1, 2)",0.4721329001992603,100,"{1: 50.0, 2: 50.0}",1,50.0,0,2675.0,0
2015-04-01,2015-04,HOME,AWAY,2,"(1, 2)",0.4721329001992603,100,"{1: 50.0, 2: 50.0}",1,60.000000000000014,0,2735.0,0
2015-04-01,2015-04,HOME,AWAY,4,"(1, 2)",0.4721329001992603,100,"{1: 50.0, 2: 50.0}",0,-100.0,0,2635.0,1
2015-04-01,2015-04,HOME,AWAY,2,"(1, 2)",0.4721329001992603,300,"{1: 150.0, 2: 150.0}",1,210.0,0,2845.0,0
2015-04-01,2015-04,HOME,AWAY,3,"(1, 2)",0.4721329001992603,100,"{1: 50.0, 2: 50.0}",0,-100.0,0,2745.0,1
2015-04-01,2015-04,HOME,AWAY,1,"(1, 2)",0.4721329001992603,300,"{1: 150.0, 2: 150.0}",1,240.0,0,2985.0,0
2015-04-01,2015-04,HOME,AWAY,2,"(1, 2)",0.4721329001992603,100,"{1: 50.0, 2: 50.0}",1,55.0,0,3040.0,0
2015-04-01,2015-04,HOME,AWAY,2,"(1, 2)",0.4721329001992603,100,"{1: 50.0, 2: 50.0}",1,52.499999999999986,0,3092.5,0
2015-04-01,2015-04,HOME,AWAY,2,"(1, 2)",0.4721329001992603,100,"{1: 50.0, 2: 50.0}",1,52.499999999999986,0,3145.0,0
2015-04-01,2015-04,HOME,AWAY,1,"(1, 2)",0.4721329001992603,100,"{1: 50.0, 2: 50.0}",1,97.5,0,3242.5,0
2015-04-01,2015-04,HOME,AWAY,3,"(1, 2)",0.4721329001992603,100,"{1: 50.0, 2: 50.0}",0,-100.0,0,3142.5,1
2015-04-01,2015-04,HOME,AWAY,1,"(1, 2)",0.4721329001992603,300,"{1: 150.0, 2: 150.0}",1,232.5,0,3375.0,0
2015-04-01,2015-04,HOME,AWAY,3,"(1, 2)",0.4721329001992603,100,"{1: 50.0, 2: 50.0}",0,-100.0,0,3275.0,1
2015-04-01,2015-04,HOME,AWAY,3,"(1, 2)",0.4721329001992603,300,"{1: 150.0, 2: 150.0}",0,-300.0,0,2975.0,2
2015-04-01,2015-04,HOME,AWAY,0,"(1, 2)",0.4721329001992603,900,"{1: 450.0, 2: 450.0}",0,-900.0,0,2075.0,3
2015-05-01,2015-05,HOME,AWAY,2,"(2, 3)",0.4592369158468991,2700,"{2: 1350.0, 3: 1350.0}",1,1822.5,0,3897.5,0
2015-05-01,2015-05,HOME,AWAY,2,"(2, 3)",0.4592369158468991,100,"{2: 50.0, 3: 50.0}",1,75.0,0,3972.5,0
2015-05-01,2015-05,HOME,AWAY,3,"(2, 3)",0.4592369158468991,100,"{2: 50.0, 3: 50.0}",1,72.50000000000001,0,4045.0,0
2015-05-01,2015-05,HOME,AWAY,3,"(2, 3)",0.4592369158468991,100,"{2: 50.0, 3: 50.0}",1,75.0,0,4120.0,0
2015-05-01,2015-05,HOME,AWAY,2,"(2, 3)",0.4592369158468991,100,"{2: 50.0, 3: 50.0}",1,75.0,0,4195.0,0
2015-05-01,2015-05,HOME,AWAY,3,"(2, 3)",0.4592369158468991,100,"{2: 50.0, 3: 50.0}",1,72.50000000000001,0,4267.5,0
2015-05-01,2015-05,HOME,AWAY,4,"(2, 3)",0.4592369158468991,100,"{2: 50.0, 3: 50.0}",0,-100.0,0,4167.5,1
2015-05-01,2015-05,HOME,AWAY,0,"(2, 3)",0.4592369158468991,300,"{2: 150.0, 3: 150.0}",0,-300.0,0,3867.5,2
2015-05-01,2015-05,HOME,AWAY,5,"(2, 3)",0.4592369158468991,900,"{2: 450.0, 3: 450.0}",0,-900.0,0,2967.5,3
2015-05-01,2015-05,HOME,AWAY,2,"(2, 3)",0.4592369158468991,2700,"{2: 1350.0, 3: 1350.0}",1,1552.5,0,4520.0,0
2015-05-01,2015-05,HOME,AWAY,3,"(2, 3)",0.4592369158468991,100,"{2: 50.0, 3: 50.0}",1,92.5,0,4612.5,0
2015-05-01,2015-05,HOME,AWAY,1,"(2, 3)",0.4592369158468991,100,"{2: 50.0, 3: 50.0}",0,-100.0,0,4512.5,1
2015-05-01,2015-05,HOME,AWAY,3,"(2, 3)",0.4592369158468991,300,"{2: 150.0, 3: 150.0}",1,217.5,0,4730.0,0
2015-05-01,2015-05,HOME,AWAY,3,"(2, 3)",0.4592369158468991,100,"{2: 50.0, 3: 50.0}",1,77.49999999999999,0,4807.5,0
2015-05-01,2015-05,HOME,AWAY,6,"(2, 3)",0.4592369158468991,100,"{2: 50.0, 3: 50.0}",0,-100.0,0,4707.5,1
2015-05-01,2015-05,HOME,AWAY,5,"(2, 3)",0.4592369158468991,300,"{2: 150.0, 3: 150.0}",0,-300.0,0,4407.5,2
2015-06-01,2015-06,HOME,AWAY,2,"(2, 3)",0.46781501200599646,900,"{2: 450.0, 3: 450.0}",1,1394.9999999999998,0,5802.5,0
2015-06-01,2015-06,HOME,AWAY,0,"(2, 3)",0.46781501200599646,100,"{2: 50.0, 3: 50.0}",0,-100.0,0,5702.5,1
2015-06-01,2015-06,HOME,AWAY,6,"(2, 3)",0.46781501200599646,300,"{2: 150.0, 3: 150.0}",0,-300.0,0,5402.5,2
2015-06-01,2015-06,HOME,AWAY,1,"(2, 3)",0.46781501200599646,900,"{2: 450.0, 3: 450.0}",0,-900.0,0,4502.5,3
2015-06-01,2015-06,HOME,AWAY,7,"(2, 3)",0.46781501200599646,2700,"{2: 1350.0, 3: 1350.0}",0,-2700.0,0,1802.5,4
2015-06-01,2015-06,HOME,AWAY,3,"(2, 3)",0.46781501200599646,8100,"{2: 4050.0, 3: 4050.0}",1,6075.0,0,7877.5,0
2015-06-01,2015-06,HOME,AWAY,3,"(2, 3)",0.46781501200599646,100,"{2: 50.0, 3: 50.0}",1,100.0,0,7977.5,0
2015-06-01,2015-06,HOME,AWAY,5,"(2, 3)",0.46781501200599646,100,"{2: 50.0, 3: 50.0}",0,-100.0,0,7877.5,1
2015-06-01,2015-06,HOME,AWAY,7,"(2, 3)",0.46781501200599646,300,"{2: 150.0, 3: 150.0}",0,-300.0,0,7577.5,2
2015-06-01,2015-06,HOME,AWAY,4,"(2, 3)",0.46781501200599646,900,"{2: 450.0, 3: 450.0}",0,-900.0,0,6677.5,3
2015-06-01,2015-06,HOME,AWAY,4,"(2, 3)",0.46781501200599646,2700,"{2: 1350.0, 3: 1350.0}",0,-2700.0,0,3977.5,4
2015-06-01,2015-06,HOME,AWAY,2,"(2, 3)",0.46781501200599646,8100,"{2: 4050.0, 3: 4050.0}",1,4050.0,0,8027.5,0
2015-06-01,2015-06,HOME,AWAY,3,"(2, 3)",0.46781501200599646,100,"{2: 50.0, 3: 50.0}",1,77.49999999999999,0,8105.0,0
2015-06-01,2015-06,HOME,AWAY,7,"(2, 3)",0.46781501200599646,100,"{2: 50.0, 3: 50.0}",0,-100.0,0,8005.0,1
2015-06-01,2015-06,HOME,AWAY,4,"(2, 3)",0.46781501200599646,300,"{2: 150.0, 3: 150.0}",0,-300.0,0,7705.0,2
2015-06-01,2015-06,HOME,AWAY,2,"(2, 3)",0.46781501200599646,900,"{2: 450.0, 3: 450.0}",1,450.0,0,8155.0,0
2015-07-01,2015-07,HOME,AWAY,7,"(2, 3)",0.4683645623063804,100,"{2: 50.0, 3: 50.0}",0,-100.0,0,8055.0,1
2015-07-01,2015-07,HOME,AWAY,0,"(2, 3)",0.4683645623063804,300,"{2: 150.0, 3: 150.0}",0,-300.0,0,7755.0,2
2015-07-01,2015-07,HOME,AWAY,2,"(2, 3)",0.4683645623063804,900,"{2: 450.0, 3: 450.0}",1,472.4999999999999,0,8227.5,0
2015-07-01,2015-07,HOME,AWAY,2,"(2, 3)",0.4683645623063804,100,"{2: 50.0, 3: 50.0}",1,62.5,0,8290.0,0
2015-07-01,2015-07,HOME,AWAY,4,"(2, 3)",0.4683645623063804,100,"{2: 50.0, 3: 50.0}",0,-100.0,0,8190.0,1
2015-07-01,2015-07,HOME,AWAY,1,"(2, 3)",0.4683645623063804,300,"{2: 150.0, 3: 150.0}",0,-300.0,0,7890.0,2
2015-07-01,2015-07,HOME,AWAY,3,"(2, 3)",0.4683645623063804,900,"{2: 450.0, 3: 450.0}",1,742.5,0,8632.5,0
2015-07-02,2015-07,HOME,AWAY,2,"(2, 3)",0.4683645623063804,100,"{2: 50.0, 3: 50.0}",1,55.0,0,8687.5,0
2015-07-02,2015-07,HOME,AWAY,2,"(2, 3)",0.4683645623063804,100,"{2: 50.0, 3: 50.0}",1,67.5,0,8755.0,0
2015-07-02,2015-07,HOME,AWAY,3,"(2, 3)",0.4683645623063804,100,"{2: 50.0, 3: 50.0}",1,90.0,0,8845.0,0
2015-07-02,2015-07,HOME,AWAY,3,"(2, 3)",0.4683645623063804,100,"{2: 50.0, 3: 50.0}",1,104.99999999999997,0,8950.0,0
2015-07-02,2015-07,HOME,AWAY,5,"(2, 3)",0.4683645623063804,100,"{2: 50.0, 3: 50.0}",0,-100.0,0,8850.0,1
2015-07-02,2015-07,HOME,AWAY,1,"(2, 3)",0.4683645623063804,300,"{2: 150.0, 3: 150.0}",0,-300.0,0,8550.0,2
2015-07-02,2015-07,HOME,AWAY,1,"(2, 3)",0.4683645623063804,900,"{2: 450.0, 3: 450.0}",0,-900.0,0,7650.0,3
2015-07-02,2015-07,HOME,AWAY,1,"(2, 3)",0.4683645623063804,2700,"{2: 1350.0, 3: 1350.0}",0,-2700.0,0,4950.0,4
2015-07-02,2015-07,HOME,AWAY,1,"(2, 3)",0.4683645623063804,8100,"{2: 4050.0, 3: 4050.0}",0,-8100.0,0,-3150.0,5
2015-08-01,2015-08,HOME,AWAY,0,"(2, 3)",0.4695612181090995,24300,"{2: 12150.0, 3: 12150.0}",0,-24300.0,0,-27450.0,6
2015-08-01,2015-08,HOME,AWAY,2,"(2, 3)",0.4695612181090995,72900,"{2: 36450.0, 3: 36450.0}",1,40095.0,0,12645.0,0
2015-08-01,2015-08,HOME,AWAY,5,"(2, 3)",0.4695612181090995,100,"{2: 50.0, 3: 50.0}",0,-100.0,0,12545.0,1
2015-08-01,2015-08,HOME,AWAY,1,"(2, 3)",0.4695612181090995,300,"{2: 150.0, 3: 150.0}",0,-300.0,0,12245.0,2
2015-08-01,2015-08,HOME,AWAY,3,"(2, 3)",0.4695612181090995,900,"{2: 450.0, 3: 450.0}",1,675.0,0,12920.0,0
2015-08-01,2015-08,HOME,AWAY,0,"(2, 3)",0.4695612181090995,100,"{2: 50.0, 3: 50.0}",0,-100.0,0,12820.0,1
2015-08-01,2015-08,HOME,AWAY,4,"(2, 3)",0.4695612181090995,300,"{2: 150.0, 3: 150.0}",0,-300.0,0,12520.0,2
2015-08-01,2015-08,HOME,AWAY,0,"(2, 3)",0.4695612181090995,900,"{2: 450.0, 3: 450.0}",0,-900.0,0,11620.0,3
2015-08-01,2015-08,HOME,AWAY,1,"(2, 3)",0.4695612181090995,2700,"{2: 1350.0, 3: 1350.0}",0,-2700.0,0,8920.0,4
2015-08-01,2015-08,HOME,AWAY,0,"(2, 3)",0.4695612181090995,8100,"{2: 4050.0, 3: 4050.0}",0,-8100.0,0,820.0,5
2015-08-01,2015-08,HOME,AWAY,3,"(2, 3)",0.4695612181090995,24300,"{2: 12150.0, 3: 12150.0}",1,18832.499999999996,0,19652.499999999996,0
2015-08-01,2015-08,HOME,AWAY,0,"(2, 3)",0.4695612181090995,100,"{2: 50.0, 3: 50.0}",0,-100.0,0,19552.499999999996,1
2015-08-01,2015-08,HOME,AWAY,2,"(2, 3)",0.4695612181090995,300,"{2: 150.0, 3: 150.0}",1,172.5,0,19724.999999999996,0
2015-08-01,2015-08,HOME,AWAY,3,"(2, 3)",0.4695612181090995,100,"{2: 50.0, 3: 50.0}",1,77.49999999999999,0,19802.499999999996,0
2015-08-01,2015-08,HOME,AWAY,2,"(2, 3)",0.4695612181090995,100,"{2: 50.0, 3: 50.0}",1,55.0,0,19857.499999999996,0
2015-08-01,2015-08,HOME,AWAY,3,"(2, 3)",0.4695612181090995,100,"{2: 50.0, 3: 50.0}",1,77.49999999999999,0,19934.999999999996,0
2015-09-01,2015-09,HOME,AWAY,4,"(2, 3)",0.4630799591564182,100,"{2: 50.0, 3: 50.0}",0,-100.0,0,19834.999999999996,1
2015-09-01,2015-09,HOME,AWAY,0,"(2, 3)",0.4630799591564182,300,"{2: 150.0, 3: 150.0}",0,-300.0,0,19534.999999999996,2
2015-09-01,2015-09,HOME,AWAY,2,"(2, 3)",0.4630799591564182,900,"{2: 450.0, 3: 450.0}",1,495.0,0,20029.999999999996,0
2015-09-01,2015-09,HOME,AWAY,1,"(2, 3)",0.4630799591564182,100,"{2: 50.0, 3: 50.0}",0,-100.0,0,19929.999999999996,1
2015-09-01,2015-09,HOME,AWAY,0,"(2, 3)",0.4630799591564182,300,"{2: 150.0, 3: 150.0}",0,-300.0,0,19629.999999999996,2
2015-09-01,2015-09,HOME,AWAY,1,"(2, 3)",0.4630799591564182,900,"{2: 450.0, 3: 450.0}",0,-900.0,0,18729.999999999996,3
2015-09-01,2015-09,HOME,AWAY,5,"(2, 3)",0.4630799591564182,2700,"{2: 1350.0, 3: 1350.0}",0,-2700.0,0,16029.999999999996,4
2015-09-01,2015-09,HOME,AWAY,4,"(2, 3)",0.4630799591564182,8100,"{2: 4050.0, 3: 4050.0}",0,-8100.0,0,7929.999999999996,5
2015-09-01,2015-09,HOME,AWAY,4,"(2, 3)",0.4630799591564182,24300,"{2: 12150.0, 3: 12150.0}",0,-24300.0,0,-16370.000000000004,6
2015-09-02,2015-09,HOME,AWAY,5,"(2, 3)",0.4630799591564182,72900,"{2: 36450.0, 3: 36450.0}",0,-72900.0,0,-89270.0,7
2015-09-02,2015-09,HOME,AWAY,2,"(2, 3)",0.4630799591564182,218700,"{2: 109350.0, 3: 109350.0}",1,142154.99999999997,0,52884.99999999997,0
2015-09-02,2015-09,HOME,AWAY,3,"(2, 3)",0.4630799591564182,100,"{2: 50.0, 3: 50.0}",1,77.49999999999999,0,52962.49999999997,0
2015-09-02,2015-09,HOME,AWAY,0,"(2, 3)",0.4630799591564182,100,"{2: 50.0, 3: 50.0}",0,-100.0,0,52862.49999999997,1
2015-09-02,2015-09,HOME,AWAY,1,"(2, 3)",0.4630799591564182,300,"{2: 150.0, 3: 150.0}",0,-300.0,0,52562.49999999997,2
2015-09-02,2015-09,HOME,AWAY,2,"(2, 3)",0.4630799591564182,900,"{2: 450.0, 3: 450.0}",1,607.5,0,53169.99999999997,0
2015-09-02,2015-09,HOME,AWAY,2,"(2, 3)",0.4630799591564182,100,"{2: 50.0, 3: 50.0}",1,64.99999999999999,0,53234.99999999997,0
2015-10-01,2015-10,HOME,AWAY,2,"(2, 3)",0.46503473568962717,100,"{2: 50.0, 3: 50.0}",1,115.0,0,53349.99999999997,0
2015-10-01,2015-10,HOME,AWAY,2,"(2, 3)",0.46503473568962717,100,"{2: 50.0, 3: 50.0}",1,55.0,0,53404.99999999997,0
2015-10-01,2015-10,HOME,AWAY,3,"(2, 3)",0.46503473568962717,100,"{2: 50.0, 3: 50.0}",1,82.5,0,53487.49999999997,0
2015-10-01,2015-10,HOME,AWAY,3,"(2, 3)",0.46503473568962717,100,"{2: 50.0, 3: 50.0}",1,92.5,0,53579.99999999997,0
2015-10-01,2015-10,HOME,AWAY,3,"(2, 3)",0.46503473568962717,100,"{2: 50.0, 3: 50.0}",1,87.5,0,53667.49999999997,0
2015-10-01,2015-10,HOME,AWAY,5,"(2, 3)",0.46503473568962717,100,"{2: 50.0, 3: 50.0}",0,-100.0,0,53567.49999999997,1
2015-10-01,2015-10,HOME,AWAY,4,"(2, 3)",0.46503473568962717,300,"{2: 150.0, 3: 150.0}",0,-300.0,0,53267.49999999997,2
2015-10-01,2015-10,HOME,AWAY,3,"(2, 3)",0.46503473568962717,900,"{2: 450.0, 3: 450.0}",1,630.0,0,53897.49999999997,0
2015-10-01,2015-10,HOME,AWAY,3,"(2, 3)",0.46503473568962717,100,"{2: 50.0, 3: 50.0}",1,75.0,0,53972.49999999997,0
2015-10-01,2015-10,HOME,AWAY,1,"(2, 3)",0.46503473568962717,100,"{2: 50.0, 3: 50.0}",0,-100.0,0,53872.49999999997,1
2015-10-01,2015-10,HOME,AWAY,5,"(2, 3)",0.46503473568962717,300,"{2: 150.0, 3: 150.0}",0,-300.0,0,53572.49999999997,2
2015-10-01,2015-10,HOME,AWAY,1,"(2, 3)",0.46503473568962717,900,"{2: 450.0, 3: 450.0}",0,-900.0,0,52672.49999999997,3
2015-10-01,2015-10,HOME,AWAY,2,"(2, 3)",0.46503473568962717,2700,"{2: 1350.0, 3: 1350.0}",1,1552.5,0,54224.99999999997,0
2015-10-01,2015-10,HOME,AWAY,2,"(2, 3)",0.46503473568962717,100,"{2: 50.0, 3: 50.0}",1,60.000000000000014,0,54284.99999999997,0
2015-10-01,2015-10,HOME,AWAY,3,"(2, 3)",0.46503473568962717,100,"{2: 50.0, 3: 50.0}",1,90.0,0,54374.99999999997,0
2015-10-01,2015-10,HOME,AWAY,2,"(2, 3)",0.46503473568962717,100,"{2: 50.0, 3: 50.0}",1,52.499999999999986,0,54427.49999999997,0
2015-11-01,2015-11,HOME,AWAY,3,"(2, 3)",0.4661841051498091,100,"{2: 50.0, 3: 50.0}",1,87.5,0,54514.99999999997,0
2015-11-01,2015-11,HOME,AWAY,4,"(2, 3)",0.4661841051498091,100,"{2: 50.0, 3: 50.0}",0,-100.0,0,54414.99999999997,1
2015-11-01,2015-11,HOME,AWAY,3,"(2, 3)",0.4661841051498091,300,"{2: 150.0, 3: 150.0}",1,247.5,0,54662.49999999997,0
2015-11-01,2015-11,HOME,AWAY,3,"(2, 3)",0.4661841051498091,100,"{2: 50.0, 3: 50.0}",1,80.0,0,54742.49999999997,0
2015-11-01,2015-11,HOME,AWAY,3,"(2, 3)",0.4661841051498091,100,"{2: 50.0, 3: 50.0}",1,77.49999999999999,0,54819.99999999997,0
2015-11-01,2015-11,HOME,AWAY,3,"(2, 3)",0.4661841051498091,100,"{2: 50.0, 3: 50.0}",1,75.0,0,54894.99999999997,0
2015-11-01,2015-11,HOME,AWAY,3,"(2, 3)",0.4661841051498091,100,"{2: 50.0, 3: 50.0}",1,70.0,0,54964.99999999997,0
2015-11-01,2015-11,HOME,AWAY,2,"(2, 3)",0.4661841051498091,100,"{2: 50.0, 3: 50.0}",1,55.0,0,55019.99999999997,0
2015-11-01,2015-11,HOME,AWAY,6,"(2, 3)",0.4661841051498091,100,"{2: 50.0, 3: 50.0}",0,-100.0,0,54919.99999999997,1
2015-11-01,2015-11,HOME,AWAY,4,"(2, 3)",0.4661841051498091,300,"{2: 150.0, 3: 150.0}",0,-300.0,0,54619.99999999997,2
2015-11-01,2015-11,HOME,AWAY,1,"(2, 3)",0.4661841051498091,900,"{2: 450.0, 3: 450.0}",0,-900.0,0,53719.99999999997,3
2015-11-01,2015-11,HOME,AWAY,2,"(2, 3)",0.4661841051498091,2700,"{2: 1350.0, 3: 1350.0}",1,1485.0,0,55204.99999999997,0
2015-11-01,2015-11,HOME,AWAY,2,"(2, 3)",0.4661841051498091,100,"{2: 50.0, 3: 50.0}",1,70.0,0,55274.99999999997,0
2015-11-01,2015-11,HOME,AWAY,1,"(2, 3)",0.4661841051498091,100,"{2: 50.0, 3: 50.0}",0,-100.0,0,55174.99999999997,1
2015-11-01,2015-11,HOME,AWAY,3,"(2, 3)",0.4661841051498091,300,"{2: 150.0, 3: 150.0}",1,217.5,0,55392.49999999997,0
2015-11-01,2015-11,HOME,AWAY,3,"(2, 3)",0.4661841051498091,100,"{2: 50.0, 3: 50.0}",1,80.0,0,55472.49999999997,0
2015-12-01,2015-12,HOME,AWAY,0,"(2, 3)",0.46503473568962717,100,"{2: 50.0, 3: 50.0}",0,-100.0,0,55372.49999999997,1
2015-12-01,2015-12,HOME,AWAY,2,"(2, 3)",0.46503473568962717,300,"{2: 150.0, 3: 150.0}",1,240.0,0,55612.49999999997,0
2015-12-01,2015-12,HOME,AWAY,4,"(2, 3)",0.46503473568962717,100,"{2: 50.0, 3: 50.0}",0,-100.0,0,55512.49999999997,1
2015-12-01,2015-12,HOME,AWAY,0,"(2, 3)",0.46503473568962717,300,"{2: 150.0, 3: 150.0}",0,-300.0,0,55212.49999999997,2
2015-12-01,2015-12,HOME,AWAY,4,"(2, 3)",0.46503473568962717,900,"{2: 450.0, 3: 450.0}",0,-900.0,0,54312.49999999997,3
2015-12-01,2015-12,HOME,AWAY,4,"(2, 3)",0.46503473568962717,2700,"{2: 1350.0, 3: 1350.0}",0,-2700.0,0,51612.49999999997,4
2015-12-01,2015-12,HOME,AWAY,3,"(2, 3)",0.46503473568962717,8100,"{2: 4050.0, 3: 4050.0}",1,6682.5,0,58294.99999999997,0
2015-12-01,2015-12,HOME,AWAY,2,"(2, 3)",0.46503473568962717,100,"{2: 50.0, 3: 50.0}",1,104.99999999999997,0,58399.99999999997,0
2015-12-01,2015-12,HOME,AWAY,4,"(2, 3)",0.46503473568962717,100,"{2: 50.0, 3: 50.0}",0,-100.0,0,58299.99999999997,1
2015-12-01,2015-12,HOME,AWAY,2,"(2, 3)",0.46503473568962717,300,"{2: 150.0, 3: 150.0}",1,172.5,0,58472.49999999997,0
2015-12-01,2015-12,HOME,AWAY,1,"(2, 3)",0.46503473568962717,100,"{2: 50.0, 3: 50.0}",0,-100.0,0,58372.49999999997,1
2015-12-01,2015-12,HOME,AWAY,3,"(2, 3)",0.46503473568962717,300,"{2: 150.0, 3: 150.0}",1,225.0,0,58597.49999999997,0
2015-12-01,2015-12,HOME,AWAY,3,"(2, 3)",0.46503473568962717,100,"{2: 50.0, 3: 50.0}",1,75.0,0,58672.49999999997,0
2015-12-01,2015-12,HOME,AWAY,2,"(2, 3)",0.46503473568962717,100,"{2: 50.0, 3: 50.0}",1,57.5,0,58729.99999999997,0
2015-12-01,2015-12,HOME,AWAY,2,"(2, 3)",0.46503473568962717,100,"{2: 50.0, 3: 50.0}",1,92.5,0,58822.49999999997,0
2015-12-01,2015-12,HOME,AWAY,0,"(2, 3)",0.46503473568962717,100,"{2: 50.0, 3: 50.0}",0,-100.0,0,58722.49999999997,1
2016-01-01,2016-01,HOME,AWAY,1,"(2, 3)",0.4679580007632552,300,"{2: 150.0, 3: 150.0}",0,-300.0,0,58422.49999999997,2
2016-01-01,2016-01,HOME,AWAY,3,"(2, 3)",0.4679580007632552,900,"{2: 450.0, 3: 450.0}",1,765.0,0,59187.49999999997,0
2016-01-01,2016-01,HOME,AWAY,0,"(2, 3)",0.4679580007632552,100,"{2: 50.0, 3: 50.0}",0,-100.0,0,59087.49999999997,1
2016-01-02,2016-01,HOME,AWAY,3,"(2, 3)",0.4679580007632552,300,"{2: 150.0, 3: 150.0}",1,292.5,0,59379.99999999997,0
2016-01-02,2016-01,HOME,AWAY,3,"(2, 3)",0.4679580007632552,100,"{2: 50.0, 3: 50.0}",1,75.0,0,59454.99999999997,0
2016-01-02,2016-01,HOME,AWAY,2,"(2, 3)",0.4679580007632552,100,"{2: 50.0, 3: 50.0}",1,50.0,0,59504.99999999997,0
2016-01-02,2016-01,HOME,AWAY,3,"(2, 3)",0.4679580007632552,100,"{2: 50.0, 3: 50.0}",1,77.49999999999999,0,59582.49999999997,0
2016-01-02,2016-01,HOME,AWAY,2,"(2, 3)",0.4679580007632552,100,"{2: 50.0, 3: 50.0}",1,57.5,0,59639.99999999997,0
2016-01-02,2016-01,HOME,AWAY,1,"(2, 3)",0.4679580007632552,100,"{2: 50.0, 3: 50.0}",0,-100.0,0,59539.99999999997,1
2016-01-02,2016-01,HOME,AWAY,0,"(2, 3)",0.4679580007632552,300,"{2: 150.0, 3: 150.0}",0,-300.0,0,59239.99999999997,2
2016-01-02,2016-01,HOME,AWAY,3,"(2, 3)",0.4679580007632552,900,"{2: 450.0, 3: 450.0}",1,742.5,0,59982.49999999997,0
2016-01-02,2016-01,HOME,AWAY,4,"(2, 3)",0.4679580007632552,100,"{2: 50.0, 3: 50.0}",0,-100.0,0,59882.49999999997,1
2016-01-02,2016-01,HOME,AWAY,3,"(2, 3)",0.4679580007632552,300,"{2: 150.0, 3: 150.0}",1,292.5,0,60174.99999999997,0
2016-01-02,2016-01,HOME,AWAY,3,"(2, 3)",0.4679580007632552,100,"{2: 50.0, 3: 50.0}",1,77.49999999999999,0,60252.49999999997,0
2016-01-02,2016-01,HOME,AWAY,2,"(2, 3)",0.4679580007632552,100,"{2: 50.0, 3: 50.0}",1,60.000000000000014,0,60312.49999999997,0
2016-01-02,2016-01,HOME,AWAY,0,"(2, 3)",0.4679580007632552,100,"{2: 50.0, 3: 50.0}",0,-100.0,0,60212.49999999997,1
2016-02-01,2016-02,HOME,AWAY,2,"(2, 3)",0.46543177847913697,300,"{2: 150.0, 3: 150.0}",1,495.0,0,60707.49999999997,0
2016-02-01,2016-02,HOME,AWAY,2,"(2, 3)",0.46543177847913697,100,"{2: 50.0, 3: 50.0}",1,62.5,0,60769.99999999997,0
2016-02-01,2016-02,HOME,AWAY,3,"(2, 3)",0.46543177847913697,100,"{2: 50.0, 3: 50.0}",1,90.0,0,60859.99999999997,0
2016-02-01,2016-02,HOME,AWAY,3,"(2, 3)",0.46543177847913697,100,"{2: 50.0, 3: 50.0}",1,80.0,0,60939.99999999997,0
2016-02-01,2016-02,HOME,AWAY,5,"(2, 3)",0.46543177847913697,100,"{2: 50.0, 3: 50.0}",0,-100.0,0,60839.99999999997,1
2016-02-01,2016-02,HOME,AWAY,4,"(2, 3)",0.46543177847913697,300,"{2: 150.0, 3: 150.0}",0,-300.0,0,60539.99999999997,2
2016-02-01,2016-02,HOME,AWAY,4,"(2, 3)",0.46543177847913697,900,"{2: 450.0, 3: 450.0}",0,-900.0,0,59639.99999999997,3
2016-02-01,2016-02,HOME,AWAY,6,"(2, 3)",0.46543177847913697,2700,"{2: 1350.0, 3: 1350.0}",0,-2700.0,0,56939.99999999997,4
2016-02-01,2016-02,HOME,AWAY,1,"(2, 3)",0.46543177847913697,8100,"{2: 4050.0, 3: 4050.0}",0,-8100.0,0,48839.99999999997,5
2016-02-01,2016-02,HOME,AWAY,4,"(2, 3)",0.46543177847913697,24300,"{2: 12150.0, 3: 12150.0}",0,-24300.0,0,24539.99999999997,6
2016-02-01,2016-02,HOME,AWAY,0,"(2, 3)",0.46543177847913697,72900,"{2: 36450.0, 3: 36450.0}",0,-72900.0,0,-48360.00000000003,7
2016-02-01,2016-02,HOME,AWAY,5,"(2, 3)",0.46543177847913697,218700,"{2: 109350.0, 3: 109350.0}",0,-218700.0,1,-267060.0,0
2016-02-01,2016-02,HOME,AWAY,0,"(2, 3)",0.46543177847913697,100,"{2: 50.0, 3: 50.0}",0,-100.0,0,-267160.0,1
2016-02-01,2016-02,HOME,AWAY,3,"(2, 3)",0.46543177847913697,300,"{2: 150.0, 3: 150.0}",1,247.5,0,-266912.5,0
2016-02-01,2016-02,HOME,AWAY,0,"(2, 3)",0.46543177847913697,100,"{2: 50.0, 3: 50.0}",0,-100.0,0,-267012.5,1
2016-02-01,2016-02,HOME,AWAY,1,"(2, 3)",0.46543177847913697,300,"{2: 150.0, 3: 150.0}",0,-300.0,0,-267312.5,2
2016-03-01,2016-03,HOME,AWAY,0,"(2, 3)",0.46873715992698084,900,"{2: 450.0, 3: 450.0}",0,-900.0,0,-268212.5,3
2016-03-01,2016-03,HOME,AWAY,6,"(2, 3)",0.46873715992698084,2700,"{2: 1350.0, 3: 1350.0}",0,-2700.0,0,-270912.5,4
2016-03-01,2016-03,HOME,AWAY,2,"(2, 3)",0.46873715992698084,8100,"{2: 4050.0, 3: 4050.0}",1,4860.0,0,-266052.5,0
2016-03-01,2016-03,HOME,AWAY,6,"(2, 3)",0.46873715992698084,100,"{2: 50.0, 3: 50.0}",0,-100.0,0,-266152.5,1
2016-03-01,2016-03,HOME,AWAY,5,"(2, 3)",0.46873715992698084,300,"{2: 150.0, 3: 150.0}",0,-300.0,0,-266452.5,2
2016-03-01,2016-03,HOME,AWAY,1,"(2, 3)",0.46873715992698084,900,"{2: 450.0, 3: 450.0}",0,-900.0,0,-267352.5,3
2016-03-01,2016-03,HOME,AWAY,4,"(2, 3)",0.46873715992698084,2700,"{2: 1350.0, 3: 1350.0}",0,-2700.0,0,-270052.5,4
2016-03-01,2016-03,HOME,AWAY,2,"(2, 3)",0.46873715992698084,8100,"{2: 4050.0, 3: 4050.0}",1,4860.0,0,-265192.5,0
2016-03-01,2016-03,HOME,AWAY,3,"(2, 3)",0.46873715992698084,100,"{2: 50.0, 3: 50.0}",1,97.5,0,-265095.0,0
2016-03-01,2016-03,HOME,AWAY,2,"(2, 3)",0.46873715992698084,100,"{2: 50.0, 3: 50.0}",1,129.99999999999997,0,-264965.0,0
2016-03-01,2016-03,HOME,AWAY,0,"(2, 3)",0.46873715992698084,100,"{2: 50.0, 3: 50.0}",0,-100.0,0,-265065.0,1
2016-03-01,2016-03,HOME,AWAY,1,"(2, 3)",0.46873715992698084,300,"{2: 150.0, 3: 150.0}",0,-300.0,0,-265365.0,2
2016-03-01,2016-03,HOME,AWAY,5,"(2, 3)",0.46873715992698084,900,"{2: 450.0, 3: 450.0}",0,-900.0,0,-266265.0,3
2016-03-01,2016-03,HOME,AWAY,3,"(2, 3)",0.46873715992698084,2700,"{2: 1350.0, 3: 1350.0}",1,2025.0,0,-264240.0,0
2016-03-01,2016-03,HOME,AWAY,4,"(2, 3)",0.46873715992698084,100,"{2: 50.0, 3: 50.0}",0,-100.0,0,-264340.0,1
2016-03-01,2016-03,HOME,AWAY,5,"(2, 3)",0.46873715992698084,300,"{2: 150.0, 3: 150.0}",0,-300.0,0,-264640.0,2
2016-04-01,2016-04,HOME,AWAY,3,"(2, 3)",0.4697279656095994,900,"{2: 450.0, 3: 450.0}",1,675.0,0,-263965.0,0
2016-04-01,2016-04,HOME,AWAY,2,"(2, 3)",0.4697279656095994,100,"{2: 50.0, 3: 50.0}",1,64.99999999999999,0,-263900.0,0
2016-04-01,2016-04,HOME,AWAY,3,"(2, 3)",0.4697279656095994,100,"{2: 50.0, 3: 50.0}",1,72.50000000000001,0,-263827.5,0
2016-04-01,2016-04,HOME,AWAY,2,"(2, 3)",0.4697279656095994,100,"{2: 50.0, 3: 50.0}",1,60.000000000000014,0,-263767.5,0
2016-04-01,2016-04,HOME,AWAY,3,"(2, 3)",0.4697279656095994,100,"{2: 50.0, 3: 50.0}",1,75.0,0,-263692.5,0
2016-04-01,2016-04,HOME,AWAY,5,"(2, 3)",0.4697279656095994,100,"{2: 50.0, 3: 50.0}",0,-100.0,0,-263792.5,1
2016-04-01,2016-04,HOME,AWAY,5,"(2, 3)",0.4697279656095994,300,"{2: 150.0, 3: 150.0}",0,-300.0,0,-264092.5,2
2016-04-02,2016-04,HOME,AWAY,0,"(2, 3)",0.4697279656095994,900,"{2: 450.0, 3: 450.0}",0,-900.0,0,-264992.5,3
2016-04-02,2016-04,HOME,AWAY,2,"(2, 3)",0.4697279656095994,2700,"{2: 1350.0, 3: 1350.0}",1,1485.0,0,-263507.5,0
2016-04-02,2016-04,HOME,AWAY,6,"(2, 3)",0.4697279656095994,100,"{2: 50.0, 3: 50.0}",0,-100.0,0,-263607.5,1
2016-04-02,2016-04,HOME,AWAY,2,"(2, 3)",0.4697279656095994,300,"{2: 150.0, 3: 150.0}",1,142.5,0,-263465.0,0
2016-04-02,2016-04,HOME,AWAY,3,"(2, 3)",0.4697279656095994,100,"{2: 50.0, 3: 50.0}",1,110.0,0,-263355.0,0
2016-04-02,2016-04,HOME,AWAY,2,"(2, 3)",0.4697279656095994,100,"{2: 50.0, 3: 50.0}",1,50.0,0,-263305.0,0
2016-04-02,2016-04,HOME,AWAY,0,"(2, 3)",0.4697279656095994,100,"{2: 50.0, 3: 50.0}",0,-100.0,0,-263405.0,1
2016-04-02,2016-04,HOME,AWAY,3,"(2, 3)",0.4697279656095994,300,"{2: 150.0, 3: 150.0}",1,300.0,0,-263105.0,0
2016-04-02,2016-04,HOME,AWAY,3,"(2, 3)",0.4697279656095994,100,"{2: 50.0, 3: 50.0}",1,115.0,0,-262990.0,0
2016-05-01,2016-05,HOME,AWAY,6,"(2, 3)",0.46720616866671627,100,"{2: 50.0, 3: 50.0}",0,-100.0,0,-263090.0,1
2016-05-01,2016-05,HOME,AWAY,2,"(2, 3)",0.46720616866671627,300,"{2: 150.0, 3: 150.0}",1,180.0,0,-262910.0,0
2016-05-01,2016-05,HOME,AWAY,1,"(2, 3)",0.46720616866671627,100,"{2: 50.0, 3: 50.0}",0,-100.0,0,-263010.0,1
2016-05-01,2016-05,HOME,AWAY,1,"(2, 3)",0.46720616866671627,300,"{2: 150.0, 3: 150.0}",0,-300.0,0,-263310.0,2
2016-05-01,2016-05,HOME,AWAY,1,"(2, 3)",0.46720616866671627,900,"{2: 450.0, 3: 450.0}",0,-900.0,0,-264210.0,3
2016-05-01,2016-05,HOME,AWAY,3,"(2, 3)",0.46720616866671627,2700,"{2: 1350.0, 3: 1350.0}",1,2092.4999999999995,0,-262117.5,0
2016-05-01,2016-05,HOME,AWAY,3,"(2, 3)",0.46720616866671627,100,"{2: 50.0, 3: 50.0}",1,77.49999999999999,0,-262040.0,0
2016-05-01,2016-05,HOME,AWAY,5,"(2, 3)",0.46720616866671627,100,"{2: 50.0, 3: 50.0}",0,-100.0,0,-262140.0,1
2016-05-01,2016-05,HOME,AWAY,6,"(2, 3)",0.46720616866671627,300,"{2: 150.0, 3: 150.0}",0,-300.0,0,-262440.0,2
2016-05-01,2016-05,HOME,AWAY,1,"(2, 3)",0.46720616866671627,900,"{2: 450.0, 3: 450.0}",0,-900.0,0,-263340.0,3
2016-05-01,2016-05,HOME,AWAY,0,"(2, 3)",0.46720616866671627,2700,"{2: 1350.0, 3: 1350.0}",0,-2700.0,0,-266040.0,4
2016-05-01,2016-05,HOME,AWAY,1,"(2, 3)",0.46720616866671627,8100,"{2: 4050.0, 3: 4050.0}",0,-8100.0,0,-274140.0,5
2016-05-01,2016-05,HOME,AWAY,4,"(2, 3)",0.46720616866671627,24300,"{2: 12150.0, 3: 12150.0}",0,-24300.0,0,-298440.0,6
2016-05-01,2016-05,HOME,AWAY,0,"(2, 3)",0.46720616866671627,72900,"{2: 36450.0, 3: 36450.0}",0,-72900.0,0,-371340.0,7
2016-05-01,2016-05,HOME,AWAY,2,"(2, 3)",0.46720616866671627,218700,"{2: 109350.0, 3: 109350.0}",1,437400.0,0,66060.0,0
2016-05-01,2016-05,HOME,AWAY,5,"(2, 3)",0.46720616866671627,100,"{2: 50.0, 3: 50.0}",0,-100.0,0,65960.0,1
2016-06-01,2016-06,HOME,AWAY,4,"(2, 3)",0.4686167628136373,300,"{2: 150.0, 3: 150.0}",0,-300.0,0,65660.0,2
2016-06-01,2016-06,HOME,AWAY,3,"(2, 3)",0.4686167628136373,900,"{2: 450.0, 3: 450.0}",1,765.0,0,66425.0,0
2016-06-01,2016-06,HOME,AWAY,3,"(2, 3)",0.4686167628136373,100,"{2: 50.0, 3: 50.0}",1,85.0,0,66510.0,0
2016-06-01,2016-06,HOME,AWAY,7,"(2, 3)",0.4686167628136373,100,"{2: 50.0, 3: 50.0}",0,-100.0,0,66410.0,1
2016-06-02,2016-06,HOME,AWAY,1,"(2, 3)",0.4686167628136373,300,"{2: 150.0, 3: 150.0}",0,-300.0,0,66110.0,2
2016-06-02,2016-06,HOME,AWAY,3,"(2, 3)",0.4686167628136373,900,"{2: 450.0, 3: 450.0}",1,832.5,0,66942.5,0
2016-06-02,2016-06,HOME,AWAY,3,"(2, 3)",0.4686167628136373,100,"{2: 50.0, 3: 50.0}",1,115.0,0,67057.5,0
2016-06-02,2016-06,HOME,AWAY,5,"(2, 3)",0.4686167628136373,100,"{2: 50.0, 3: 50.0}",0,-100.0,0,66957.5,1
2016-06-02,2016-06,HOME,AWAY,2,"(2, 3)",0.4686167628136373,300,"{2: 150.0, 3: 150.0}",1,232.5,0,67190.0,0
2016-06-02,2016-06,HOME,AWAY,3,"(2, 3)",0.4686167628136373,100,"{2: 50.0, 3: 50.0}",1,82.5,0,67272.5,0
2016-06-02,2016-06,HOME,AWAY,1,"(2, 3)",0.4686167628136373,100,"{2: 50.0, 3: 50.0}",0,-100.0,0,67172.5,1
2016-06-02,2016-06,HOME,AWAY,5,"(2, 3)",0.4686167628136373,300,"{2: 150.0, 3: 150.0}",0,-300.0,0,66872.5,2
2016-06-02,2016-06,HOME,AWAY,2,"(2, 3)",0.4686167628136373,900,"{2: 450.0, 3: 450.0}",1,585.0,0,67457.5,0
2016-06-02,2016-06,HOME,AWAY,6,"(2, 3)",0.4686167628136373,100,"{2: 50.0, 3: 50.0}",0,-100.0,0,67357.5,1
2016-06-02,2016-06,HOME,AWAY,1,"(2, 3)",0.4686167628136373,300,"{2: 150.0, 3: 150.0}",0,-300.0,0,67057.5,2
2016-06-02,2016-06,HOME,AWAY,2,"(2, 3)",0.4686167628136373,900,"{2: 450.0, 3: 450.0}",1,517.5,0,67575.0,0
2016-07-01,2016-07,HOME,AWAY,4,"(2, 3)",0.4702338146597337,100,"{2: 50.0, 3: 50.0}",0,-100.0,0,67475.0,1
2016-07-01,2016-07,HOME,AWAY,2,"(2, 3)",0.4702338146597337,300,"{2: 150.0, 3: 150.0}",1,150.0,0,67625.0,0
2016-07-01,2016-07,HOME,AWAY,7,"(2, 3)",0.4702338146597337,100,"{2: 50.0, 3: 50.0}",0,-100.0,0,67525.0,1
2016-07-01,2016-07,HOME,AWAY,3,"(2, 3)",0.4702338146597337,300,"{2: 150.0, 3: 150.0}",1,255.0,0,67780.0,0
2016-07-02,2016-07,HOME,AWAY,3,"(2, 3)",0.4702338146597337,100,"{2: 50.0, 3: 50.0}",1,77.49999999999999,0,67857.5,0
2016-07-02,2016-07,HOME,AWAY,4,"(2, 3)",0.4702338146597337,100,"{2: 50.0, 3: 50.0}",0,-100.0,0,67757.5,1
2016-07-02,2016-07,HOME,AWAY,6,"(2, 3)",0.4702338146597337,300,"{2: 150.0, 3: 150.0}",0,-300.0,0,67457.5,2
2016-07-02,2016-07,HOME,AWAY,1,"(2, 3)",0.4702338146597337,900,"{2: 450.0, 3: 450.0}",0,-900.0,0,66557.5,3
2016-07-02,2016-07,HOME,AWAY,2,"(2, 3)",0.4702338146597337,2700,"{2: 1350.0, 3: 1350.0}",1,1620.0000000000005,0,68177.5,0
2016-07-02,2016-07,HOME,AWAY,3,"(2, 3)",0.4702338146597337,100,"{2: 50.0, 3: 50.0}",1,92.5,0,68270.0,0
2016-07-02,2016-07,HOME,AWAY,4,"(2, 3)",0.4702338146597337,100,"{2: 50.0, 3: 50.0}",0,-100.0,0,68170.0,1
2016-07-02,2016-07,HOME,AWAY,1,"(2, 3)",0.4702338146597337,300,"{2: 150.0, 3: 150.0}",0,-300.0,0,67870.0,2
2016-07-02,2016-07,HOME,AWAY,1,"(2, 3)",0.4702338146597337,900,"{2: 450.0, 3: 450.0}",0,-900.0,0,66970.0,3
2016-07-02,2016-07,HOME,AWAY,5,"(2, 3)",0.4702338146597337,2700,"{2: 1350.0, 3: 1350.0}",0,-2700.0,0,64270.0,4
2016-07-02,2016-07,HOME,AWAY,3,"(2, 3)",0.4702338146597337,8100,"{2: 4050.0, 3: 4050.0}",1,7492.5,0,71762.5,0
2016-07-02,2016-07,HOME,AWAY,3,"(2, 3)",0.4702338146597337,100,"{2: 50.0, 3: 50.0}",1,80.0,0,71842.5,0
2016-08-01,2016-08,HOME,AWAY,3,"(1, 2)",0.4712709011326933,100,"{1: 50.0, 2: 50.0}",0,-100.0,0,71742.5,1
2016-08-01,2016-08,HOME,AWAY,2,"(1, 2)",0.4712709011326933,300,"{1: 150.0, 2: 150.0}",1,165.0,0,71907.5,0
2016-08-01,2016-08,HOME,AWAY,3,"(1, 2)",0.4712709011326933,100,"{1: 50.0, 2: 50.0}",0,-100.0,0,71807.5,1
2016-08-01,2016-08,HOME,AWAY,1,"(1, 2)",0.4712709011326933,300,"{1: 150.0, 2: 150.0}",1,172.5,0,71980.0,0
2016-08-01,2016-08,HOME,AWAY,1,"(1, 2)",0.4712709011326933,100,"{1: 50.0, 2: 50.0}",1,145.00000000000003,0,72125.0,0
2016-08-01,2016-08,HOME,AWAY,4,"(1, 2)",0.4712709011326933,100,"{1: 50.0, 2: 50.0}",0,-100.0,0,72025.0,1
2016-08-01,2016-08,HOME,AWAY,1,"(1, 2)",0.4712709011326933,300,"{1: 150.0, 2: 150.0}",1,525.0,0,72550.0,0
2016-08-01,2016-08,HOME,AWAY,5,"(1, 2)",0.4712709011326933,100,"{1: 50.0, 2: 50.0}",0,-100.0,0,72450.0,1
2016-08-01,2016-08,HOME,AWAY,1,"(1, 2)",0.4712709011326933,300,"{1: 150.0, 2: 150.0}",1,202.5,0,72652.5,0
2016-08-01,2016-08,HOME,AWAY,4,"(1, 2)",0.4712709011326933,100,"{1: 50.0, 2: 50.0}",0,-100.0,0,72552.5,1
2016-08-01,2016-08,HOME,AWAY,2,"(1, 2)",0.4712709011326933,300,"{1: 150.0, 2: 150.0}",1,157.5,0,72710.0,0
2016-08-01,2016-08,HOME,AWAY,2,"(1, 2)",0.4712709011326933,100,"{1: 50.0, 2: 50.0}",1,64.99999999999999,0,72775.0,0
2016-08-01,2016-08,HOME,AWAY,1,"(1, 2)",0.4712709011326933,100,"{1: 50.0, 2: 50.0}",1,135.0,0,72910.0,0
2016-08-01,2016-08,HOME,AWAY,4,"(1, 2)",0.4712709011326933,100,"{1: 50.0, 2: 50.0}",0,-100.0,0,72810.0,1
2016-08-01,2016-08,HOME,AWAY,1,"(1, 2)",0.4712709011326933,300,"{1: 150.0, 2: 150.0}",1,420.0,0,73230.0,0
2016-08-01,2016-08,HOME,AWAY,1,"(1, 2)",0.4712709011326933,100,"{1: 50.0, 2: 50.0}",1,140.0,0,73370.0,0
2016-09-01,2016-09,HOME,AWAY,4,"(2, 3)",0.4679580007632552,100,"{2: 50.0, 3: 50.0}",0,-100.0,0,73270.0,1
2016-09-01,2016-09,HOME,AWAY,1,"(2, 3)",0.4679580007632552,300,"{2: 150.0, 3: 150.0}",0,-300.0,0,72970.0,2
2016-09-01,2016-09,HOME,AWAY,3,"(2, 3)",0.4679580007632552,900,"{2: 450.0, 3: 450.0}",1,697.5,0,73667.5,0
2016-09-01,2016-09,HOME,AWAY,1,"(2, 3)",0.4679580007632552,100,"{2: 50.0, 3: 50.0}",0,-100.0,0,73567.5,1
2016-09-01,2016-09,HOME,AWAY,5,"(2, 3)",0.4679580007632552,300,"{2: 150.0, 3: 150.0}",0,-300.0,0,73267.5,2
2016-09-01,2016-09,HOME,AWAY,0,"(2, 3)",0.4679580007632552,900,"{2: 450.0, 3: 450.0}",0,-900.0,0,72367.5,3
2016-09-01,2016-09,HOME,AWAY,2,"(2, 3)",0.4679580007632552,2700,"{2: 1350.0, 3: 1350.0}",1,2970.0,0,75337.5,0
2016-09-01,2016-09,HOME,AWAY,4,"(2, 3)",0.4679580007632552,100,"{2: 50.0, 3: 50.0}",0,-100.0,0,75237.5,1
2016-09-01,2016-09,HOME,AWAY,3,"(2, 3)",0.4679580007632552,300,"{2: 150.0, 3: 150.0}",1,232.5,0,75470.0,0
2016-09-01,2016-09,HOME,AWAY,1,"(2, 3)",0.4679580007632552,100,"{2: 50.0, 3: 50.0}",0,-100.0,0,75370.0,1
2016-09-01,2016-09,HOME,AWAY,4,"(2, 3)",0.4679580007632552,300,"{2: 150.0, 3: 150.0}",0,-300.0,0,75070.0,2
2016-09-01,2016-09,HOME,AWAY,2,"(2, 3)",0.4679580007632552,900,"{2: 450.0, 3: 450.0}",1,472.4999999999999,0,75542.5,0
2016-09-01,2016-09,HOME,AWAY,3,"(2, 3)",0.4679580007632552,100,"{2: 50.0, 3: 50.0}",1,75.0,0,75617.5,0
2016-09-01,2016-09,HOME,AWAY,2,"(2, 3)",0.4679580007632552,100,"{2: 50.0, 3: 50.0}",1,62.5,0,75680.0,0
2016-09-01,2016-09,HOME,AWAY,3,"(2, 3)",0.4679580007632552,100,"{2: 50.0, 3: 50.0}",1,75.0,0,75755.0,0
2016-09-01,2016-09,HOME,AWAY,5,"(2, 3)",0.4679580007632552,100,"{2: 50.0, 3: 50.0}",0,-100.0,0,75655.0,1
2016-10-01,2016-10,HOME,AWAY,1,"(2, 3)",0.46766831743850173,300,"{2: 150.0, 3: 150.0}",0,-300.0,0,75355.0,2
2016-10-01,2016-10,HOME,AWAY,2,"(2, 3)",0.46766831743850173,900,"{2: 450.0, 3: 450.0}",1,427.5000000000001,0,75782.5,0
2016-10-01,2016-10,HOME,AWAY,6,"(2, 3)",0.46766831743850173,100,"{2: 50.0, 3: 50.0}",0,-100.0,0,75682.5,1
2016-10-01,2016-10,HOME,AWAY,1,"(2, 3)",0.46766831743850173,300,"{2: 150.0, 3: 150.0}",0,-300.0,0,75382.5,2
2016-10-01,2016-10,HOME,AWAY,1,"(2, 3)",0.46766831743850173,900,"{2: 450.0, 3: 450.0}",0,-900.0,0,74482.5,3
2016-10-01,2016-10,HOME,AWAY,6,"(2, 3)",0.46766831743850173,2700,"{2: 1350.0, 3: 1350.0}",0,-2700.0,0,71782.5,4
2016-10-01,2016-10,HOME,AWAY,2,"(2, 3)",0.46766831743850173,8100,"{2: 4050.0, 3: 4050.0}",1,6277.5,0,78060.0,0
2016-10-01,2016-10,HOME,AWAY,0,"(2, 3)",0.46766831743850173,100,"{2: 50.0, 3: 50.0}",0,-100.0,0,77960.0,1
2016-10-01,2016-10,HOME,AWAY,2,"(2, 3)",0.46766831743850173,300,"{2: 150.0, 3: 150.0}",1,157.5,0,78117.5,0
2016-10-01,2016-10,HOME,AWAY,2,"(2, 3)",0.46766831743850173,100,"{2: 50.0, 3: 50.0}",1,47.500000000000014,0,78165.0,0
2016-10-01,2016-10,HOME,AWAY,3,"(2, 3)",0.46766831743850173,100,"{2: 50.0, 3: 50.0}",1,85.0,0,78250.0,0
2016-10-01,2016-10,HOME,AWAY,2,"(2, 3)",0.46766831743850173,100,"{2: 50.0, 3: 50.0}",1,47.500000000000014,0,78297.5,0
2016-10-01,2016-10,HOME,AWAY,3,"(2, 3)",0.46766831743850173,100,"{2: 50.0, 3: 50.0}",1,100.0,0,78397.5,0
2016-10-01,2016-10,HOME,AWAY,3,"(2, 3)",0.46766831743850173,100,"{2: 50.0, 3: 50.0}",1,72.50000000000001,0,78470.0,0
2016-10-01,2016-10,HOME,AWAY,3,"(2, 3)",0.46766831743850173,100,"{2: 50.0, 3: 50.0}",1,70.0,0,78540.0,0
2016-10-01,2016-10,HOME,AWAY,5,"(2, 3)",0.46766831743850173,100,"{2: 50.0, 3: 50.0}",0,-100.0,0,78440.0,1
2016-11-01,2016-11,HOME,AWAY,5,"(2, 3)",0.4695612181090995,300,"{2: 150.0, 3: 150.0}",0,-300.0,0,78140.0,2
2016-11-01,2016-11,HOME,AWAY,2,"(2, 3)",0.4695612181090995,900,"{2: 450.0, 3: 450.0}",1,675.0,0,78815.0,0
2016-11-01,2016-11,HOME,AWAY,2,"(2, 3)",0.4695612181090995,100,"{2: 50.0, 3: 50.0}",1,50.0,0,78865.0,0
2016-11-01,2016-11,HOME,AWAY,4,"(2, 3)",0.4695612181090995,100,"{2: 50.0, 3: 50.0}",0,-100.0,0,78765.0,1
2016-11-01,2016-11,HOME,AWAY,4,"(2, 3)",0.4695612181090995,300,"{2: 150.0, 3: 150.0}",0,-300.0,0,78465.0,2
2016-11-01,2016-11,HOME,AWAY,0,"(2, 3)",0.4695612181090995,900,"{2: 450.0, 3: 450.0}",0,-900.0,0,77565.0,3
2016-11-01,2016-11,HOME,AWAY,6,"(2, 3)",0.4695612181090995,2700,"{2: 1350.0, 3: 1350.0}",0,-2700.0,0,74865.0,4
2016-11-01,2016-11,HOME,AWAY,4,"(2, 3)",0.4695612181090995,8100,"{2: 4050.0, 3: 4050.0}",0,-8100.0,0,66765.0,5
2016-11-01,2016-11,HOME,AWAY,0,"(2, 3)",0.4695612181090995,24300,"{2: 12150.0, 3: 12150.0}",0,-24300.0,0,42465.0,6
2016-11-01,2016-11,HOME,AWAY,3,"(2, 3)",0.4695612181090995,72900,"{2: 36450.0, 3: 36450.0}",1,80190.0,0,122655.0,0
2016-11-01,2016-11,HOME,AWAY,4,"(2, 3)",0.4695612181090995,100,"{2: 50.0, 3: 50.0}",0,-100.0,0,122555.0,1
2016-11-01,2016-11,HOME,AWAY,3,"(2, 3)",0.4695612181090995,300,"{2: 150.0, 3: 150.0}",1,225.0,0,122780.0,0
2016-11-01,2016-11,HOME,AWAY,2,"(2, 3)",0.4695612181090995,100,"{2: 50.0, 3: 50.0}",1,52.499999999999986,0,122832.5,0
2016-11-01,2016-11,HOME,AWAY,1,"(2, 3)",0.4695612181090995,100,"{2: 50.0, 3: 50.0}",0,-100.0,0,122732.5,1
2016-11-01,2016-11,HOME,AWAY,1,"(2, 3)",0.4695612181090995,300,"{2: 150.0, 3: 150.0}",0,-300.0,0,122432.5,2
2016-11-01,2016-11,HOME,AWAY,2,"(2, 3)",0.4695612181090995,900,"{2: 450.0, 3: 450.0}",1,540.0000000000001,0,122972.5,0
2016-12-01,2016-12,HOME,AWAY,7,"(2, 3)",0.4702338146597337,100,"{2: 50.0, 3: 50.0}",0,-100.0,0,122872.5,1
2016-12-01,2016-12,HOME,AWAY,2,"(2, 3)",0.4702338146597337,300,"{2: 150.0, 3: 150.0}",1,225.0,0,123097.5,0
2016-12-01,2016-12,HOME,AWAY,2,"(2, 3)",0.4702338146597337,100,"{2: 50.0, 3: 50.0}",1,80.0,0,123177.5,0
2016-12-01,2016-12,HOME,AWAY,1,"(2, 3)",0.4702338146597337,100,"{2: 50.0, 3: 50.0}",0,-100.0,0,123077.5,1
2016-12-01,2016-12,HOME,AWAY,6,"(2, 3)",0.4702338146597337,300,"{2: 150.0, 3: 150.0}",0,-300.0,0,122777.5,2
2016-12-01,2016-12,HOME,AWAY,2,"(2, 3)",0.4702338146597337,900,"{2: 450.0, 3: 450.0}",1,450.0,0,123227.5,0
2016-12-01,2016-12,HOME,AWAY,4,"(2, 3)",0.4702338146597337,100,"{2: 50.0, 3: 50.0}",0,-100.0,0,123127.5,1
2016-12-01,2016-12,HOME,AWAY,1,"(2, 3)",0.4702338146597337,300,"{2: 150.0, 3: 150.0}",0,-300.0,0,122827.5,2
2016-12-01,2016-12,HOME,AWAY,1,"(2, 3)",0.4702338146597337,900,"{2: 450.0, 3: 450.0}",0,-900.0,0,121927.5,3
2016-12-01,2016-12,HOME,AWAY,0,"(2, 3)",0.4702338146597337,2700,"{2: 1350.0, 3: 1350.0}",0,-2700.0,0,119227.5,4
2016-12-01,2016-12,HOME,AWAY,6,"(2, 3)",0.4702338146597337,8100,"{2: 4050.0, 3: 4050.0}",0,-8100.0,0,111127.5,5
2016-12-01,2016-12,HOME,AWAY,1,"(2, 3)",0.4702338146597337,24300,"{2: 12150.0, 3: 12150.0}",0,-24300.0,0,86827.5,6
2016-12-01,2016-12,HOME,AWAY,2,"(2, 3)",0.4702338146597337,72900,"{2: 36450.0, 3: 36450.0}",1,36450.0,0,123277.5,0
2016-12-01,2016-12,HOME,AWAY,4,"(2, 3)",0.4702338146597337,100,"{2: 50.0, 3: 50.0}",0,-100.0,0,123177.5,1
2016-12-01,2016-12,HOME,AWAY,1,"(2, 3)",0.4702338146597337,300,"{2: 150.0, 3: 150.0}",0,-300.0,0,122877.5,2
2016-12-01,2016-12,HOME,AWAY,3,"(2, 3)",0.4702338146597337,900,"{2: 450.0, 3: 450.0}",1,697.5,0,123575.0,0
2017-01-01,2017-01,HOME,AWAY,2,"(2, 3)",0.46503473568962717,100,"{2: 50.0, 3: 50.0}",1,55.0,0,123630.0,0
2017-01-01,2017-01,HOME,AWAY,1,"(2, 3)",0.46503473568962717,100,"{2: 50.0, 3: 50.0}",0,-100.0,0,123530.0,1
2017-01-01,2017-01,HOME,AWAY,0,"(2, 3)",0.46503473568962717,300,"{2: 150.0, 3: 150.0}",0,-300.0,0,123230.0,2
2017-01-01,2017-01,HOME,AWAY,2,"(2, 3)",0.46503473568962717,900,"{2: 450.0, 3: 450.0}",1,944.9999999999998,0,124175.0,0
2017-01-01,2017-01,HOME,AWAY,5,"(2, 3)",0.46503473568962717,100,"{2: 50.0, 3: 50.0}",0,-100.0,0,124075.0,1
2017-01-01,2017-01,HOME,AWAY,0,"(2, 3)",0.46503473568962717,300,"{2: 150.0, 3: 150.0}",0,-300.0,0,123775.0,2
2017-01-02,2017-01,HOME,AWAY,4,"(2, 3)",0.46503473568962717,900,"{2: 450.0, 3: 450.0}",0,-900.0,0,122875.0,3
2017-01-02,2017-01,HOME,AWAY,1,"(2, 3)",0.46503473568962717,2700,"{2: 1350.0, 3: 1350.0}",0,-2700.0,0,120175.0,4
2017-01-02,2017-01,HOME,AWAY,2,"(2, 3)",0.46503473568962717,8100,"{2: 4050.0, 3: 4050.0}",1,8100.0,0,128275.0,0
2017-01-02,2017-01,HOME,AWAY,6,"(2, 3)",0.46503473568962717,100,"{2: 50.0, 3: 50.0}",0,-100.0,0,128175.0,1
2017-01-02,2017-01,HOME,AWAY,0,"(2, 3)",0.46503473568962717,300,"{2: 150.0, 3: 150.0}",0,-300.0,0,127875.0,2
2017-01-02,2017-01,HOME,AWAY,3,"(2, 3)",0.46503473568962717,900,"{2: 450.0, 3: 450.0}",1,720.0,0,128595.0,0
2017-01-02,2017-01,HOME,AWAY,3,"(2, 3)",0.46503473568962717,100,"{2: 50.0, 3: 50.0}",1,77.49999999999999,0,128672.5,0
2017-01-02,2017-01,HOME,AWAY,3,"(2, 3)",0.46503473568962717,100,"{2: 50.0, 3: 50.0}",1,75.0,0,128747.5,0
2017-01-02,2017-01,HOME,AWAY,4,"(2, 3)",0.46503473568962717,100,"{2: 50.0, 3: 50.0}",0,-100.0,0,128647.5,1
2017-01-02,2017-01,HOME,AWAY,1,"(2, 3)",0.46503473568962717,300,"{2: 150.0, 3: 150.0}",0,-300.0,0,128347.5,2
2017-02-03,2017-02,HOME,AWAY,0,"(2, 3)",0.4695612181090995,900,"{2: 450.0, 3: 450.0}",0,-900.0,0,127447.5,3
2017-02-04,2017-02,HOME,AWAY,5,"(2, 3)",0.4695612181090995,2700,"{2: 1350.0, 3: 1350.0}",0,-2700.0,0,124747.5,4
2017-02-04,2017-02,HOME,AWAY,1,"(2, 3)",0.4695612181090995,8100,"{2: 4050.0, 3: 4050.0}",0,-8100.0,0,116647.5,5
2017-02-04,2017-02,HOME,AWAY,3,"(2, 3)",0.4695612181090995,24300,"{2: 12150.0, 3: 12150.0}",1,19440.0,0,136087.5,0
2017-02-04,2017-02,HOME,AWAY,2,"(2, 3)",0.4695612181090995,100,"{2: 50.0, 3: 50.0}",1,50.0,0,136137.5,0
2017-02-04,2017-02,HOME,AWAY,5,"(2, 3)",0.4695612181090995,100,"{2: 50.0, 3: 50.0}",0,-100.0,0,136037.5,1
2017-02-04,2017-02,HOME,AWAY,2,"(2, 3)",0.4695612181090995,300,"{2: 150.0, 3: 150.0}",1,135.0,0,136172.5,0
2017-02-04,2017-02,HOME,AWAY,2,"(2, 3)",0.4695612181090995,100,"{2: 50.0, 3: 50.0}",1,42.5,0,136215.0,0
2017-02-04,2017-02,HOME,AWAY,3,"(2, 3)",0.4695612181090995,100,"{2: 50.0, 3: 50.0}",1,70.0,0,136285.0,0
2017-02-04,2017-02,HOME,AWAY,4,"(2, 3)",0.4695612181090995,100,"{2: 50.0, 3: 50.0}",0,-100.0,0,136185.0,1
2017-02-04,2017-02,HOME,AWAY,0,"(2, 3)",0.4695612181090995,300,"{2: 150.0, 3: 150.0}",0,-300.0,0,135885.0,2
2017-02-04,2017-02,HOME,AWAY,2,"(2, 3)",0.4695612181090995,900,"{2: 450.0, 3: 450.0}",1,405.0,0,136290.0,0
2017-02-04,2017-02,HOME,AWAY,2,"(2, 3)",0.4695612181090995,100,"{2: 50.0, 3: 50.0}",1,67.5,0,136357.5,0
2017-02-04,2017-02,HOME,AWAY,3,"(2, 3)",0.4695612181090995,100,"{2: 50.0, 3: 50.0}",1,75.0,0,136432.5,0
2017-02-04,2017-02,HOME,AWAY,0,"(2, 3)",0.4695612181090995,100,"{2: 50.0, 3: 50.0}",0,-100.0,0,136332.5,1
2017-02-04,2017-02,HOME,AWAY,4,"(2, 3)",0.4695612181090995,300,"{2: 150.0, 3: 150.0}",0,-300.0,0,136032.5,2
2017-03-01,2017-03,HOME,AWAY,1,"(2, 3)",0.45867170336585716,900,"{2: 450.0, 3: 450.0}",0,-900.0,0,135132.5,3
2017-03-01,2017-03,HOME,AWAY,2,"(2, 3)",0.45867170336585716,2700,"{2: 1350.0, 3: 1350.0}",1,1282.5000000000005,0,136415.0,0
2017-03-01,2017-03,HOME,AWAY,1,"(2, 3)",0.45867170336585716,100,"{2: 50.0, 3: 50.0}",0,-100.0,0,136315.0,1
2017-03-01,2017-03,HOME,AWAY,4,"(2, 3)",0.45867170336585716,300,"{2: 150.0, 3: 150.0}",0,-300.0,0,136015.0,2
2017-03-01,2017-03,HOME,AWAY,1,"(2, 3)",0.45867170336585716,900,"{2: 450.0, 3: 450.0}",0,-900.0,0,135115.0,3
2017-03-01,2017-03,HOME,AWAY,1,"(2, 3)",0.45867170336585716,2700,"{2: 1350.0, 3: 1350.0}",0,-2700.0,0,132415.0,4
2017-03-01,2017-03,HOME,AWAY,3,"(2, 3)",0.45867170336585716,8100,"{2: 4050.0, 3: 4050.0}",1,7087.5,0,139502.5,0
2017-03-01,2017-03,HOME,AWAY,3,"(2, 3)",0.45867170336585716,100,"{2: 50.0, 3: 50.0}",1,82.5,0,139585.0,0
2017-03-01,2017-03,HOME,AWAY,1,"(2, 3)",0.45867170336585716,100,"{2: 50.0, 3: 50.0}",0,-100.0,0,139485.0,1
2017-03-01,2017-03,HOME,AWAY,3,"(2, 3)",0.45867170336585716,300,"{2: 150.0, 3: 150.0}",1,247.5,0,139732.5,0
2017-03-01,2017-03,HOME,AWAY,7,"(2, 3)",0.45867170336585716,100,"{2: 50.0, 3: 50.0}",0,-100.0,0,139632.5,1
2017-03-01,2017-03,HOME,AWAY,4,"(2, 3)",0.45867170336585716,300,"{2: 150.0, 3: 150.0}",0,-300.0,0,139332.5,2
2017-03-01,2017-03,HOME,AWAY,4,"(2, 3)",0.45867170336585716,900,"{2: 450.0, 3: 450.0}",0,-900.0,0,138432.5,3
2017-03-01,2017-03,HOME,AWAY,3,"(2, 3)",0.45867170336585716,2700,"{2: 1350.0, 3: 1350.0}",1,2092.4999999999995,0,140525.0,0
2017-03-01,2017-03,HOME,AWAY,4,"(2, 3)",0.45867170336585716,100,"{2: 50.0, 3: 50.0}",0,-100.0,0,140425.0,1
2017-03-01,2017-03,HOME,AWAY,3,"(2, 3)",0.45867170336585716,300,"{2: 150.0, 3: 150.0}",1,217.5,0,140642.5,0
2017-04-01,2017-04,HOME,AWAY,6,"(2, 3)",0.47031931423755186,100,"{2: 50.0, 3: 50.0}",0,-100.0,0,140542.5,1
2017-04-01,2017-04,HOME,AWAY,6,"(2, 3)",0.47031931423755186,300,"{2: 150.0, 3: 150.0}",0,-300.0,0,140242.5,2
2017-04-01,2017-04,HOME,AWAY,3,"(2, 3)",0.47031931423755186,900,"{2: 450.0, 3: 450.0}",1,720.0,0,140962.5,0
2017-04-01,2017-04,HOME,AWAY,1,"(2, 3)",0.47031931423755186,100,"{2: 50.0, 3: 50.0}",0,-100.0,0,140862.5,1
2017-04-01,2017-04,HOME,AWAY,1,"(2, 3)",0.47031931423755186,300,"{2: 150.0, 3: 150.0}",0,-300.0,0,140562.5,2
2017-04-01,2017-04,HOME,AWAY,2,"(2, 3)",0.47031931423755186,900,"{2: 450.0, 3: 450.0}",1,382.5,0,140945.0,0
2017-04-01,2017-04,HOME,AWAY,2,"(2, 3)",0.47031931423755186,100,"{2: 50.0, 3: 50.0}",1,42.5,0,140987.5,0
2017-04-01,2017-04,HOME,AWAY,5,"(2, 3)",0.47031931423755186,100,"{2: 50.0, 3: 50.0}",0,-100.0,0,140887.5,1
2017-04-01,2017-04,HOME,AWAY,1,"(2, 3)",0.47031931423755186,300,"{2: 150.0, 3: 150.0}",0,-300.0,0,140587.5,2
2017-04-01,2017-04,HOME,AWAY,1,"(2, 3)",0.47031931423755186,900,"{2: 450.0, 3: 450.0}",0,-900.0,0,139687.5,3
2017-04-01,2017-04,HOME,AWAY,4,"(2, 3)",0.47031931423755186,2700,"{2: 1350.0, 3: 1350.0}",0,-2700.0,0,136987.5,4
2017-04-01,2017-04,HOME,AWAY,4,"(2, 3)",0.47031931423755186,8100,"{2: 4050.0, 3: 4050.0}",0,-8100.0,0,128887.5,5
2017-04-01,2017-04,HOME,AWAY,3,"(2, 3)",0.47031931423755186,24300,"{2: 12150.0, 3: 12150.0}",1,18225.0,0,147112.5,0
2017-04-01,2017-04,HOME,AWAY,2,"(2, 3)",0.47031931423755186,100,"{2: 50.0, 3: 50.0}",1,120.00000000000003,0,147232.5,0
2017-04-01,2017-04,HOME,AWAY,1,"(2, 3)",0.47031931423755186,100,"{2: 50.0, 3: 50.0}",0,-100.0,0,147132.5,1
2017-04-01,2017-04,HOME,AWAY,3,"(2, 3)",0.47031931423755186,300,"{2: 150.0, 3: 150.0}",1,210.0,0,147342.5,0
2017-05-01,2017-05,HOME,AWAY,2,"(2, 3)",0.4682327929031832,100,"{2: 50.0, 3: 50.0}",1,70.0,0,147412.5,0
2017-05-01,2017-05,HOME,AWAY,2,"(2, 3)",0.4682327929031832,100,"{2: 50.0, 3: 50.0}",1,57.5,0,147470.0,0
2017-05-01,2017-05,HOME,AWAY,4,"(2, 3)",0.4682327929031832,100,"{2: 50.0, 3: 50.0}",0,-100.0,0,147370.0,1
2017-05-01,2017-05,HOME,AWAY,6,"(2, 3)",0.4682327929031832,300,"{2: 150.0, 3: 150.0}",0,-300.0,0,147070.0,2
2017-05-01,2017-05,HOME,AWAY,1,"(2, 3)",0.4682327929031832,900,"{2: 450.0, 3: 450.0}",0,-900.0,0,146170.0,3
2017-05-01,2017-05,HOME,AWAY,3,"(2, 3)",0.4682327929031832,2700,"{2: 1350.0, 3: 1350.0}",1,2160.0,0,148330.0,0
2017-05-01,2017-05,HOME,AWAY,1,"(2, 3)",0.4682327929031832,100,"{2: 50.0, 3: 50.0}",0,-100.0,0,148230.0,1
2017-05-01,2017-05,HOME,AWAY,1,"(2, 3)",0.4682327929031832,300,"{2: 150.0, 3: 150.0}",0,-300.0,0,147930.0,2
2017-05-01,2017-05,HOME,AWAY,5,"(2, 3)",0.4682327929031832,900,"{2: 450.0, 3: 450.0}",0,-900.0,0,147030.0,3
2017-05-01,2017-05,HOME,AWAY,3,"(2, 3)",0.4682327929031832,2700,"{2: 1350.0, 3: 1350.0}",1,2227.5,0,149257.5,0
2017-05-01,2017-05,HOME,AWAY,3,"(2, 3)",0.4682327929031832,100,"{2: 50.0, 3: 50.0}",1,80.0,0,149337.5,0
2017-05-01,2017-05,HOME,AWAY,3,"(2, 3)",0.4682327929031832,100,"{2: 50.0, 3: 50.0}",1,85.0,0,149422.5,0
2017-05-01,2017-05,HOME,AWAY,2,"(2, 3)",0.4682327929031832,100,"{2: 50.0, 3: 50.0}",1,52.499999999999986,0,149475.0,0
2017-05-01,2017-05,HOME,AWAY,1,"(2, 3)",0.4682327929031832,100,"{2: 50.0, 3: 50.0}",0,-100.0,0,149375.0,1
2017-05-01,2017-05,HOME,AWAY,1,"(2, 3)",0.4682327929031832,300,"{2: 150.0, 3: 150.0}",0,-300.0,0,149075.0,2
2017-05-01,2017-05,HOME,AWAY,1,"(2, 3)",0.4682327929031832,900,"{2: 450.0, 3: 450.0}",0,-900.0,0,148175.0,3
2017-06-01,2017-06,HOME,AWAY,7,"(2, 3)",0.46562510534362855,2700,"{2: 1350.0, 3: 1350.0}",0,-2700.0,0,145475.0,4
2017-06-01,2017-06,HOME,AWAY,4,"(2, 3)",0.46562510534362855,8100,"{2: 4050.0, 3: 4050.0}",0,-8100.0,0,137375.0,5
2017-06-01,2017-06,HOME,AWAY,7,"(2, 3)",0.46562510534362855,24300,"{2: 12150.0, 3: 12150.0}",0,-24300.0,0,113075.0,6
2017-06-01,2017-06,HOME,AWAY,4,"(2, 3)",0.46562510534362855,72900,"{2: 36450.0, 3: 36450.0}",0,-72900.0,0,40175.0,7
2017-06-01,2017-06,HOME,AWAY,6,"(2, 3)",0.46562510534362855,218700,"{2: 109350.0, 3: 109350.0}",0,-218700.0,1,-178525.0,0
2017-06-01,2017-06,HOME,AWAY,6,"(2, 3)",0.46562510534362855,100,"{2: 50.0, 3: 50.0}",0,-100.0,0,-178625.0,1
2017-06-01,2017-06,HOME,AWAY,2,"(2, 3)",0.46562510534362855,300,"{2: 150.0, 3: 150.0}",1,210.0,0,-178415.0,0
2017-06-01,2017-06,HOME,AWAY,2,"(2, 3)",0.46562510534362855,100,"{2: 50.0, 3: 50.0}",1,60.000000000000014,0,-178355.0,0
2017-06-01,2017-06,HOME,AWAY,4,"(2, 3)",0.46562510534362855,100,"{2: 50.0, 3: 50.0}",0,-100.0,0,-178455.0,1
2017-06-01,2017-06,HOME,AWAY,3,"(2, 3)",0.46562510534362855,300,"{2: 150.0, 3: 150.0}",1,232.5,0,-178222.5,0
2017-06-01,2017-06,HOME,AWAY,3,"(2, 3)",0.46562510534362855,100,"{2: 50.0, 3: 50.0}",1,92.5,0,-178130.0,0
2017-06-01,2017-06,HOME,AWAY,2,"(2, 3)",0.46562510534362855,100,"{2: 50.0, 3: 50.0}",1,52.499999999999986,0,-178077.5,0
2017-06-01,2017-06,HOME,AWAY,6,"(2, 3)",0.46562510534362855,100,"{2: 50.0, 3: 50.0}",0,-100.0,0,-178177.5,1
2017-06-01,2017-06,HOME,AWAY,2,"(2, 3)",0.46562510534362855,300,"{2: 150.0, 3: 150.0}",1,262.5,0,-177915.0,0
2017-06-01,2017-06,HOME,AWAY,3,"(2, 3)",0.46562510534362855,100,"{2: 50.0, 3: 50.0}",1,87.5,0,-177827.5,0
2017-06-01,2017-06,HOME,AWAY,3,"(2, 3)",0.46562510534362855,100,"{2: 50.0, 3: 50.0}",1,72.50000000000001,0,-177755.0,0
2017-07-01,2017-07,HOME,AWAY,1,"(2, 3)",0.4635377702868192,100,"{2: 50.0, 3: 50.0}",0,-100.0,0,-177855.0,1
2017-07-01,2017-07,HOME,AWAY,1,"(2, 3)",0.4635377702868192,300,"{2: 150.0, 3: 150.0}",0,-300.0,0,-178155.0,2
2017-07-01,2017-07,HOME,AWAY,1,"(2, 3)",0.4635377702868192,900,"{2: 450.0, 3: 450.0}",0,-900.0,0,-179055.0,3
2017-07-01,2017-07,HOME,AWAY,5,"(2, 3)",0.4635377702868192,2700,"{2: 1350.0, 3: 1350.0}",0,-2700.0,0,-181755.0,4
2017-07-01,2017-07,HOME,AWAY,1,"(2, 3)",0.4635377702868192,8100,"{2: 4050.0, 3: 4050.0}",0,-8100.0,0,-189855.0,5
2017-07-01,2017-07,HOME,AWAY,1,"(2, 3)",0.4635377702868192,24300,"{2: 12150.0, 3: 12150.0}",0,-24300.0,0,-214155.0,6
2017-07-01,2017-07,HOME,AWAY,3,"(2, 3)",0.4635377702868192,72900,"{2: 36450.0, 3: 36450.0}",1,61965.0,0,-152190.0,0
2017-07-01,2017-07,HOME,AWAY,5,"(2, 3)",0.4635377702868192,100,"{2: 50.0, 3: 50.0}",0,-100.0,0,-152290.0,1
2017-07-01,2017-07,HOME,AWAY,2,"(2, 3)",0.4635377702868192,300,"{2: 150.0, 3: 150.0}",1,157.5,0,-152132.5,0
2017-07-01,2017-07,HOME,AWAY,3,"(2, 3)",0.4635377702868192,100,"{2: 50.0, 3: 50.0}",1,92.5,0,-152040.0,0
2017-07-01,2017-07,HOME,AWAY,4,"(2, 3)",0.4635377702868192,100,"{2: 50.0, 3: 50.0}",0,-100.0,0,-152140.0,1
2017-07-01,2017-07,HOME,AWAY,7,"(2, 3)",0.4635377702868192,300,"{2: 150.0, 3: 150.0}",0,-300.0,0,-152440.0,2
2017-07-01,2017-07,HOME,AWAY,5,"(2, 3)",0.4635377702868192,900,"{2: 450.0, 3: 450.0}",0,-900.0,0,-153340.0,3
2017-07-01,2017-07,HOME,AWAY,3,"(2, 3)",0.4635377702868192,2700,"{2: 1350.0, 3: 1350.0}",1,2160.0,0,-151180.0,0
2017-07-01,2017-07,HOME,AWAY,4,"(2, 3)",0.4635377702868192,100,"{2: 50.0, 3: 50.0}",0,-100.0,0,-151280.0,1
2017-07-01,2017-07,HOME,AWAY,3,"(2, 3)",0.4635377702868192,300,"{2: 150.0, 3: 150.0}",1,225.0,0,-151055.0,0
2017-08-01,2017-08,HOME,AWAY,1,"(2, 3)",0.4704402119403799,100,"{2: 50.0, 3: 50.0}",0,-100.0,0,-151155.0,1
2017-08-01,2017-08,HOME,AWAY,4,"(2, 3)",0.4704402119403799,300,"{2: 150.0, 3: 150.0}",0,-300.0,0,-151455.0,2
2017-08-01,2017-08,HOME,AWAY,2,"(2, 3)",0.4704402119403799,900,"{2: 450.0, 3: 450.0}",1,855.0,0,-150600.0,0
2017-08-01,2017-08,HOME,AWAY,2,"(2, 3)",0.4704402119403799,100,"{2: 50.0, 3: 50.0}",1,57.5,0,-150542.5,0
2017-08-01,2017-08,HOME,AWAY,1,"(2, 3)",0.4704402119403799,100,"{2: 50.0, 3: 50.0}",0,-100.0,0,-150642.5,1
2017-08-01,2017-08,HOME,AWAY,1,"(2, 3)",0.4704402119403799,300,"{2: 150.0, 3: 150.0}",0,-300.0,0,-150942.5,2
2017-08-01,2017-08,HOME,AWAY,3,"(2, 3)",0.4704402119403799,900,"{2: 450.0, 3: 450.0}",1,652.5,0,-150290.0,0
2017-08-01,2017-08,HOME,AWAY,0,"(2, 3)",0.4704402119403799,100,"{2: 50.0, 3: 50.0}",0,-100.0,0,-150390.0,1
2017-08-01,2017-08,HOME,AWAY,3,"(2, 3)",0.4704402119403799,300,"{2: 150.0, 3: 150.0}",1,225.0,0,-150165.0,0
2017-08-02,2017-08,HOME,AWAY,3,"(2, 3)",0.4704402119403799,100,"{2: 50.0, 3: 50.0}",1,77.49999999999999,0,-150087.5,0
2017-08-02,2017-08,HOME,AWAY,1,"(2, 3)",0.4704402119403799,100,"{2: 50.0, 3: 50.0}",0,-100.0,0,-150187.5,1
2017-08-02,2017-08,HOME,AWAY,3,"(2, 3)",0.4704402119403799,300,"{2: 150.0, 3: 150.0}",1,330.0,0,-149857.5,0
2017-08-02,2017-08,HOME,AWAY,2,"(2, 3)",0.4704402119403799,100,"{2: 50.0, 3: 50.0}",1,62.5,0,-149795.0,0
2017-08-02,2017-08,HOME,AWAY,2,"(2, 3)",0.4704402119403799,100,"{2: 50.0, 3: 50.0}",1,67.5,0,-149727.5,0
2017-08-02,2017-08,HOME,AWAY,3,"(2, 3)",0.4704402119403799,100,"{2: 50.0, 3: 50.0}",1,85.0,0,-149642.5,0
2017-08-02,2017-08,HOME,AWAY,3,"(2, 3)",0.4704402119403799,100,"{2: 50.0, 3: 50.0}",1,77.49999999999999,0,-149565.0,0
2017-09-01,2017-09,HOME,AWAY,7,"(2, 3)",0.464831053504909,100,"{2: 50.0, 3: 50.0}",0,-100.0,0,-149665.0,1
2017-09-01,2017-09,HOME,AWAY,5,"(2, 3)",0.464831053504909,300,"{2: 150.0, 3: 150.0}",0,-300.0,0,-149965.0,2
2017-09-01,2017-09,HOME,AWAY,5,"(2, 3)",0.464831053504909,900,"{2: 450.0, 3: 450.0}",0,-900.0,0,-150865.0,3
2017-09-01,2017-09,HOME,AWAY,4,"(2, 3)",0.464831053504909,2700,"{2: 1350.0, 3: 1350.0}",0,-2700.0,0,-153565.0,4
2017-09-01,2017-09,HOME,AWAY,1,"(2, 3)",0.464831053504909,8100,"{2: 4050.0, 3: 4050.0}",0,-8100.0,0,-161665.0,5
2017-09-01,2017-09,HOME,AWAY,4,"(2, 3)",0.464831053504909,24300,"{2: 12150.0, 3: 12150.0}",0,-24300.0,0,-185965.0,6
2017-09-01,2017-09,HOME,AWAY,6,"(2, 3)",0.464831053504909,72900,"{2: 36450.0, 3: 36450.0}",0,-72900.0,0,-258865.0,7
2017-09-01,2017-09,HOME,AWAY,0,"(2, 3)",0.464831053504909,218700,"{2: 109350.0, 3: 109350.0}",0,-218700.0,1,-477565.0,0
2017-09-01,2017-09,HOME,AWAY,3,"(2, 3)",0.464831053504909,100,"{2: 50.0, 3: 50.0}",1,160.0,0,-477405.0,0
2017-09-01,2017-09,HOME,AWAY,2,"(2, 3)",0.464831053504909,100,"{2: 50.0, 3: 50.0}",1,60.000000000000014,0,-477345.0,0
2017-09-01,2017-09,HOME,AWAY,0,"(2, 3)",0.464831053504909,100,"{2: 50.0, 3: 50.0}",0,-100.0,0,-477445.0,1
2017-09-01,2017-09,HOME,AWAY,3,"(2, 3)",0.464831053504909,300,"{2: 150.0, 3: 150.0}",1,225.0,0,-477220.0,0
2017-09-01,2017-09,HOME,AWAY,0,"(2, 3)",0.464831053504909,100,"{2: 50.0, 3: 50.0}",0,-100.0,0,-477320.0,1
2017-09-01,2017-09,HOME,AWAY,2,"(2, 3)",0.464831053504909,300,"{2: 150.0, 3: 150.0}",1,240.0,0,-477080.0,0
2017-09-01,2017-09,HOME,AWAY,3,"(2, 3)",0.464831053504909,100,"{2: 50.0, 3: 50.0}",1,75.0,0,-477005.0,0
2017-09-01,2017-09,HOME,AWAY,2,"(2, 3)",0.464831053504909,100,"{2: 50.0, 3: 50.0}",1,57.5,0,-476947.5,0
2017-10-01,2017-10,HOME,AWAY,1,"(2, 3)",0.464413451819953,100,"{2: 50.0, 3: 50.0}",0,-100.0,0,-477047.5,1
2017-10-01,2017-10,HOME,AWAY,2,"(2, 3)",0.464413451819953,300,"{2: 150.0, 3: 150.0}",1,150.0,0,-476897.5,0
2017-10-01,2017-10,HOME,AWAY,0,"(2, 3)",0.464413451819953,100,"{2: 50.0, 3: 50.0}",0,-100.0,0,-476997.5,1
2017-10-01,2017-10,HOME,AWAY,4,"(2, 3)",0.464413451819953,300,"{2: 150.0, 3: 150.0}",0,-300.0,0,-477297.5,2
2017-10-01,2017-10,HOME,AWAY,1,"(2, 3)",0.464413451819953,900,"{2: 450.0, 3: 450.0}",0,-900.0,0,-478197.5,3
2017-10-01,2017-10,HOME,AWAY,6,"(2, 3)",0.464413451819953,2700,"{2: 1350.0, 3: 1350.0}",0,-2700.0,0,-480897.5,4
2017-10-01,2017-10,HOME,AWAY,6,"(2, 3)",0.464413451819953,8100,"{2: 4050.0, 3: 4050.0}",0,-8100.0,0,-488997.5,5
2017-10-01,2017-10,HOME,AWAY,0,"(2, 3)",0.464413451819953,24300,"{2: 12150.0, 3: 12150.0}",0,-24300.0,0,-513297.5,6
2017-10-01,2017-10,HOME,AWAY,3,"(2, 3)",0.464413451819953,72900,"{2: 36450.0, 3: 36450.0}",1,54675.0,0,-458622.5,0
2017-10-01,2017-10,HOME,AWAY,5,"(2, 3)",0.464413451819953,100,"{2: 50.0, 3: 50.0}",0,-100.0,0,-458722.5,1
2017-10-01,2017-10,HOME,AWAY,1,"(2, 3)",0.464413451819953,300,"{2: 150.0, 3: 150.0}",0,-300.0,0,-459022.5,2
2017-10-01,2017-10,HOME,AWAY,4,"(2, 3)",0.464413451819953,900,"{2: 450.0, 3: 450.0}",0,-900.0,0,-459922.5,3
2017-10-01,2017-10,HOME,AWAY,2,"(2, 3)",0.464413451819953,2700,"{2: 1350.0, 3: 1350.0}",1,1552.5,0,-458370.0,0
2017-10-01,2017-10,HOME,AWAY,2,"(2, 3)",0.464413451819953,100,"{2: 50.0, 3: 50.0}",1,52.499999999999986,0,-458317.5,0
2017-10-01,2017-10,HOME,AWAY,2,"(2, 3)",0.464413451819953,100,"{2: 50.0, 3: 50.0}",1,97.5,0,-458220.0,0
2017-10-01,2017-10,HOME,AWAY,4,"(2, 3)",0.464413451819953,100,"{2: 50.0, 3: 50.0}",0,-100.0,0,-458320.0,1
2017-11-01,2017-11,HOME,AWAY,4,"(2, 3)",0.466879851635816,300,"{2: 150.0, 3: 150.0}",0,-300.0,0,-458620.0,2
2017-11-01,2017-11,HOME,AWAY,2,"(2, 3)",0.466879851635816,900,"{2: 450.0, 3: 450.0}",1,540.0000000000001,0,-458080.0,0
2017-11-01,2017-11,HOME,AWAY,2,"(2, 3)",0.466879851635816,100,"{2: 50.0, 3: 50.0}",1,67.5,0,-458012.5,0
2017-11-01,2017-11,HOME,AWAY,3,"(2, 3)",0.466879851635816,100,"{2: 50.0, 3: 50.0}",1,90.0,0,-457922.5,0
2017-11-01,2017-11,HOME,AWAY,5,"(2, 3)",0.466879851635816,100,"{2: 50.0, 3: 50.0}",0,-100.0,0,-458022.5,1
2017-11-01,2017-11,HOME,AWAY,2,"(2, 3)",0.466879851635816,300,"{2: 150.0, 3: 150.0}",1,142.5,0,-457880.0,0
2017-11-01,2017-11,HOME,AWAY,2,"(2, 3)",0.466879851635816,100,"{2: 50.0, 3: 50.0}",1,82.5,0,-457797.5,0
2017-11-01,2017-11,HOME,AWAY,0,"(2, 3)",0.466879851635816,100,"{2: 50.0, 3: 50.0}",0,-100.0,0,-457897.5,1
2017-11-01,2017-11,HOME,AWAY,6,"(2, 3)",0.466879851635816,300,"{2: 150.0, 3: 150.0}",0,-300.0,0,-458197.5,2
2017-11-01,2017-11,HOME,AWAY,3,"(2, 3)",0.466879851635816,900,"{2: 450.0, 3: 450.0}",1,765.0,0,-457432.5,0
2017-11-01,2017-11,HOME,AWAY,2,"(2, 3)",0.466879851635816,100,"{2: 50.0, 3: 50.0}",1,85.0,0,-457347.5,0
2017-11-01,2017-11,HOME,AWAY,3,"(2, 3)",0.466879851635816,100,"{2: 50.0, 3: 50.0}",1,90.0,0,-457257.5,0
2017-11-01,2017-11,HOME,AWAY,4,"(2, 3)",0.466879851635816,100,"{2: 50.0, 3: 50.0}",0,-100.0,0,-457357.5,1
2017-11-01,2017-11,HOME,AWAY,2,"(2, 3)",0.466879851635816,300,"{2: 150.0, 3: 150.0}",1,165.0,0,-457192.5,0
2017-11-01,2017-11,HOME,AWAY,1,"(2, 3)",0.466879851635816,100,"{2: 50.0, 3: 50.0}",0,-100.0,0,-457292.5,1
2017-11-01,2017-11,HOME,AWAY,2,"(2, 3)",0.466879851635816,300,"{2: 150.0, 3: 150.0}",1,187.5,0,-457105.0,0
2017-12-01,2017-12,HOME,AWAY,5,"(2, 3)",0.46543177847913697,100,"{2: 50.0, 3: 50.0}",0,-100.0,0,-457205.0,1
2017-12-01,2017-12,HOME,AWAY,5,"(2, 3)",0.46543177847913697,300,"{2: 150.0, 3: 150.0}",0,-300.0,0,-457505.0,2
2017-12-01,2017-12,HOME,AWAY,7,"(2, 3)",0.46543177847913697,900,"{2: 450.0, 3: 450.0}",0,-900.0,0,-458405.0,3
2017-12-01,2017-12,HOME,AWAY,3,"(2, 3)",0.46543177847913697,2700,"{2: 1350.0, 3: 1350.0}",1,2227.5,0,-456177.5,0
2017-12-01,2017-12,HOME,AWAY,3,"(2, 3)",0.46543177847913697,100,"{2: 50.0, 3: 50.0}",1,82.5,0,-456095.0,0
2017-12-01,2017-12,HOME,AWAY,1,"(2, 3)",0.46543177847913697,100,"{2: 50.0, 3: 50.0}",0,-100.0,0,-456195.0,1
2017-12-01,2017-12,HOME,AWAY,4,"(2, 3)",0.46543177847913697,300,"{2: 150.0, 3: 150.0}",0,-300.0,0,-456495.0,2
2017-12-01,2017-12,HOME,AWAY,7,"(2, 3)",0.46543177847913697,900,"{2: 450.0, 3: 450.0}",0,-900.0,0,-457395.0,3
2017-12-01,2017-12,HOME,AWAY,3,"(2, 3)",0.46543177847913697,2700,"{2: 1350.0, 3: 1350.0}",1,1890.0,0,-455505.0,0
2017-12-01,2017-12,HOME,AWAY,1,"(2, 3)",0.46543177847913697,100,"{2: 50.0, 3: 50.0}",0,-100.0,0,-455605.0,1
2017-12-01,2017-12,HOME,AWAY,1,"(2, 3)",0.46543177847913697,300,"{2: 150.0, 3: 150.0}",0,-300.0,0,-455905.0,2
2017-12-01,2017-12,HOME,AWAY,1,"(2, 3)",0.46543177847913697,900,"{2: 450.0, 3: 450.0}",0,-900.0,0,-456805.0,3
2017-12-01,2017-12,HOME,AWAY,2,"(2, 3)",0.46543177847913697,2700,"{2: 1350.0, 3: 1350.0}",1,1417.4999999999995,0,-455387.5,0
2017-12-01,2017-12,HOME,AWAY,2,"(2, 3)",0.46543177847913697,100,"{2: 50.0, 3: 50.0}",1,57.5,0,-455330.0,0
2017-12-02,2017-12,HOME,AWAY,4,"(2, 3)",0.46543177847913697,100,"{2: 50.0, 3: 50.0}",0,-100.0,0,-455430.0,1
2017-12-02,2017-12,HOME,AWAY,1,"(2, 3)",0.46543177847913697,300,"{2: 150.0, 3: 150.0}",0,-300.0,0,-455730.0,2
2018-01-01,2018-01,HOME,AWAY,3,"(2, 3)",0.46736387879414354,900,"{2: 450.0, 3: 450.0}",1,675.0,0,-455055.0,0
2018-01-01,2018-01,HOME,AWAY,5,"(2, 3)",0.46736387879414354,100,"{2: 50.0, 3: 50.0}",0,-100.0,0,-455155.0,1
2018-01-01,2018-01,HOME,AWAY,2,"(2, 3)",0.46736387879414354,300,"{2: 150.0, 3: 150.0}",1,210.0,0,-454945.0,0
2018-01-01,2018-01,HOME,AWAY,2,"(2, 3)",0.46736387879414354,100,"{2: 50.0, 3: 50.0}",1,55.0,0,-454890.0,0
2018-01-01,2018-01,HOME,AWAY,3,"(2, 3)",0.46736387879414354,100,"{2: 50.0, 3: 50.0}",1,72.50000000000001,0,-454817.5,0
2018-01-01,2018-01,HOME,AWAY,4,"(2, 3)",0.46736387879414354,100,"{2: 50.0, 3: 50.0}",0,-100.0,0,-454917.5,1
2018-01-01,2018-01,HOME,AWAY,1,"(2, 3)",0.46736387879414354,300,"{2: 150.0, 3: 150.0}",0,-300.0,0,-455217.5,2
2018-01-01,2018-01,HOME,AWAY,3,"(2, 3)",0.46736387879414354,900,"{2: 450.0, 3: 450.0}",1,675.0,0,-454542.5,0
2018-01-01,2018-01,HOME,AWAY,1,"(2, 3)",0.46736387879414354,100,"{2: 50.0, 3: 50.0}",0,-100.0,0,-454642.5,1
2018-01-01,2018-01,HOME,AWAY,2,"(2, 3)",0.46736387879414354,300,"{2: 150.0, 3: 150.0}",1,180.0,0,-454462.5,0
2018-01-01,2018-01,HOME,AWAY,0,"(2, 3)",0.46736387879414354,100,"{2: 50.0, 3: 50.0}",0,-100.0,0,-454562.5,1
2018-01-01,2018-01,HOME,AWAY,3,"(2, 3)",0.46736387879414354,300,"{2: 150.0, 3: 150.0}",1,217.5,0,-454345.0,0
2018-01-01,2018-01,HOME,AWAY,3,"(2, 3)",0.46736387879414354,100,"{2: 50.0, 3: 50.0}",1,75.0,0,-454270.0,0
2018-01-01,2018-01,HOME,AWAY,2,"(2, 3)",0.46736387879414354,100,"{2: 50.0, 3: 50.0}",1,64.99999999999999,0,-454205.0,0
2018-01-01,2018-01,HOME,AWAY,1,"(2, 3)",0.46736387879414354,100,"{2: 50.0, 3: 50.0}",0,-100.0,0,-454305.0,1
2018-01-01,2018-01,HOME,AWAY,3,"(2, 3)",0.46736387879414354,300,"{2: 150.0, 3: 150.0}",1,225.0,0,-454080.0,0
2018-02-01,2018-02,HOME,AWAY,2,"(2, 3)",0.4661841051498091,100,"{2: 50.0, 3: 50.0}",1,82.5,0,-453997.5,0
2018-02-01,2018-02,HOME,AWAY,3,"(2, 3)",0.4661841051498091,100,"{2: 50.0, 3: 50.0}",1,82.5,0,-453915.0,0
2018-02-01,2018-02,HOME,AWAY,5,"(2, 3)",0.4661841051498091,100,"{2: 50.0, 3: 50.0}",0,-100.0,0,-454015.0,1
2018-02-01,2018-02,HOME,AWAY,3,"(2, 3)",0.4661841051498091,300,"{2: 150.0, 3: 150.0}",1,300.0,0,-453715.0,0
2018-02-01,2018-02,HOME,AWAY,4,"(2, 3)",0.4661841051498091,100,"{2: 50.0, 3: 50.0}",0,-100.0,0,-453815.0,1
2018-02-01,2018-02,HOME,AWAY,3,"(2, 3)",0.4661841051498091,300,"{2: 150.0, 3: 150.0}",1,225.0,0,-453590.0,0
2018-02-01,2018-02,HOME,AWAY,2,"(2, 3)",0.4661841051498091,100,"{2: 50.0, 3: 50.0}",1,52.499999999999986,0,-453537.5,0
2018-02-01,2018-02,HOME,AWAY,2,"(2, 3)",0.4661841051498091,100,"{2: 50.0, 3: 50.0}",1,55.0,0,-453482.5,0
2018-02-01,2018-02,HOME,AWAY,0,"(2, 3)",0.4661841051498091,100,"{2: 50.0, 3: 50.0}",0,-100.0,0,-453582.5,1
2018-02-01,2018-02,HOME,AWAY,3,"(2, 3)",0.4661841051498091,300,"{2: 150.0, 3: 150.0}",1,240.0,0,-453342.5,0
2018-02-01,2018-02,HOME,AWAY,2,"(2, 3)",0.4661841051498091,100,"{2: 50.0, 3: 50.0}",1,57.5,0,-453285.0,0
2018-02-01,2018-02,HOME,AWAY,3,"(2, 3)",0.4661841051498091,100,"{2: 50.0, 3: 50.0}",1,77.49999999999999,0,-453207.5,0
2018-02-01,2018-02,HOME,AWAY,0,"(2, 3)",0.4661841051498091,100,"{2: 50.0, 3: 50.0}",0,-100.0,0,-453307.5,1
2018-02-01,2018-02,HOME,AWAY,2,"(2, 3)",0.4661841051498091,300,"{2: 150.0, 3: 150.0}",1,187.5,0,-453120.0,0
2018-02-01,2018-02,HOME,AWAY,2,"(2, 3)",0.4661841051498091,100,"{2: 50.0, 3: 50.0}",1,60.000000000000014,0,-453060.0,0
2018-02-01,2018-02,HOME,AWAY,1,"(2, 3)",0.4661841051498091,100,"{2: 50.0, 3: 50.0}",0,-100.0,0,-453160.0,1
2018-03-01,2018-03,HOME,AWAY,3,"(1, 2)",0.4721329001992603,300,"{1: 150.0, 2: 150.0}",0,-300.0,0,-453460.0,2
2018-03-01,2018-03,HOME,AWAY,3,"(1, 2)",0.4721329001992603,900,"{1: 450.0, 2: 450.0}",0,-900.0,0,-454360.0,3
2018-03-01,2018-03,HOME,AWAY,7,"(1, 2)",0.4721329001992603,2700,"{1: 1350.0, 2: 1350.0}",0,-2700.0,0,-457060.0,4
2018-03-01,2018-03,HOME,AWAY,1,"(1, 2)",0.4721329001992603,8100,"{1: 4050.0, 2: 4050.0}",1,8100.0,0,-448960.0,0
2018-03-01,2018-03,HOME,AWAY,1,"(1, 2)",0.4721329001992603,100,"{1: 50.0, 2: 50.0}",1,97.5,0,-448862.5,0
2018-03-01,2018-03,HOME,AWAY,2,"(1, 2)",0.4721329001992603,100,"{1: 50.0, 2: 50.0}",1,62.5,0,-448800.0,0
2018-03-01,2018-03,HOME,AWAY,4,"(1, 2)",0.4721329001992603,100,"{1: 50.0, 2: 50.0}",0,-100.0,0,-448900.0,1
2018-03-01,2018-03,HOME,AWAY,1,"(1, 2)",0.4721329001992603,300,"{1: 150.0, 2: 150.0}",1,292.5,0,-448607.5,0
2018-03-01,2018-03,HOME,AWAY,1,"(1, 2)",0.4721329001992603,100,"{1: 50.0, 2: 50.0}",1,125.0,0,-448482.5,0
2018-03-01,2018-03,HOME,AWAY,0,"(1, 2)",0.4721329001992603,100,"{1: 50.0, 2: 50.0}",0,-100.0,0,-448582.5,1
2018-03-01,2018-03,HOME,AWAY,3,"(1, 2)",0.4721329001992603,300,"{1: 150.0, 2: 150.0}",0,-300.0,0,-448882.5,2
2018-03-01,2018-03,HOME,AWAY,1,"(1, 2)",0.4721329001992603,900,"{1: 450.0, 2: 450.0}",1,990.0,0,-447892.5,0
2018-03-01,2018-03,HOME,AWAY,3,"(1, 2)",0.4721329001992603,100,"{1: 50.0, 2: 50.0}",0,-100.0,0,-447992.5,1
2018-03-01,2018-03,HOME,AWAY,4,"(1, 2)",0.4721329001992603,300,"{1: 150.0, 2: 150.0}",0,-300.0,0,-448292.5,2
2018-03-01,2018-03,HOME,AWAY,2,"(1, 2)",0.4721329001992603,900,"{1: 450.0, 2: 450.0}",1,607.5,0,-447685.0,0
2018-03-01,2018-03,HOME,AWAY,0,"(1, 2)",0.4721329001992603,100,"{1: 50.0, 2: 50.0}",0,-100.0,0,-447785.0,1
2018-04-01,2018-04,HOME,AWAY,4,"(2, 3)",0.4646239532680456,300,"{2: 150.0, 3: 150.0}",0,-300.0,0,-448085.0,2
2018-04-01,2018-04,HOME,AWAY,6,"(2, 3)",0.4646239532680456,900,"{2: 450.0, 3: 450.0}",0,-900.0,0,-448985.0,3
2018-04-01,2018-04,HOME,AWAY,3,"(2, 3)",0.4646239532680456,2700,"{2: 1350.0, 3: 1350.0}",1,2429.9999999999995,0,-446555.0,0
2018-04-01,2018-04,HOME,AWAY,2,"(2, 3)",0.4646239532680456,100,"{2: 50.0, 3: 50.0}",1,70.0,0,-446485.0,0
2018-04-01,2018-04,HOME,AWAY,3,"(2, 3)",0.4646239532680456,100,"{2: 50.0, 3: 50.0}",1,80.0,0,-446405.0,0
2018-04-01,2018-04,HOME,AWAY,3,"(2, 3)",0.4646239532680456,100,"{2: 50.0, 3: 50.0}",1,77.49999999999999,0,-446327.5,0
2018-04-01,2018-04,HOME,AWAY,0,"(2, 3)",0.4646239532680456,100,"{2: 50.0, 3: 50.0}",0,-100.0,0,-446427.5,1
2018-04-01,2018-04,HOME,AWAY,5,"(2, 3)",0.4646239532680456,300,"{2: 150.0, 3: 150.0}",0,-300.0,0,-446727.5,2
2018-04-01,2018-04,HOME,AWAY,6,"(2, 3)",0.4646239532680456,900,"{2: 450.0, 3: 450.0}",0,-900.0,0,-447627.5,3
2018-04-01,2018-04,HOME,AWAY,4,"(2, 3)",0.4646239532680456,2700,"{2: 1350.0, 3: 1350.0}",0,-2700.0,0,-450327.5,4
2018-04-01,2018-04,HOME,AWAY,1,"(2, 3)",0.4646239532680456,8100,"{2: 4050.0, 3: 4050.0}",0,-8100.0,0,-458427.5,5
2018-04-01,2018-04,HOME,AWAY,3,"(2, 3)",0.4646239532680456,24300,"{2: 12150.0, 3: 12150.0}",1,18832.499999999996,0,-439595.0,0
2018-04-01,2018-04,HOME,AWAY,7,"(2, 3)",0.4646239532680456,100,"{2: 50.0, 3: 50.0}",0,-100.0,0,-439695.0,1
2018-04-01,2018-04,HOME,AWAY,2,"(2, 3)",0.4646239532680456,300,"{2: 150.0, 3: 150.0}",1,360.00000000000006,0,-439335.0,0
2018-04-01,2018-04,HOME,AWAY,6,"(2, 3)",0.4646239532680456,100,"{2: 50.0, 3: 50.0}",0,-100.0,0,-439435.0,1
2018-04-01,2018-04,HOME,AWAY,3,"(2, 3)",0.4646239532680456,300,"{2: 150.0, 3: 150.0}",1,240.0,0,-439195.0,0
2018-05-01,2018-05,HOME,AWAY,2,"(2, 3)",0.468492557941476,100,"{2: 50.0, 3: 50.0}",1,62.5,0,-439132.5,0
2018-05-01,2018-05,HOME,AWAY,1,"(2, 3)",0.468492557941476,100,"{2: 50.0, 3: 50.0}",0,-100.0,0,-439232.5,1
2018-05-01,2018-05,HOME,AWAY,5,"(2, 3)",0.468492557941476,300,"{2: 150.0, 3: 150.0}",0,-300.0,0,-439532.5,2
2018-05-01,2018-05,HOME,AWAY,2,"(2, 3)",0.468492557941476,900,"{2: 450.0, 3: 450.0}",1,472.4999999999999,0,-439060.0,0
2018-05-01,2018-05,HOME,AWAY,5,"(2, 3)",0.468492557941476,100,"{2: 50.0, 3: 50.0}",0,-100.0,0,-439160.0,1
2018-05-01,2018-05,HOME,AWAY,1,"(2, 3)",0.468492557941476,300,"{2: 150.0, 3: 150.0}",0,-300.0,0,-439460.0,2
2018-05-01,2018-05,HOME,AWAY,3,"(2, 3)",0.468492557941476,900,"{2: 450.0, 3: 450.0}",1,742.5,0,-438717.5,0
2018-05-01,2018-05,HOME,AWAY,1,"(2, 3)",0.468492557941476,100,"{2: 50.0, 3: 50.0}",0,-100.0,0,-438817.5,1
2018-05-01,2018-05,HOME,AWAY,3,"(2, 3)",0.468492557941476,300,"{2: 150.0, 3: 150.0}",1,285.0,0,-438532.5,0
2018-05-01,2018-05,HOME,AWAY,6,"(2, 3)",0.468492557941476,100,"{2: 50.0, 3: 50.0}",0,-100.0,0,-438632.5,1
2018-05-01,2018-05,HOME,AWAY,3,"(2, 3)",0.468492557941476,300,"{2: 150.0, 3: 150.0}",1,225.0,0,-438407.5,0
2018-05-01,2018-05,HOME,AWAY,2,"(2, 3)",0.468492557941476,100,"{2: 50.0, 3: 50.0}",1,115.0,0,-438292.5,0
2018-05-02,2018-05,HOME,AWAY,1,"(2, 3)",0.468492557941476,100,"{2: 50.0, 3: 50.0}",0,-100.0,0,-438392.5,1
2018-05-02,2018-05,HOME,AWAY,4,"(2, 3)",0.468492557941476,300,"{2: 150.0, 3: 150.0}",0,-300.0,0,-438692.5,2
2018-05-02,2018-05,HOME,AWAY,4,"(2, 3)",0.468492557941476,900,"{2: 450.0, 3: 450.0}",0,-900.0,0,-439592.5,3
2018-05-02,2018-05,HOME,AWAY,2,"(2, 3)",0.468492557941476,2700,"{2: 1350.0, 3: 1350.0}",1,1485.0,0,-438107.5,0
2018-06-01,2018-06,HOME,AWAY,0,"(2, 3)",0.4686167628136373,100,"{2: 50.0, 3: 50.0}",0,-100.0,0,-438207.5,1
2018-06-01,2018-06,HOME,AWAY,2,"(2, 3)",0.4686167628136373,300,"{2: 150.0, 3: 150.0}",1,172.5,0,-438035.0,0
2018-06-01,2018-06,HOME,AWAY,1,"(2, 3)",0.4686167628136373,100,"{2: 50.0, 3: 50.0}",0,-100.0,0,-438135.0,1
2018-06-01,2018-06,HOME,AWAY,2,"(2, 3)",0.4686167628136373,300,"{2: 150.0, 3: 150.0}",1,157.5,0,-437977.5,0
2018-06-01,2018-06,HOME,AWAY,4,"(2, 3)",0.4686167628136373,100,"{2: 50.0, 3: 50.0}",0,-100.0,0,-438077.5,1
2018-06-01,2018-06,HOME,AWAY,4,"(2, 3)",0.4686167628136373,300,"{2: 150.0, 3: 150.0}",0,-300.0,0,-438377.5,2
2018-06-02,2018-06,HOME,AWAY,4,"(2, 3)",0.4686167628136373,900,"{2: 450.0, 3: 450.0}",0,-900.0,0,-439277.5,3
2018-06-02,2018-06,HOME,AWAY,3,"(2, 3)",0.4686167628136373,2700,"{2: 1350.0, 3: 1350.0}",1,1890.0,0,-437387.5,0
2018-06-02,2018-06,HOME,AWAY,4,"(2, 3)",0.4686167628136373,100,"{2: 50.0, 3: 50.0}",0,-100.0,0,-437487.5,1
2018-06-02,2018-06,HOME,AWAY,6,"(2, 3)",0.4686167628136373,300,"{2: 150.0, 3: 150.0}",0,-300.0,0,-437787.5,2
2018-06-02,2018-06,HOME,AWAY,1,"(2, 3)",0.4686167628136373,900,"{2: 450.0, 3: 450.0}",0,-900.0,0,-438687.5,3
2018-06-02,2018-06,HOME,AWAY,3,"(2, 3)",0.4686167628136373,2700,"{2: 1350.0, 3: 1350.0}",1,2025.0,0,-436662.5,0
2018-06-02,2018-06,HOME,AWAY,2,"(2, 3)",0.4686167628136373,100,"{2: 50.0, 3: 50.0}",1,62.5,0,-436600.0,0
2018-06-02,2018-06,HOME,AWAY,4,"(2, 3)",0.4686167628136373,100,"{2: 50.0, 3: 50.0}",0,-100.0,0,-436700.0,1
2018-06-02,2018-06,HOME,AWAY,4,"(2, 3)",0.4686167628136373,300,"{2: 150.0, 3: 150.0}",0,-300.0,0,-437000.0,2
2018-06-02,2018-06,HOME,AWAY,1,"(2, 3)",0.4686167628136373,900,"{2: 450.0, 3: 450.0}",0,-900.0,0,-437900.0,3
2018-07-01,2018-07,HOME,AWAY,2,"(2, 3)",0.4698787346361446,2700,"{2: 1350.0, 3: 1350.0}",1,2025.0,0,-435875.0,0
2018-07-01,2018-07,HOME,AWAY,3,"(2, 3)",0.4698787346361446,100,"{2: 50.0, 3: 50.0}",1,115.0,0,-435760.0,0
2018-07-01,2018-07,HOME,AWAY,4,"(2, 3)",0.4698787346361446,100,"{2: 50.0, 3: 50.0}",0,-100.0,0,-435860.0,1
2018-07-01,2018-07,HOME,AWAY,1,"(2, 3)",0.4698787346361446,300,"{2: 150.0, 3: 150.0}",0,-300.0,0,-436160.0,2
2018-07-01,2018-07,HOME,AWAY,5,"(2, 3)",0.4698787346361446,900,"{2: 450.0, 3: 450.0}",0,-900.0,0,-437060.0,3
2018-07-01,2018-07,HOME,AWAY,4,"(2, 3)",0.4698787346361446,2700,"{2: 1350.0, 3: 1350.0}",0,-2700.0,0,-439760.0,4
2018-07-01,2018-07,HOME,AWAY,3,"(2, 3)",0.4698787346361446,8100,"{2: 4050.0, 3: 4050.0}",1,5872.5,0,-433887.5,0
2018-07-01,2018-07,HOME,AWAY,5,"(2, 3)",0.4698787346361446,100,"{2: 50.0, 3: 50.0}",0,-100.0,0,-433987.5,1
2018-07-01,2018-07,HOME,AWAY,5,"(2, 3)",0.4698787346361446,300,"{2: 150.0, 3: 150.0}",0,-300.0,0,-434287.5,2
2018-07-01,2018-07,HOME,AWAY,6,"(2, 3)",0.4698787346361446,900,"{2: 450.0, 3: 450.0}",0,-900.0,0,-435187.5,3
2018-07-01,2018-07,HOME,AWAY,2,"(2, 3)",0.4698787346361446,2700,"{2: 1350.0, 3: 1350.0}",1,1417.4999999999995,0,-433770.0,0
2018-07-01,2018-07,HOME,AWAY,6,"(2, 3)",0.4698787346361446,100,"{2: 50.0, 3: 50.0}",0,-100.0,0,-433870.0,1
2018-07-01,2018-07,HOME,AWAY,3,"(2, 3)",0.4698787346361446,300,"{2: 150.0, 3: 150.0}",1,217.5,0,-433652.5,0
2018-07-01,2018-07,HOME,AWAY,5,"(2, 3)",0.4698787346361446,100,"{2: 50.0, 3: 50.0}",0,-100.0,0,-433752.5,1
2018-07-02,2018-07,HOME,AWAY,2,"(2, 3)",0.4698787346361446,300,"{2: 150.0, 3: 150.0}",1,142.5,0,-433610.0,0
2018-07-02,2018-07,HOME,AWAY,2,"(2, 3)",0.4698787346361446,100,"{2: 50.0, 3: 50.0}",1,67.5,0,-433542.5,0
2018-08-01,2018-08,HOME,AWAY,6,"(2, 3)",0.464413451819953,100,"{2: 50.0, 3: 50.0}",0,-100.0,0,-433642.5,1
2018-08-01,2018-08,HOME,AWAY,0,"(2, 3)",0.464413451819953,300,"{2: 150.0, 3: 150.0}",0,-300.0,0,-433942.5,2
2018-08-01,2018-08,HOME,AWAY,1,"(2, 3)",0.464413451819953,900,"{2: 450.0, 3: 450.0}",0,-900.0,0,-434842.5,3
2018-08-01,2018-08,HOME,AWAY,4,"(2, 3)",0.464413451819953,2700,"{2: 1350.0, 3: 1350.0}",0,-2700.0,0,-437542.5,4
2018-08-01,2018-08,HOME,AWAY,3,"(2, 3)",0.464413451819953,8100,"{2: 4050.0, 3: 4050.0}",1,5872.5,0,-431670.0,0
2018-08-01,2018-08,HOME,AWAY,3,"(2, 3)",0.464413451819953,100,"{2: 50.0, 3: 50.0}",1,82.5,0,-431587.5,0
2018-08-01,2018-08,HOME,AWAY,1,"(2, 3)",0.464413451819953,100,"{2: 50.0, 3: 50.0}",0,-100.0,0,-431687.5,1
2018-08-01,2018-08,HOME,AWAY,3,"(2, 3)",0.464413451819953,300,"{2: 150.0, 3: 150.0}",1,225.0,0,-431462.5,0
2018-08-01,2018-08,HOME,AWAY,2,"(2, 3)",0.464413451819953,100,"{2: 50.0, 3: 50.0}",1,60.000000000000014,0,-431402.5,0
2018-08-01,2018-08,HOME,AWAY,2,"(2, 3)",0.464413451819953,100,"{2: 50.0, 3: 50.0}",1,62.5,0,-431340.0,0
2018-08-01,2018-08,HOME,AWAY,3,"(2, 3)",0.464413451819953,100,"{2: 50.0, 3: 50.0}",1,67.5,0,-431272.5,0
2018-08-01,2018-08,HOME,AWAY,5,"(2, 3)",0.464413451819953,100,"{2: 50.0, 3: 50.0}",0,-100.0,0,-431372.5,1
2018-08-01,2018-08,HOME,AWAY,3,"(2, 3)",0.464413451819953,300,"{2: 150.0, 3: 150.0}",1,225.0,0,-431147.5,0
2018-08-01,2018-08,HOME,AWAY,1,"(2, 3)",0.464413451819953,100,"{2: 50.0, 3: 50.0}",0,-100.0,0,-431247.5,1
2018-08-01,2018-08,HOME,AWAY,2,"(2, 3)",0.464413451819953,300,"{2: 150.0, 3: 150.0}",1,195.0,0,-431052.5,0
2018-08-01,2018-08,HOME,AWAY,5,"(2, 3)",0.464413451819953,100,"{2: 50.0, 3: 50.0}",0,-100.0,0,-431152.5,1
2018-09-01,2018-09,HOME,AWAY,2,"(2, 3)",0.466879851635816,300,"{2: 150.0, 3: 150.0}",1,142.5,0,-431010.0,0
2018-09-01,2018-09,HOME,AWAY,1,"(2, 3)",0.466879851635816,100,"{2: 50.0, 3: 50.0}",0,-100.0,0,-431110.0,1
2018-09-01,2018-09,HOME,AWAY,2,"(2, 3)",0.466879851635816,300,"{2: 150.0, 3: 150.0}",1,157.5,0,-430952.5,0
2018-09-01,2018-09,HOME,AWAY,3,"(2, 3)",0.466879851635816,100,"{2: 50.0, 3: 50.0}",1,67.5,0,-430885.0,0
2018-09-01,2018-09,HOME,AWAY,2,"(2, 3)",0.466879851635816,100,"{2: 50.0, 3: 50.0}",1,47.500000000000014,0,-430837.5,0
2018-09-01,2018-09,HOME,AWAY,2,"(2, 3)",0.466879851635816,100,"{2: 50.0, 3: 50.0}",1,85.0,0,-430752.5,0
2018-09-01,2018-09,HOME,AWAY,4,"(2, 3)",0.466879851635816,100,"{2: 50.0, 3: 50.0}",0,-100.0,0,-430852.5,1
2018-09-01,2018-09,HOME,AWAY,4,"(2, 3)",0.466879851635816,300,"{2: 150.0, 3: 150.0}",0,-300.0,0,-431152.5,2
2018-09-01,2018-09,HOME,AWAY,5,"(2, 3)",0.466879851635816,900,"{2: 450.0, 3: 450.0}",0,-900.0,0,-432052.5,3
2018-09-01,2018-09,HOME,AWAY,0,"(2, 3)",0.466879851635816,2700,"{2: 1350.0, 3: 1350.0}",0,-2700.0,0,-434752.5,4
2018-09-01,2018-09,HOME,AWAY,3,"(2, 3)",0.466879851635816,8100,"{2: 4050.0, 3: 4050.0}",1,7492.5,0,-427260.0,0
2018-09-01,2018-09,HOME,AWAY,2,"(2, 3)",0.466879851635816,100,"{2: 50.0, 3: 50.0}",1,115.0,0,-427145.0,0
2018-09-01,2018-09,HOME,AWAY,2,"(2, 3)",0.466879851635816,100,"{2: 50.0, 3: 50.0}",1,77.49999999999999,0,-427067.5,0
2018-09-01,2018-09,HOME,AWAY,1,"(2, 3)",0.466879851635816,100,"{2: 50.0, 3: 50.0}",0,-100.0,0,-427167.5,1
2018-09-01,2018-09,HOME,AWAY,2,"(2, 3)",0.466879851635816,300,"{2: 150.0, 3: 150.0}",1,345.0,0,-426822.5,0
2018-09-01,2018-09,HOME,AWAY,4,"(2, 3)",0.466879851635816,100,"{2: 50.0, 3: 50.0}",0,-100.0,0,-426922.5,1
2018-10-01,2018-10,HOME,AWAY,1,"(2, 3)",0.4670448206268877,300,"{2: 150.0, 3: 150.0}",0,-300.0,0,-427222.5,2
2018-10-01,2018-10,HOME,AWAY,5,"(2, 3)",0.4670448206268877,900,"{2: 450.0, 3: 450.0}",0,-900.0,0,-428122.5,3
2018-10-01,2018-10,HOME,AWAY,5,"(2, 3)",0.4670448206268877,2700,"{2: 1350.0, 3: 1350.0}",0,-2700.0,0,-430822.5,4
2018-10-01,2018-10,HOME,AWAY,5,"(2, 3)",0.4670448206268877,8100,"{2: 4050.0, 3: 4050.0}",0,-8100.0,0,-438922.5,5
2018-10-01,2018-10,HOME,AWAY,1,"(2, 3)",0.4670448206268877,24300,"{2: 12150.0, 3: 12150.0}",0,-24300.0,0,-463222.5,6
2018-10-01,2018-10,HOME,AWAY,1,"(2, 3)",0.4670448206268877,72900,"{2: 36450.0, 3: 36450.0}",0,-72900.0,0,-536122.5,7
2018-10-01,2018-10,HOME,AWAY,3,"(2, 3)",0.4670448206268877,218700,"{2: 109350.0, 3: 109350.0}",1,147622.5,0,-388500.0,0
2018-10-01,2018-10,HOME,AWAY,4,"(2, 3)",0.4670448206268877,100,"{2: 50.0, 3: 50.0}",0,-100.0,0,-388600.0,1
2018-10-01,2018-10,HOME,AWAY,3,"(2, 3)",0.4670448206268877,300,"{2: 150.0, 3: 150.0}",1,240.0,0,-388360.0,0
2018-10-01,2018-10,HOME,AWAY,2,"(2, 3)",0.4670448206268877,100,"{2: 50.0, 3: 50.0}",1,95.0,0,-388265.0,0
2018-10-01,2018-10,HOME,AWAY,2,"(2, 3)",0.4670448206268877,100,"{2: 50.0, 3: 50.0}",1,52.499999999999986,0,-388212.5,0
2018-10-01,2018-10,HOME,AWAY,1,"(2, 3)",0.4670448206268877,100,"{2: 50.0, 3: 50.0}",0,-100.0,0,-388312.5,1
2018-10-01,2018-10,HOME,AWAY,4,"(2, 3)",0.4670448206268877,300,"{2: 150.0, 3: 150.0}",0,-300.0,0,-388612.5,2
2018-10-01,2018-10,HOME,AWAY,1,"(2, 3)",0.4670448206268877,900,"{2: 450.0, 3: 450.0}",0,-900.0,0,-389512.5,3
2018-10-01,2018-10,HOME,AWAY,3,"(2, 3)",0.4670448206268877,2700,"{2: 1350.0, 3: 1350.0}",1,2970.0,0,-386542.5,0
2018-10-01,2018-10,HOME,AWAY,4,"(2, 3)",0.4670448206268877,100,"{2: 50.0, 3: 50.0}",0,-100.0,0,-386642.5,1
2018-11-01,2018-11,HOME,AWAY,5,"(2, 3)",0.46766831743850173,300,"{2: 150.0, 3: 150.0}",0,-300.0,0,-386942.5,2
2018-11-01,2018-11,HOME,AWAY,5,"(2, 3)",0.46766831743850173,900,"{2: 450.0, 3: 450.0}",0,-900.0,0,-387842.5,3
2018-11-01,2018-11,HOME,AWAY,2,"(2, 3)",0.46766831743850173,2700,"{2: 1350.0, 3: 1350.0}",1,1890.0,0,-385952.5,0
2018-11-01,2018-11,HOME,AWAY,4,"(2, 3)",0.46766831743850173,100,"{2: 50.0, 3: 50.0}",0,-100.0,0,-386052.5,1
2018-11-01,2018-11,HOME,AWAY,2,"(2, 3)",0.46766831743850173,300,"{2: 150.0, 3: 150.0}",1,285.0,0,-385767.5,0
2018-11-01,2018-11,HOME,AWAY,5,"(2, 3)",0.46766831743850173,100,"{2: 50.0, 3: 50.0}",0,-100.0,0,-385867.5,1
2018-11-01,2018-11,HOME,AWAY,3,"(2, 3)",0.46766831743850173,300,"{2: 150.0, 3: 150.0}",1,217.5,0,-385650.0,0
2018-11-01,2018-11,HOME,AWAY,3,"(2, 3)",0.46766831743850173,100,"{2: 50.0, 3: 50.0}",1,67.5,0,-385582.5,0
2018-11-01,2018-11,HOME,AWAY,1,"(2, 3)",0.46766831743850173,100,"{2: 50.0, 3: 50.0}",0,-100.0,0,-385682.5,1
2018-11-01,2018-11,HOME,AWAY,4,"(2, 3)",0.46766831743850173,300,"{2: 150.0, 3: 150.0}",0,-300.0,0,-385982.5,2
2018-11-01,2018-11,HOME,AWAY,2,"(2, 3)",0.46766831743850173,900,"{2: 450.0, 3: 450.0}",1,990.0,0,-384992.5,0
2018-11-01,2018-11,HOME,AWAY,3,"(2, 3)",0.46766831743850173,100,"{2: 50.0, 3: 50.0}",1,67.5,0,-384925.0,0
2018-11-01,2018-11,HOME,AWAY,3,"(2, 3)",0.46766831743850173,100,"{2: 50.0, 3: 50.0}",1,70.0,0,-384855.0,0
2018-11-01,2018-11,HOME,AWAY,5,"(2, 3)",0.46766831743850173,100,"{2: 50.0, 3: 50.0}",0,-100.0,0,-384955.0,1
2018-11-01,2018-11,HOME,AWAY,2,"(2, 3)",0.46766831743850173,300,"{2: 150.0, 3: 150.0}",1,217.5,0,-384737.5,0
2018-11-01,2018-11,HOME,AWAY,4,"(2, 3)",0.46766831743850173,100,"{2: 50.0, 3: 50.0}",0,-100.0,0,-384837.5,1
2018-12-01,2018-12,HOME,AWAY,4,"(2, 3)",0.4679580007632552,300,"{2: 150.0, 3: 150.0}",0,-300.0,0,-385137.5,2
2018-12-01,2018-12,HOME,AWAY,3,"(2, 3)",0.4679580007632552,900,"{2: 450.0, 3: 450.0}",1,832.5,0,-384305.0,0
2018-12-01,2018-12,HOME,AWAY,2,"(2, 3)",0.4679580007632552,100,"{2: 50.0, 3: 50.0}",1,50.0,0,-384255.0,0
2018-12-01,2018-12,HOME,AWAY,2,"(2, 3)",0.4679580007632552,100,"{2: 50.0, 3: 50.0}",1,70.0,0,-384185.0,0
2018-12-01,2018-12,HOME,AWAY,2,"(2, 3)",0.4679580007632552,100,"{2: 50.0, 3: 50.0}",1,52.499999999999986,0,-384132.5,0
2018-12-01,2018-12,HOME,AWAY,4,"(2, 3)",0.4679580007632552,100,"{2: 50.0, 3: 50.0}",0,-100.0,0,-384232.5,1
2018-12-01,2018-12,HOME,AWAY,2,"(2, 3)",0.4679580007632552,300,"{2: 150.0, 3: 150.0}",1,180.0,0,-384052.5,0
2018-12-01,2018-12,HOME,AWAY,2,"(2, 3)",0.4679580007632552,100,"{2: 50.0, 3: 50.0}",1,92.5,0,-383960.0,0
2018-12-01,2018-12,HOME,AWAY,3,"(2, 3)",0.4679580007632552,100,"{2: 50.0, 3: 50.0}",1,70.0,0,-383890.0,0
2018-12-01,2018-12,HOME,AWAY,2,"(2, 3)",0.4679580007632552,100,"{2: 50.0, 3: 50.0}",1,50.0,0,-383840.0,0
2018-12-01,2018-12,HOME,AWAY,1,"(2, 3)",0.4679580007632552,100,"{2: 50.0, 3: 50.0}",0,-100.0,0,-383940.0,1
2018-12-01,2018-12,HOME,AWAY,1,"(2, 3)",0.4679580007632552,300,"{2: 150.0, 3: 150.0}",0,-300.0,0,-384240.0,2
2018-12-01,2018-12,HOME,AWAY,6,"(2, 3)",0.4679580007632552,900,"{2: 450.0, 3: 450.0}",0,-900.0,0,-385140.0,3
2018-12-01,2018-12,HOME,AWAY,1,"(2, 3)",0.4679580007632552,2700,"{2: 1350.0, 3: 1350.0}",0,-2700.0,0,-387840.0,4
2018-12-01,2018-12,HOME,AWAY,5,"(2, 3)",0.4679580007632552,8100,"{2: 4050.0, 3: 4050.0}",0,-8100.0,0,-395940.0,5
2018-12-01,2018-12,HOME,AWAY,7,"(2, 3)",0.4679580007632552,24300,"{2: 12150.0, 3: 12150.0}",0,-24300.0,0,-420240.0,6
2019-01-01,2019-01,HOME,AWAY,5,"(2, 3)",0.4623686564989344,72900,"{2: 36450.0, 3: 36450.0}",0,-72900.0,0,-493140.0,7
2019-01-01,2019-01,HOME,AWAY,6,"(2, 3)",0.4623686564989344,218700,"{2: 109350.0, 3: 109350.0}",0,-218700.0,1,-711840.0,0
2019-01-01,2019-01,HOME,AWAY,3,"(2, 3)",0.4623686564989344,100,"{2: 50.0, 3: 50.0}",1,67.5,0,-711772.5,0
2019-01-01,2019-01,HOME,AWAY,4,"(2, 3)",0.4623686564989344,100,"{2: 50.0, 3: 50.0}",0,-100.0,0,-711872.5,1
2019-01-01,2019-01,HOME,AWAY,6,"(2, 3)",0.4623686564989344,300,"{2: 150.0, 3: 150.0}",0,-300.0,0,-712172.5,2
2019-01-01,2019-01,HOME,AWAY,2,"(2, 3)",0.4623686564989344,900,"{2: 450.0, 3: 450.0}",1,495.0,0,-711677.5,0
2019-01-01,2019-01,HOME,AWAY,1,"(2, 3)",0.4623686564989344,100,"{2: 50.0, 3: 50.0}",0,-100.0,0,-711777.5,1
2019-01-01,2019-01,HOME,AWAY,2,"(2, 3)",0.4623686564989344,300,"{2: 150.0, 3: 150.0}",1,172.5,0,-711605.0,0
2019-01-01,2019-01,HOME,AWAY,2,"(2, 3)",0.4623686564989344,100,"{2: 50.0, 3: 50.0}",1,62.5,0,-711542.5,0
2019-01-01,2019-01,HOME,AWAY,2,"(2, 3)",0.4623686564989344,100,"{2: 50.0, 3: 50.0}",1,52.499999999999986,0,-711490.0,0
2019-01-01,2019-01,HOME,AWAY,5,"(2, 3)",0.4623686564989344,100,"{2: 50.0, 3: 50.0}",0,-100.0,0,-711590.0,1
2019-01-01,2019-01,HOME,AWAY,3,"(2, 3)",0.4623686564989344,300,"{2: 150.0, 3: 150.0}",1,232.5,0,-711357.5,0
2019-01-01,2019-01,HOME,AWAY,2,"(2, 3)",0.4623686564989344,100,"{2: 50.0, 3: 50.0}",1,75.0,0,-711282.5,0
2019-01-01,2019-01,HOME,AWAY,2,"(2, 3)",0.4623686564989344,100,"{2: 50.0, 3: 50.0}",1,55.0,0,-711227.5,0
2019-01-01,2019-01,HOME,AWAY,5,"(2, 3)",0.4623686564989344,100,"{2: 50.0, 3: 50.0}",0,-100.0,0,-711327.5,1
2019-01-01,2019-01,HOME,AWAY,2,"(2, 3)",0.4623686564989344,300,"{2: 150.0, 3: 150.0}",1,180.0,0,-711147.5,0
2019-02-01,2019-02,HOME,AWAY,5,"(2, 3)",0.4572064284016747,100,"{2: 50.0, 3: 50.0}",0,-100.0,0,-711247.5,1
2019-02-01,2019-02,HOME,AWAY,2,"(2, 3)",0.4572064284016747,300,"{2: 150.0, 3: 150.0}",1,217.5,0,-711030.0,0
2019-02-01,2019-02,HOME,AWAY,4,"(2, 3)",0.4572064284016747,100,"{2: 50.0, 3: 50.0}",0,-100.0,0,-711130.0,1
2019-02-01,2019-02,HOME,AWAY,0,"(2, 3)",0.4572064284016747,300,"{2: 150.0, 3: 150.0}",0,-300.0,0,-711430.0,2
2019-02-01,2019-02,HOME,AWAY,4,"(2, 3)",0.4572064284016747,900,"{2: 450.0, 3: 450.0}",0,-900.0,0,-712330.0,3
2019-02-01,2019-02,HOME,AWAY,6,"(2, 3)",0.4572064284016747,2700,"{2: 1350.0, 3: 1350.0}",0,-2700.0,0,-715030.0,4
2019-02-01,2019-02,HOME,AWAY,4,"(2, 3)",0.4572064284016747,8100,"{2: 4050.0, 3: 4050.0}",0,-8100.0,0,-723130.0,5
2019-02-01,2019-02,HOME,AWAY,1,"(2, 3)",0.4572064284016747,24300,"{2: 12150.0, 3: 12150.0}",0,-24300.0,0,-747430.0,6
2019-02-02,2019-02,HOME,AWAY,2,"(2, 3)",0.4572064284016747,72900,"{2: 36450.0, 3: 36450.0}",1,56497.5,0,-690932.5,0
2019-02-02,2019-02,HOME,AWAY,3,"(2, 3)",0.4572064284016747,100,"{2: 50.0, 3: 50.0}",1,70.0,0,-690862.5,0
2019-02-02,2019-02,HOME,AWAY,4,"(2, 3)",0.4572064284016747,100,"{2: 50.0, 3: 50.0}",0,-100.0,0,-690962.5,1
2019-02-02,2019-02,HOME,AWAY,1,"(2, 3)",0.4572064284016747,300,"{2: 150.0, 3: 150.0}",0,-300.0,0,-691262.5,2
2019-02-02,2019-02,HOME,AWAY,5,"(2, 3)",0.4572064284016747,900,"{2: 450.0, 3: 450.0}",0,-900.0,0,-692162.5,3
2019-02-02,2019-02,HOME,AWAY,2,"(2, 3)",0.4572064284016747,2700,"{2: 1350.0, 3: 1350.0}",1,1417.4999999999995,0,-690745.0,0
2019-02-02,2019-02,HOME,AWAY,0,"(2, 3)",0.4572064284016747,100,"{2: 50.0, 3: 50.0}",0,-100.0,0,-690845.0,1
2019-02-02,2019-02,HOME,AWAY,2,"(2, 3)",0.4572064284016747,300,"{2: 150.0, 3: 150.0}",1,150.0,0,-690695.0,0
2019-03-01,2019-03,HOME,AWAY,1,"(2, 3)",0.46918033086904143,100,"{2: 50.0, 3: 50.0}",0,-100.0,0,-690795.0,1
2019-03-01,2019-03,HOME,AWAY,2,"(2, 3)",0.46918033086904143,300,"{2: 150.0, 3: 150.0}",1,240.0,0,-690555.0,0
2019-03-01,2019-03,HOME,AWAY,3,"(2, 3)",0.46918033086904143,100,"{2: 50.0, 3: 50.0}",1,80.0,0,-690475.0,0
2019-03-01,2019-03,HOME,AWAY,2,"(2, 3)",0.46918033086904143,100,"{2: 50.0, 3: 50.0}",1,62.5,0,-690412.5,0
2019-03-01,2019-03,HOME,AWAY,2,"(2, 3)",0.46918033086904143,100,"{2: 50.0, 3: 50.0}",1,64.99999999999999,0,-690347.5,0
2019-03-01,2019-03,HOME,AWAY,0,"(2, 3)",0.46918033086904143,100,"{2: 50.0, 3: 50.0}",0,-100.0,0,-690447.5,1
2019-03-01,2019-03,HOME,AWAY,1,"(2, 3)",0.46918033086904143,300,"{2: 150.0, 3: 150.0}",0,-300.0,0,-690747.5,2
2019-03-02,2019-03,HOME,AWAY,2,"(2, 3)",0.46918033086904143,900,"{2: 450.0, 3: 450.0}",1,742.5,0,-690005.0,0
2019-03-02,2019-03,HOME,AWAY,2,"(2, 3)",0.46918033086904143,100,"{2: 50.0, 3: 50.0}",1,82.5,0,-689922.5,0
2019-03-02,2019-03,HOME,AWAY,4,"(2, 3)",0.46918033086904143,100,"{2: 50.0, 3: 50.0}",0,-100.0,0,-690022.5,1
2019-03-02,2019-03,HOME,AWAY,4,"(2, 3)",0.46918033086904143,300,"{2: 150.0, 3: 150.0}",0,-300.0,0,-690322.5,2
2019-03-02,2019-03,HOME,AWAY,2,"(2, 3)",0.46918033086904143,900,"{2: 450.0, 3: 450.0}",1,450.0,0,-689872.5,0
2019-03-02,2019-03,HOME,AWAY,1,"(2, 3)",0.46918033086904143,100,"{2: 50.0, 3: 50.0}",0,-100.0,0,-689972.5,1
2019-03-02,2019-03,HOME,AWAY,4,"(2, 3)",0.46918033086904143,300,"{2: 150.0, 3: 150.0}",0,-300.0,0,-690272.5,2
2019-03-02,2019-03,HOME,AWAY,0,"(2, 3)",0.46918033086904143,900,"{2: 450.0, 3: 450.0}",0,-900.0,0,-691172.5,3
2019-03-02,2019-03,HOME,AWAY,4,"(2, 3)",0.46918033086904143,2700,"{2: 1350.0, 3: 1350.0}",0,-2700.0,0,-693872.5,4
2019-04-01,2019-04,HOME,AWAY,2,"(2, 3)",0.46503473568962717,8100,"{2: 4050.0, 3: 4050.0}",1,4860.0,0,-689012.5,0
2019-04-01,2019-04,HOME,AWAY,2,"(2, 3)",0.46503473568962717,100,"{2: 50.0, 3: 50.0}",1,50.0,0,-688962.5,0
2019-04-01,2019-04,HOME,AWAY,3,"(2, 3)",0.46503473568962717,100,"{2: 50.0, 3: 50.0}",1,72.50000000000001,0,-688890.0,0
2019-04-01,2019-04,HOME,AWAY,2,"(2, 3)",0.46503473568962717,100,"{2: 50.0, 3: 50.0}",1,62.5,0,-688827.5,0
2019-04-01,2019-04,HOME,AWAY,5,"(2, 3)",0.46503473568962717,100,"{2: 50.0, 3: 50.0}",0,-100.0,0,-688927.5,1
2019-04-01,2019-04,HOME,AWAY,2,"(2, 3)",0.46503473568962717,300,"{2: 150.0, 3: 150.0}",1,142.5,0,-688785.0,0
2019-04-01,2019-04,HOME,AWAY,3,"(2, 3)",0.46503473568962717,100,"{2: 50.0, 3: 50.0}",1,72.50000000000001,0,-688712.5,0
2019-04-01,2019-04,HOME,AWAY,1,"(2, 3)",0.46503473568962717,100,"{2: 50.0, 3: 50.0}",0,-100.0,0,-688812.5,1
2019-04-01,2019-04,HOME,AWAY,1,"(2, 3)",0.46503473568962717,300,"{2: 150.0, 3: 150.0}",0,-300.0,0,-689112.5,2
2019-04-01,2019-04,HOME,AWAY,3,"(2, 3)",0.46503473568962717,900,"{2: 450.0, 3: 450.0}",1,607.5,0,-688505.0,0
2019-04-01,2019-04,HOME,AWAY,3,"(2, 3)",0.46503473568962717,100,"{2: 50.0, 3: 50.0}",1,70.0,0,-688435.0,0
2019-04-01,2019-04,HOME,AWAY,2,"(2, 3)",0.46503473568962717,100,"{2: 50.0, 3: 50.0}",1,60.000000000000014,0,-688375.0,0
2019-04-01,2019-04,HOME,AWAY,2,"(2, 3)",0.46503473568962717,100,"{2: 50.0, 3: 50.0}",1,57.5,0,-688317.5,0
2019-04-02,2019-04,HOME,AWAY,5,"(2, 3)",0.46503473568962717,100,"{2: 50.0, 3: 50.0}",0,-100.0,0,-688417.5,1
2019-04-02,2019-04,HOME,AWAY,4,"(2, 3)",0.46503473568962717,300,"{2: 150.0, 3: 150.0}",0,-300.0,0,-688717.5,2
2019-04-02,2019-04,HOME,AWAY,2,"(2, 3)",0.46503473568962717,900,"{2: 450.0, 3: 450.0}",1,540.0000000000001,0,-688177.5,0
2019-05-01,2019-05,HOME,AWAY,5,"(2, 3)",0.4652349829692284,100,"{2: 50.0, 3: 50.0}",0,-100.0,0,-688277.5,1
2019-05-01,2019-05,HOME,AWAY,3,"(2, 3)",0.4652349829692284,300,"{2: 150.0, 3: 150.0}",1,195.0,0,-688082.5,0
2019-05-01,2019-05,HOME,AWAY,1,"(2, 3)",0.4652349829692284,100,"{2: 50.0, 3: 50.0}",0,-100.0,0,-688182.5,1
2019-05-02,2019-05,HOME,AWAY,3,"(2, 3)",0.4652349829692284,300,"{2: 150.0, 3: 150.0}",1,262.5,0,-687920.0,0
2019-05-02,2019-05,HOME,AWAY,4,"(2, 3)",0.4652349829692284,100,"{2: 50.0, 3: 50.0}",0,-100.0,0,-688020.0,1
2019-05-02,2019-05,HOME,AWAY,2,"(2, 3)",0.4652349829692284,300,"{2: 150.0, 3: 150.0}",1,270.0,0,-687750.0,0
2019-05-02,2019-05,HOME,AWAY,1,"(2, 3)",0.4652349829692284,100,"{2: 50.0, 3: 50.0}",0,-100.0,0,-687850.0,1
2019-05-02,2019-05,HOME,AWAY,3,"(2, 3)",0.4652349829692284,300,"{2: 150.0, 3: 150.0}",1,270.0,0,-687580.0,0
2019-05-02,2019-05,HOME,AWAY,2,"(2, 3)",0.4652349829692284,100,"{2: 50.0, 3: 50.0}",1,77.49999999999999,0,-687502.5,0
2019-05-02,2019-05,HOME,AWAY,2,"(2, 3)",0.4652349829692284,100,"{2: 50.0, 3: 50.0}",1,50.0,0,-687452.5,0
2019-05-02,2019-05,HOME,AWAY,1,"(2, 3)",0.4652349829692284,100,"{2: 50.0, 3: 50.0}",0,-100.0,0,-687552.5,1
2019-05-02,2019-05,HOME,AWAY,3,"(2, 3)",0.4652349829692284,300,"{2: 150.0, 3: 150.0}",1,247.5,0,-687305.0,0
2019-05-02,2019-05,HOME,AWAY,3,"(2, 3)",0.4652349829692284,100,"{2: 50.0, 3: 50.0}",1,85.0,0,-687220.0,0
2019-05-02,2019-05,HOME,AWAY,2,"(2, 3)",0.4652349829692284,100,"{2: 50.0, 3: 50.0}",1,57.5,0,-687162.5,0
2019-05-02,2019-05,HOME,AWAY,3,"(2, 3)",0.4652349829692284,100,"{2: 50.0, 3: 50.0}",1,82.5,0,-687080.0,0
2019-05-03,2019-05,HOME,AWAY,1,"(2, 3)",0.4652349829692284,100,"{2: 50.0, 3: 50.0}",0,-100.0,0,-687180.0,1
2019-06-01,2019-06,HOME,AWAY,1,"(2, 3)",0.4661841051498091,300,"{2: 150.0, 3: 150.0}",0,-300.0,0,-687480.0,2
2019-06-01,2019-06,HOME,AWAY,5,"(2, 3)",0.4661841051498091,900,"{2: 450.0, 3: 450.0}",0,-900.0,0,-688380.0,3
2019-06-01,2019-06,HOME,AWAY,2,"(2, 3)",0.4661841051498091,2700,"{2: 1350.0, 3: 1350.0}",1,2429.9999999999995,0,-685950.0,0
2019-06-01,2019-06,HOME,AWAY,2,"(2, 3)",0.4661841051498091,100,"{2: 50.0, 3: 50.0}",1,80.0,0,-685870.0,0
2019-06-01,2019-06,HOME,AWAY,4,"(2, 3)",0.4661841051498091,100,"{2: 50.0, 3: 50.0}",0,-100.0,0,-685970.0,1
2019-06-01,2019-06,HOME,AWAY,1,"(2, 3)",0.4661841051498091,300,"{2: 150.0, 3: 150.0}",0,-300.0,0,-686270.0,2
2019-06-01,2019-06,HOME,AWAY,4,"(2, 3)",0.4661841051498091,900,"{2: 450.0, 3: 450.0}",0,-900.0,0,-687170.0,3
2019-06-01,2019-06,HOME,AWAY,2,"(2, 3)",0.4661841051498091,2700,"{2: 1350.0, 3: 1350.0}",1,1485.0,0,-685685.0,0
2019-06-01,2019-06,HOME,AWAY,2,"(2, 3)",0.4661841051498091,100,"{2: 50.0, 3: 50.0}",1,72.50000000000001,0,-685612.5,0
2019-06-01,2019-06,HOME,AWAY,3,"(2, 3)",0.4661841051498091,100,"{2: 50.0, 3: 50.0}",1,110.0,0,-685502.5,0
2019-06-01,2019-06,HOME,AWAY,1,"(2, 3)",0.4661841051498091,100,"{2: 50.0, 3: 50.0}",0,-100.0,0,-685602.5,1
2019-06-01,2019-06,HOME,AWAY,1,"(2, 3)",0.4661841051498091,300,"{2: 150.0, 3: 150.0}",0,-300.0,0,-685902.5,2
2019-06-01,2019-06,HOME,AWAY,4,"(2, 3)",0.4661841051498091,900,"{2: 450.0, 3: 450.0}",0,-900.0,0,-686802.5,3
2019-06-01,2019-06,HOME,AWAY,2,"(2, 3)",0.4661841051498091,2700,"{2: 1350.0, 3: 1350.0}",1,1620.0000000000005,0,-685182.5,0
2019-06-01,2019-06,HOME,AWAY,1,"(2, 3)",0.4661841051498091,100,"{2: 50.0, 3: 50.0}",0,-100.0,0,-685282.5,1
2019-06-01,2019-06,HOME,AWAY,2,"(2, 3)",0.4661841051498091,300,"{2: 150.0, 3: 150.0}",1,210.0,0,-685072.5,0
2019-07-01,2019-07,HOME,AWAY,0,"(2, 3)",0.468492557941476,100,"{2: 50.0, 3: 50.0}",0,-100.0,0,-685172.5,1
2019-07-01,2019-07,HOME,AWAY,1,"(2, 3)",0.468492557941476,300,"{2: 150.0, 3: 150.0}",0,-300.0,0,-685472.5,2
2019-07-01,2019-07,HOME,AWAY,3,"(2, 3)",0.468492557941476,900,"{2: 450.0, 3: 450.0}",1,652.5,0,-684820.0,0
2019-07-01,2019-07,HOME,AWAY,5,"(2, 3)",0.468492557941476,100,"{2: 50.0, 3: 50.0}",0,-100.0,0,-684920.0,1
2019-07-01,2019-07,HOME,AWAY,2,"(2, 3)",0.468492557941476,300,"{2: 150.0, 3: 150.0}",1,240.0,0,-684680.0,0
2019-07-01,2019-07,HOME,AWAY,2,"(2, 3)",0.468492557941476,100,"{2: 50.0, 3: 50.0}",1,72.50000000000001,0,-684607.5,0
2019-07-01,2019-07,HOME,AWAY,2,"(2, 3)",0.468492557941476,100,"{2: 50.0, 3: 50.0}",1,42.5,0,-684565.0,0
2019-07-01,2019-07,HOME,AWAY,1,"(2, 3)",0.468492557941476,100,"{2: 50.0, 3: 50.0}",0,-100.0,0,-684665.0,1
2019-07-01,2019-07,HOME,AWAY,2,"(2, 3)",0.468492557941476,300,"{2: 150.0, 3: 150.0}",1,172.5,0,-684492.5,0
2019-07-01,2019-07,HOME,AWAY,4,"(2, 3)",0.468492557941476,100,"{2: 50.0, 3: 50.0}",0,-100.0,0,-684592.5,1
2019-07-01,2019-07,HOME,AWAY,2,"(2, 3)",0.468492557941476,300,"{2: 150.0, 3: 150.0}",1,127.5,0,-684465.0,0
2019-07-01,2019-07,HOME,AWAY,1,"(2, 3)",0.468492557941476,100,"{2: 50.0, 3: 50.0}",0,-100.0,0,-684565.0,1
2019-07-01,2019-07,HOME,AWAY,4,"(2, 3)",0.468492557941476,300,"{2: 150.0, 3: 150.0}",0,-300.0,0,-684865.0,2
2019-07-02,2019-07,HOME,AWAY,5,"(2, 3)",0.468492557941476,900,"{2: 450.0, 3: 450.0}",0,-900.0,0,-685765.0,3
2019-07-02,2019-07,HOME,AWAY,2,"(2, 3)",0.468492557941476,2700,"{2: 1350.0, 3: 1350.0}",1,1485.0,0,-684280.0,0
2019-07-02,2019-07,HOME,AWAY,2,"(2, 3)",0.468492557941476,100,"{2: 50.0, 3: 50.0}",1,72.50000000000001,0,-684207.5,0
2019-08-01,2019-08,HOME,AWAY,2,"(2, 3)",0.46376170842729514,100,"{2: 50.0, 3: 50.0}",1,57.5,0,-684150.0,0
2019-08-01,2019-08,HOME,AWAY,3,"(2, 3)",0.46376170842729514,100,"{2: 50.0, 3: 50.0}",1,92.5,0,-684057.5,0
2019-08-01,2019-08,HOME,AWAY,2,"(2, 3)",0.46376170842729514,100,"{2: 50.0, 3: 50.0}",1,72.50000000000001,0,-683985.0,0
2019-08-01,2019-08,HOME,AWAY,3,"(2, 3)",0.46376170842729514,100,"{2: 50.0, 3: 50.0}",1,112.5,0,-683872.5,0
2019-08-01,2019-08,HOME,AWAY,2,"(2, 3)",0.46376170842729514,100,"{2: 50.0, 3: 50.0}",1,70.0,0,-683802.5,0
2019-08-01,2019-08,HOME,AWAY,2,"(2, 3)",0.46376170842729514,100,"{2: 50.0, 3: 50.0}",1,50.0,0,-683752.5,0
2019-08-01,2019-08,HOME,AWAY,2,"(2, 3)",0.46376170842729514,100,"{2: 50.0, 3: 50.0}",1,57.5,0,-683695.0,0
2019-08-02,2019-08,HOME,AWAY,3,"(2, 3)",0.46376170842729514,100,"{2: 50.0, 3: 50.0}",1,87.5,0,-683607.5,0
2019-08-02,2019-08,HOME,AWAY,2,"(2, 3)",0.46376170842729514,100,"{2: 50.0, 3: 50.0}",1,72.50000000000001,0,-683535.0,0
2019-08-02,2019-08,HOME,AWAY,3,"(2, 3)",0.46376170842729514,100,"{2: 50.0, 3: 50.0}",1,80.0,0,-683455.0,0
2019-08-02,2019-08,HOME,AWAY,3,"(2, 3)",0.46376170842729514,100,"{2: 50.0, 3: 50.0}",1,82.5,0,-683372.5,0
2019-08-02,2019-08,HOME,AWAY,3,"(2, 3)",0.46376170842729514,100,"{2: 50.0, 3: 50.0}",1,77.49999999999999,0,-683295.0,0
2019-08-02,2019-08,HOME,AWAY,3,"(2, 3)",0.46376170842729514,100,"{2: 50.0, 3: 50.0}",1,97.5,0,-683197.5,0
2019-08-02,2019-08,HOME,AWAY,4,"(2, 3)",0.46376170842729514,100,"{2: 50.0, 3: 50.0}",0,-100.0,0,-683297.5,1
2019-08-02,2019-08,HOME,AWAY,3,"(2, 3)",0.46376170842729514,300,"{2: 150.0, 3: 150.0}",1,210.0,0,-683087.5,0
2019-08-03,2019-08,HOME,AWAY,2,"(2, 3)",0.46376170842729514,100,"{2: 50.0, 3: 50.0}",1,47.500000000000014,0,-683040.0,0
2019-09-01,2019-09,HOME,AWAY,1,"(2, 3)",0.4613750607425011,100,"{2: 50.0, 3: 50.0}",0,-100.0,0,-683140.0,1
2019-09-01,2019-09,HOME,AWAY,7,"(2, 3)",0.4613750607425011,300,"{2: 150.0, 3: 150.0}",0,-300.0,0,-683440.0,2
2019-09-01,2019-09,HOME,AWAY,5,"(2, 3)",0.4613750607425011,900,"{2: 450.0, 3: 450.0}",0,-900.0,0,-684340.0,3
2019-09-01,2019-09,HOME,AWAY,2,"(2, 3)",0.4613750607425011,2700,"{2: 1350.0, 3: 1350.0}",1,1417.4999999999995,0,-682922.5,0
2019-09-01,2019-09,HOME,AWAY,1,"(2, 3)",0.4613750607425011,100,"{2: 50.0, 3: 50.0}",0,-100.0,0,-683022.5,1
2019-09-01,2019-09,HOME,AWAY,3,"(2, 3)",0.4613750607425011,300,"{2: 150.0, 3: 150.0}",1,210.0,0,-682812.5,0
2019-09-01,2019-09,HOME,AWAY,2,"(2, 3)",0.4613750607425011,100,"{2: 50.0, 3: 50.0}",1,104.99999999999997,0,-682707.5,0
2019-09-01,2019-09,HOME,AWAY,4,"(2, 3)",0.4613750607425011,100,"{2: 50.0, 3: 50.0}",0,-100.0,0,-682807.5,1
2019-09-01,2019-09,HOME,AWAY,2,"(2, 3)",0.4613750607425011,300,"{2: 150.0, 3: 150.0}",1,165.0,0,-682642.5,0
2019-09-01,2019-09,HOME,AWAY,3,"(2, 3)",0.4613750607425011,100,"{2: 50.0, 3: 50.0}",1,70.0,0,-682572.5,0
2019-09-01,2019-09,HOME,AWAY,1,"(2, 3)",0.4613750607425011,100,"{2: 50.0, 3: 50.0}",0,-100.0,0,-682672.5,1
2019-09-01,2019-09,HOME,AWAY,3,"(2, 3)",0.4613750607425011,300,"{2: 150.0, 3: 150.0}",1,210.0,0,-682462.5,0
2019-09-01,2019-09,HOME,AWAY,3,"(2, 3)",0.4613750607425011,100,"{2: 50.0, 3: 50.0}",1,92.5,0,-682370.0,0
2019-09-01,2019-09,HOME,AWAY,1,"(2, 3)",0.4613750607425011,100,"{2: 50.0, 3: 50.0}",0,-100.0,0,-682470.0,1
2019-09-01,2019-09,HOME,AWAY,1,"(2, 3)",0.4613750607425011,300,"{2: 150.0, 3: 150.0}",0,-300.0,0,-682770.0,2
2019-09-01,2019-09,HOME,AWAY,4,"(2, 3)",0.4613750607425011,900,"{2: 450.0, 3: 450.0}",0,-900.0,0,-683670.0,3
2019-10-01,2019-10,HOME,AWAY,5,"(2, 3)",0.46562510534362855,2700,"{2: 1350.0, 3: 1350.0}",0,-2700.0,0,-686370.0,4
2019-10-01,2019-10,HOME,AWAY,2,"(2, 3)",0.46562510534362855,8100,"{2: 4050.0, 3: 4050.0}",1,4657.5,0,-681712.5,0
2019-10-01,2019-10,HOME,AWAY,6,"(2, 3)",0.46562510534362855,100,"{2: 50.0, 3: 50.0}",0,-100.0,0,-681812.5,1
2019-10-01,2019-10,HOME,AWAY,5,"(2, 3)",0.46562510534362855,300,"{2: 150.0, 3: 150.0}",0,-300.0,0,-682112.5,2
2019-10-01,2019-10,HOME,AWAY,4,"(2, 3)",0.46562510534362855,900,"{2: 450.0, 3: 450.0}",0,-900.0,0,-683012.5,3
2019-10-01,2019-10,HOME,AWAY,2,"(2, 3)",0.46562510534362855,2700,"{2: 1350.0, 3: 1350.0}",1,2767.5,0,-680245.0,0
2019-10-01,2019-10,HOME,AWAY,3,"(2, 3)",0.46562510534362855,100,"{2: 50.0, 3: 50.0}",1,80.0,0,-680165.0,0
2019-10-01,2019-10,HOME,AWAY,1,"(2, 3)",0.46562510534362855,100,"{2: 50.0, 3: 50.0}",0,-100.0,0,-680265.0,1
2019-10-01,2019-10,HOME,AWAY,1,"(2, 3)",0.46562510534362855,300,"{2: 150.0, 3: 150.0}",0,-300.0,0,-680565.0,2
2019-10-01,2019-10,HOME,AWAY,2,"(2, 3)",0.46562510534362855,900,"{2: 450.0, 3: 450.0}",1,450.0,0,-680115.0,0
2019-10-01,2019-10,HOME,AWAY,1,"(2, 3)",0.46562510534362855,100,"{2: 50.0, 3: 50.0}",0,-100.0,0,-680215.0,1
2019-10-01,2019-10,HOME,AWAY,2,"(2, 3)",0.46562510534362855,300,"{2: 150.0, 3: 150.0}",1,270.0,0,-679945.0,0
2019-10-09,2019-10,HOME,AWAY,3,"(2, 3)",0.46562510534362855,100,"{2: 50.0, 3: 50.0}",1,87.5,0,-679857.5,0
2019-10-09,2019-10,HOME,AWAY,5,"(2, 3)",0.46562510534362855,100,"{2: 50.0, 3: 50.0}",0,-100.0,0,-679957.5,1
2019-10-09,2019-10,HOME,AWAY,4,"(2, 3)",0.46562510534362855,300,"{2: 150.0, 3: 150.0}",0,-300.0,0,-680257.5,2
2019-10-09,2019-10,HOME,AWAY,4,"(2, 3)",0.46562510534362855,900,"{2: 450.0, 3: 450.0}",0,-900.0,0,-681157.5,3
2019-11-01,2019-11,HOME,AWAY,1,"(2, 3)",0.4621250662234133,2700,"{2: 1350.0, 3: 1350.0}",0,-2700.0,0,-683857.5,4
2019-11-01,2019-11,HOME,AWAY,1,"(2, 3)",0.4621250662234133,8100,"{2: 4050.0, 3: 4050.0}",0,-8100.0,0,-691957.5,5
2019-11-01,2019-11,HOME,AWAY,3,"(2, 3)",0.4621250662234133,24300,"{2: 12150.0, 3: 12150.0}",1,21870.0,0,-670087.5,0
2019-11-01,2019-11,HOME,AWAY,3,"(2, 3)",0.4621250662234133,100,"{2: 50.0, 3: 50.0}",1,92.5,0,-669995.0,0
2019-11-01,2019-11,HOME,AWAY,2,"(2, 3)",0.4621250662234133,100,"{2: 50.0, 3: 50.0}",1,62.5,0,-669932.5,0
2019-11-01,2019-11,HOME,AWAY,2,"(2, 3)",0.4621250662234133,100,"{2: 50.0, 3: 50.0}",1,57.5,0,-669875.0,0
2019-11-01,2019-11,HOME,AWAY,5,"(2, 3)",0.4621250662234133,100,"{2: 50.0, 3: 50.0}",0,-100.0,0,-669975.0,1
2019-11-01,2019-11,HOME,AWAY,1,"(2, 3)",0.4621250662234133,300,"{2: 150.0, 3: 150.0}",0,-300.0,0,-670275.0,2
2019-11-01,2019-11,HOME,AWAY,2,"(2, 3)",0.4621250662234133,900,"{2: 450.0, 3: 450.0}",1,540.0000000000001,0,-669735.0,0
2019-11-01,2019-11,HOME,AWAY,4,"(2, 3)",0.4621250662234133,100,"{2: 50.0, 3: 50.0}",0,-100.0,0,-669835.0,1
2019-11-02,2019-11,HOME,AWAY,2,"(2, 3)",0.4621250662234133,300,"{2: 150.0, 3: 150.0}",1,210.0,0,-669625.0,0
2019-11-02,2019-11,HOME,AWAY,6,"(2, 3)",0.4621250662234133,100,"{2: 50.0, 3: 50.0}",0,-100.0,0,-669725.0,1
2019-11-02,2019-11,HOME,AWAY,6,"(2, 3)",0.4621250662234133,300,"{2: 150.0, 3: 150.0}",0,-300.0,0,-670025.0,2
2019-11-02,2019-11,HOME,AWAY,1,"(2, 3)",0.4621250662234133,900,"{2: 450.0, 3: 450.0}",0,-900.0,0,-670925.0,3
2019-11-02,2019-11,HOME,AWAY,1,"(2, 3)",0.4621250662234133,2700,"{2: 1350.0, 3: 1350.0}",0,-2700.0,0,-673625.0,4
2019-11-02,2019-11,HOME,AWAY,1,"(2, 3)",0.4621250662234133,8100,"{2: 4050.0, 3: 4050.0}",0,-8100.0,0,-681725.0,5
2019-12-01,2019-12,HOME,AWAY,3,"(2, 3)",0.4533957924990286,24300,"{2: 12150.0, 3: 12150.0}",1,20655.0,0,-661070.0,0
2019-12-01,2019-12,HOME,AWAY,3,"(2, 3)",0.4533957924990286,100,"{2: 50.0, 3: 50.0}",1,110.0,0,-660960.0,0
2019-12-01,2019-12,HOME,AWAY,6,"(2, 3)",0.4533957924990286,100,"{2: 50.0, 3: 50.0}",0,-100.0,0,-661060.0,1
2019-12-01,2019-12,HOME,AWAY,4,"(2, 3)",0.4533957924990286,300,"{2: 150.0, 3: 150.0}",0,-300.0,0,-661360.0,2
2019-12-01,2019-12,HOME,AWAY,1,"(2, 3)",0.4533957924990286,900,"{2: 450.0, 3: 450.0}",0,-900.0,0,-662260.0,3
2019-12-01,2019-12,HOME,AWAY,4,"(2, 3)",0.4533957924990286,2700,"{2: 1350.0, 3: 1350.0}",0,-2700.0,0,-664960.0,4
2019-12-01,2019-12,HOME,AWAY,4,"(2, 3)",0.4533957924990286,8100,"{2: 4050.0, 3: 4050.0}",0,-8100.0,0,-673060.0,5
2019-12-01,2019-12,HOME,AWAY,5,"(2, 3)",0.4533957924990286,24300,"{2: 12150.0, 3: 12150.0}",0,-24300.0,0,-697360.0,6
2019-12-01,2019-12,HOME,AWAY,2,"(2, 3)",0.4533957924990286,72900,"{2: 36450.0, 3: 36450.0}",1,41917.5,0,-655442.5,0
2019-12-01,2019-12,HOME,AWAY,2,"(2, 3)",0.4533957924990286,100,"{2: 50.0, 3: 50.0}",1,57.5,0,-655385.0,0
2019-12-01,2019-12,HOME,AWAY,2,"(2, 3)",0.4533957924990286,100,"{2: 50.0, 3: 50.0}",1,77.49999999999999,0,-655307.5,0
2019-12-01,2019-12,HOME,AWAY,0,"(2, 3)",0.4533957924990286,100,"{2: 50.0, 3: 50.0}",0,-100.0,0,-655407.5,1
2019-12-01,2019-12,HOME,AWAY,1,"(2, 3)",0.4533957924990286,300,"{2: 150.0, 3: 150.0}",0,-300.0,0,-655707.5,2
2019-12-01,2019-12,HOME,AWAY,3,"(2, 3)",0.4533957924990286,900,"{2: 450.0, 3: 450.0}",1,877.5,0,-654830.0,0
2019-12-01,2019-12,HOME,AWAY,2,"(2, 3)",0.4533957924990286,100,"{2: 50.0, 3: 50.0}",1,60.000000000000014,0,-654770.0,0
2019-12-01,2019-12,HOME,AWAY,1,"(2, 3)",0.4533957924990286,100,"{2: 50.0, 3: 50.0}",0,-100.0,0,-654870.0,1
2020-01-01,2020-01,HOME,AWAY,4,"(2, 3)",0.4543863391837075,300,"{2: 150.0, 3: 150.0}",0,-300.0,0,-655170.0,2
2020-01-01,2020-01,HOME,AWAY,1,"(2, 3)",0.4543863391837075,900,"{2: 450.0, 3: 450.0}",0,-900.0,0,-656070.0,3
2020-01-01,2020-01,HOME,AWAY,2,"(2, 3)",0.4543863391837075,2700,"{2: 1350.0, 3: 1350.0}",1,2227.5,0,-653842.5,0
2020-01-01,2020-01,HOME,AWAY,3,"(2, 3)",0.4543863391837075,100,"{2: 50.0, 3: 50.0}",1,80.0,0,-653762.5,0
2020-01-01,2020-01,HOME,AWAY,3,"(2, 3)",0.4543863391837075,100,"{2: 50.0, 3: 50.0}",1,85.0,0,-653677.5,0
2020-01-01,2020-01,HOME,AWAY,3,"(2, 3)",0.4543863391837075,100,"{2: 50.0, 3: 50.0}",1,85.0,0,-653592.5,0
2020-01-01,2020-01,HOME,AWAY,2,"(2, 3)",0.4543863391837075,100,"{2: 50.0, 3: 50.0}",1,92.5,0,-653500.0,0
2020-01-01,2020-01,HOME,AWAY,3,"(2, 3)",0.4543863391837075,100,"{2: 50.0, 3: 50.0}",1,90.0,0,-653410.0,0
2020-01-01,2020-01,HOME,AWAY,3,"(2, 3)",0.4543863391837075,100,"{2: 50.0, 3: 50.0}",1,80.0,0,-653330.0,0
2020-01-01,2020-01,HOME,AWAY,5,"(2, 3)",0.4543863391837075,100,"{2: 50.0, 3: 50.0}",0,-100.0,0,-653430.0,1
2020-01-01,2020-01,HOME,AWAY,7,"(2, 3)",0.4543863391837075,300,"{2: 150.0, 3: 150.0}",0,-300.0,0,-653730.0,2
2020-01-01,2020-01,HOME,AWAY,1,"(2, 3)",0.4543863391837075,900,"{2: 450.0, 3: 450.0}",0,-900.0,0,-654630.0,3
2020-01-01,2020-01,HOME,AWAY,4,"(2, 3)",0.4543863391837075,2700,"{2: 1350.0, 3: 1350.0}",0,-2700.0,0,-657330.0,4
2020-01-01,2020-01,HOME,AWAY,7,"(2, 3)",0.4543863391837075,8100,"{2: 4050.0, 3: 4050.0}",0,-8100.0,0,-665430.0,5
2020-01-02,2020-01,HOME,AWAY,2,"(2, 3)",0.4543863391837075,24300,"{2: 12150.0, 3: 12150.0}",1,19440.0,0,-645990.0,0
2020-01-02,2020-01,HOME,AWAY,3,"(2, 3)",0.4543863391837075,100,"{2: 50.0, 3: 50.0}",1,97.5,0,-645892.5,0
2020-03-13,2020-03,HOME,AWAY,3,"(2, 3)",0.46781501200599646,100,"{2: 50.0, 3: 50.0}",1,90.0,0,-645802.5,0
2020-03-13,2020-03,HOME,AWAY,4,"(2, 3)",0.46781501200599646,100,"{2: 50.0, 3: 50.0}",0,-100.0,0,-645902.5,1
2020-03-13,2020-03,HOME,AWAY,2,"(2, 3)",0.46781501200599646,300,"{2: 150.0, 3: 150.0}",1,180.0,0,-645722.5,0
2020-03-13,2020-03,HOME,AWAY,1,"(2, 3)",0.46781501200599646,100,"{2: 50.0, 3: 50.0}",0,-100.0,0,-645822.5,1
2020-03-14,2020-03,HOME,AWAY,0,"(2, 3)",0.46781501200599646,300,"{2: 150.0, 3: 150.0}",0,-300.0,0,-646122.5,2
2020-03-14,2020-03,HOME,AWAY,2,"(2, 3)",0.46781501200599646,900,"{2: 450.0, 3: 450.0}",1,810.0,0,-645312.5,0
2020-03-15,2020-03,HOME,AWAY,3,"(2, 3)",0.46781501200599646,100,"{2: 50.0, 3: 50.0}",1,80.0,0,-645232.5,0
2020-03-15,2020-03,HOME,AWAY,3,"(2, 3)",0.46781501200599646,100,"{2: 50.0, 3: 50.0}",1,85.0,0,-645147.5,0
2020-03-20,2020-03,HOME,AWAY,6,"(2, 3)",0.46781501200599646,100,"{2: 50.0, 3: 50.0}",0,-100.0,0,-645247.5,1
2020-03-20,2020-03,HOME,AWAY,1,"(2, 3)",0.46781501200599646,300,"{2: 150.0, 3: 150.0}",0,-300.0,0,-645547.5,2
2020-03-21,2020-03,HOME,AWAY,2,"(2, 3)",0.46781501200599646,900,"{2: 450.0, 3: 450.0}",1,765.0,0,-644782.5,0
2020-03-23,2020-03,HOME,AWAY,3,"(2, 3)",0.46781501200599646,100,"{2: 50.0, 3: 50.0}",1,77.49999999999999,0,-644705.0,0
2020-05-08,2020-05,HOME,AWAY,1,"(2, 3)",0.4686167628136373,100,"{2: 50.0, 3: 50.0}",0,-100.0,0,-644805.0,1
2020-05-09,2020-05,HOME,AWAY,4,"(2, 3)",0.4686167628136373,300,"{2: 150.0, 3: 150.0}",0,-300.0,0,-645105.0,2
2020-05-09,2020-05,HOME,AWAY,0,"(2, 3)",0.4686167628136373,900,"{2: 450.0, 3: 450.0}",0,-900.0,0,-646005.0,3
2020-05-09,2020-05,HOME,AWAY,2,"(2, 3)",0.4686167628136373,2700,"{2: 1350.0, 3: 1350.0}",1,1687.5,0,-644317.5,0
2020-05-10,2020-05,HOME,AWAY,2,"(2, 3)",0.4686167628136373,100,"{2: 50.0, 3: 50.0}",1,70.0,0,-644247.5,0
2020-05-10,2020-05,HOME,AWAY,4,"(2, 3)",0.4686167628136373,100,"{2: 50.0, 3: 50.0}",0,-100.0,0,-644347.5,1
2020-05-16,2020-05,HOME,AWAY,2,"(2, 3)",0.4686167628136373,300,"{2: 150.0, 3: 150.0}",1,225.0,0,-644122.5,0
2020-05-16,2020-05,HOME,AWAY,2,"(2, 3)",0.4686167628136373,100,"{2: 50.0, 3: 50.0}",1,60.000000000000014,0,-644062.5,0
2020-05-16,2020-05,HOME,AWAY,3,"(2, 3)",0.4686167628136373,100,"{2: 50.0, 3: 50.0}",1,75.0,0,-643987.5,0
2020-05-16,2020-05,HOME,AWAY,4,"(2, 3)",0.4686167628136373,100,"{2: 50.0, 3: 50.0}",0,-100.0,0,-644087.5,1
2020-05-16,2020-05,HOME,AWAY,2,"(2, 3)",0.4686167628136373,300,"{2: 150.0, 3: 150.0}",1,195.0,0,-643892.5,0
2020-05-16,2020-05,HOME,AWAY,4,"(2, 3)",0.4686167628136373,100,"{2: 50.0, 3: 50.0}",0,-100.0,0,-643992.5,1
2020-05-16,2020-05,HOME,AWAY,3,"(2, 3)",0.4686167628136373,300,"{2: 150.0, 3: 150.0}",1,255.0,0,-643737.5,0
2020-05-16,2020-05,HOME,AWAY,4,"(2, 3)",0.4686167628136373,100,"{2: 50.0, 3: 50.0}",0,-100.0,0,-643837.5,1
2020-05-16,2020-05,HOME,AWAY,3,"(2, 3)",0.4686167628136373,300,"{2: 150.0, 3: 150.0}",1,255.0,0,-643582.5,0
2020-05-16,2020-05,HOME,AWAY,0,"(2, 3)",0.4686167628136373,100,"{2: 50.0, 3: 50.0}",0,-100.0,0,-643682.5,1
2020-06-01,2020-06,HOME,AWAY,7,"(2, 3)",0.4663633884685979,300,"{2: 150.0, 3: 150.0}",0,-300.0,0,-643982.5,2
2020-06-04,2020-06,HOME,AWAY,3,"(2, 3)",0.4663633884685979,900,"{2: 450.0, 3: 450.0}",1,720.0,0,-643262.5,0
2020-06-04,2020-06,HOME,AWAY,1,"(2, 3)",0.4663633884685979,100,"{2: 50.0, 3: 50.0}",0,-100.0,0,-643362.5,1
2020-06-04,2020-06,HOME,AWAY,3,"(2, 3)",0.4663633884685979,300,"{2: 150.0, 3: 150.0}",1,255.0,0,-643107.5,0
2020-06-04,2020-06,HOME,AWAY,3,"(2, 3)",0.4663633884685979,100,"{2: 50.0, 3: 50.0}",1,85.0,0,-643022.5,0
2020-06-05,2020-06,HOME,AWAY,2,"(2, 3)",0.4663633884685979,100,"{2: 50.0, 3: 50.0}",1,57.5,0,-642965.0,0
2020-06-05,2020-06,HOME,AWAY,0,"(2, 3)",0.4663633884685979,100,"{2: 50.0, 3: 50.0}",0,-100.0,0,-643065.0,1
2020-06-05,2020-06,HOME,AWAY,4,"(2, 3)",0.4663633884685979,300,"{2: 150.0, 3: 150.0}",0,-300.0,0,-643365.0,2
2020-06-05,2020-06,HOME,AWAY,3,"(2, 3)",0.4663633884685979,900,"{2: 450.0, 3: 450.0}",1,720.0,0,-642645.0,0
2020-06-06,2020-06,HOME,AWAY,3,"(2, 3)",0.4663633884685979,100,"{2: 50.0, 3: 50.0}",1,82.5,0,-642562.5,0
2020-06-06,2020-06,HOME,AWAY,2,"(2, 3)",0.4663633884685979,100,"{2: 50.0, 3: 50.0}",1,75.0,0,-642487.5,0
2020-06-06,2020-06,HOME,AWAY,5,"(2, 3)",0.4663633884685979,100,"{2: 50.0, 3: 50.0}",0,-100.0,0,-642587.5,1
2020-06-06,2020-06,HOME,AWAY,1,"(2, 3)",0.4663633884685979,300,"{2: 150.0, 3: 150.0}",0,-300.0,0,-642887.5,2
2020-06-06,2020-06,HOME,AWAY,2,"(2, 3)",0.4663633884685979,900,"{2: 450.0, 3: 450.0}",1,472.4999999999999,0,-642415.0,0
2020-06-06,2020-06,HOME,AWAY,5,"(2, 3)",0.4663633884685979,100,"{2: 50.0, 3: 50.0}",0,-100.0,0,-642515.0,1
2020-06-06,2020-06,HOME,AWAY,6,"(2, 3)",0.4663633884685979,300,"{2: 150.0, 3: 150.0}",0,-300.0,0,-642815.0,2
2020-07-01,2020-07,HOME,AWAY,2,"(2, 3)",0.4556681537875743,900,"{2: 450.0, 3: 450.0}",1,855.0,0,-641960.0,0
2020-07-01,2020-07,HOME,AWAY,3,"(2, 3)",0.4556681537875743,100,"{2: 50.0, 3: 50.0}",1,72.50000000000001,0,-641887.5,0
2020-07-01,2020-07,HOME,AWAY,2,"(2, 3)",0.4556681537875743,100,"{2: 50.0, 3: 50.0}",1,75.0,0,-641812.5,0
2020-07-01,2020-07,HOME,AWAY,2,"(2, 3)",0.4556681537875743,100,"{2: 50.0, 3: 50.0}",1,62.5,0,-641750.0,0
2020-07-01,2020-07,HOME,AWAY,6,"(2, 3)",0.4556681537875743,100,"{2: 50.0, 3: 50.0}",0,-100.0,0,-641850.0,1
2020-07-01,2020-07,HOME,AWAY,3,"(2, 3)",0.4556681537875743,300,"{2: 150.0, 3: 150.0}",1,210.0,0,-641640.0,0
2020-07-01,2020-07,HOME,AWAY,2,"(2, 3)",0.4556681537875743,100,"{2: 50.0, 3: 50.0}",1,62.5,0,-641577.5,0
2020-07-01,2020-07,HOME,AWAY,3,"(2, 3)",0.4556681537875743,100,"{2: 50.0, 3: 50.0}",1,80.0,0,-641497.5,0
2020-07-01,2020-07,HOME,AWAY,1,"(2, 3)",0.4556681537875743,100,"{2: 50.0, 3: 50.0}",0,-100.0,0,-641597.5,1
2020-07-01,2020-07,HOME,AWAY,2,"(2, 3)",0.4556681537875743,300,"{2: 150.0, 3: 150.0}",1,165.0,0,-641432.5,0
2020-07-01,2020-07,HOME,AWAY,3,"(2, 3)",0.4556681537875743,100,"{2: 50.0, 3: 50.0}",1,97.5,0,-641335.0,0
2020-07-01,2020-07,HOME,AWAY,0,"(2, 3)",0.4556681537875743,100,"{2: 50.0, 3: 50.0}",0,-100.0,0,-641435.0,1
2020-07-01,2020-07,HOME,AWAY,4,"(2, 3)",0.4556681537875743,300,"{2: 150.0, 3: 150.0}",0,-300.0,0,-641735.0,2
2020-07-01,2020-07,HOME,AWAY,4,"(2, 3)",0.4556681537875743,900,"{2: 450.0, 3: 450.0}",0,-900.0,0,-642635.0,3
2020-07-01,2020-07,HOME,AWAY,3,"(2, 3)",0.4556681537875743,2700,"{2: 1350.0, 3: 1350.0}",1,2834.999999999999,0,-639800.0,0
2020-07-01,2020-07,HOME,AWAY,3,"(2, 3)",0.4556681537875743,100,"{2: 50.0, 3: 50.0}",1,87.5,0,-639712.5,0
2020-08-01,2020-08,HOME,AWAY,1,"(2, 3)",0.4611187028476388,100,"{2: 50.0, 3: 50.0}",0,-100.0,0,-639812.5,1
2020-08-01,2020-08,HOME,AWAY,0,"(2, 3)",0.4611187028476388,300,"{2: 150.0, 3: 150.0}",0,-300.0,0,-640112.5,2
2020-08-01,2020-08,HOME,AWAY,2,"(2, 3)",0.4611187028476388,900,"{2: 450.0, 3: 450.0}",1,1125.0,0,-638987.5,0
2020-08-01,2020-08,HOME,AWAY,1,"(2, 3)",0.4611187028476388,100,"{2: 50.0, 3: 50.0}",0,-100.0,0,-639087.5,1
2020-08-01,2020-08,HOME,AWAY,1,"(2, 3)",0.4611187028476388,300,"{2: 150.0, 3: 150.0}",0,-300.0,0,-639387.5,2
2020-08-01,2020-08,HOME,AWAY,2,"(2, 3)",0.4611187028476388,900,"{2: 450.0, 3: 450.0}",1,607.5,0,-638780.0,0
2020-08-01,2020-08,HOME,AWAY,5,"(2, 3)",0.4611187028476388,100,"{2: 50.0, 3: 50.0}",0,-100.0,0,-638880.0,1
2020-08-01,2020-08,HOME,AWAY,3,"(2, 3)",0.4611187028476388,300,"{2: 150.0, 3: 150.0}",1,292.5,0,-638587.5,0
2020-08-01,2020-08,HOME,AWAY,2,"(2, 3)",0.4611187028476388,100,"{2: 50.0, 3: 50.0}",1,87.5,0,-638500.0,0
2020-08-01,2020-08,HOME,AWAY,1,"(2, 3)",0.4611187028476388,100,"{2: 50.0, 3: 50.0}",0,-100.0,0,-638600.0,1
2020-08-01,2020-08,HOME,AWAY,2,"(2, 3)",0.4611187028476388,300,"{2: 150.0, 3: 150.0}",1,300.0,0,-638300.0,0
2020-08-01,2020-08,HOME,AWAY,3,"(2, 3)",0.4611187028476388,100,"{2: 50.0, 3: 50.0}",1,70.0,0,-638230.0,0
2020-08-01,2020-08,HOME,AWAY,3,"(2, 3)",0.4611187028476388,100,"{2: 50.0, 3: 50.0}",1,72.50000000000001,0,-638157.5,0
2020-08-01,2020-08,HOME,AWAY,4,"(2, 3)",0.4611187028476388,100,"{2: 50.0, 3: 50.0}",0,-100.0,0,-638257.5,1
2020-08-01,2020-08,HOME,AWAY,4,"(2, 3)",0.4611187028476388,300,"{2: 150.0, 3: 150.0}",0,-300.0,0,-638557.5,2
2020-08-01,2020-08,HOME,AWAY,3,"(2, 3)",0.4611187028476388,900,"{2: 450.0, 3: 450.0}",1,652.5,0,-637905.0,0
2020-09-01,2020-09,HOME,AWAY,6,"(2, 3)",0.46331051494340403,100,"{2: 50.0, 3: 50.0}",0,-100.0,0,-638005.0,1
2020-09-02,2020-09,HOME,AWAY,3,"(2, 3)",0.46331051494340403,300,"{2: 150.0, 3: 150.0}",1,217.5,0,-637787.5,0
2020-09-02,2020-09,HOME,AWAY,3,"(2, 3)",0.46331051494340403,100,"{2: 50.0, 3: 50.0}",1,97.5,0,-637690.0,0
2020-09-02,2020-09,HOME,AWAY,1,"(2, 3)",0.46331051494340403,100,"{2: 50.0, 3: 50.0}",0,-100.0,0,-637790.0,1
2020-09-02,2020-09,HOME,AWAY,4,"(2, 3)",0.46331051494340403,300,"{2: 150.0, 3: 150.0}",0,-300.0,0,-638090.0,2
2020-09-02,2020-09,HOME,AWAY,0,"(2, 3)",0.46331051494340403,900,"{2: 450.0, 3: 450.0}",0,-900.0,0,-638990.0,3
2020-09-02,2020-09,HOME,AWAY,4,"(2, 3)",0.46331051494340403,2700,"{2: 1350.0, 3: 1350.0}",0,-2700.0,0,-641690.0,4
2020-09-02,2020-09,HOME,AWAY,1,"(2, 3)",0.46331051494340403,8100,"{2: 4050.0, 3: 4050.0}",0,-8100.0,0,-649790.0,5
2020-09-02,2020-09,HOME,AWAY,4,"(2, 3)",0.46331051494340403,24300,"{2: 12150.0, 3: 12150.0}",0,-24300.0,0,-674090.0,6
2020-09-02,2020-09,HOME,AWAY,3,"(2, 3)",0.46331051494340403,72900,"{2: 36450.0, 3: 36450.0}",1,54675.0,0,-619415.0,0
2020-09-02,2020-09,HOME,AWAY,1,"(2, 3)",0.46331051494340403,100,"{2: 50.0, 3: 50.0}",0,-100.0,0,-619515.0,1
2020-09-02,2020-09,HOME,AWAY,3,"(2, 3)",0.46331051494340403,300,"{2: 150.0, 3: 150.0}",1,225.0,0,-619290.0,0
2020-09-02,2020-09,HOME,AWAY,3,"(2, 3)",0.46331051494340403,100,"{2: 50.0, 3: 50.0}",1,82.5,0,-619207.5,0
2020-09-02,2020-09,HOME,AWAY,2,"(2, 3)",0.46331051494340403,100,"{2: 50.0, 3: 50.0}",1,185.0,0,-619022.5,0
2020-09-02,2020-09,HOME,AWAY,6,"(2, 3)",0.46331051494340403,100,"{2: 50.0, 3: 50.0}",0,-100.0,0,-619122.5,1
2020-09-02,2020-09,HOME,AWAY,4,"(2, 3)",0.46331051494340403,300,"{2: 150.0, 3: 150.0}",0,-300.0,0,-619422.5,2
2020-10-01,2020-10,HOME,AWAY,5,"(2, 3)",0.46720616866671627,900,"{2: 450.0, 3: 450.0}",0,-900.0,0,-620322.5,3
2020-10-01,2020-10,HOME,AWAY,5,"(2, 3)",0.46720616866671627,2700,"{2: 1350.0, 3: 1350.0}",0,-2700.0,0,-623022.5,4
2020-10-01,2020-10,HOME,AWAY,0,"(2, 3)",0.46720616866671627,8100,"{2: 4050.0, 3: 4050.0}",0,-8100.0,0,-631122.5,5
2020-10-01,2020-10,HOME,AWAY,4,"(2, 3)",0.46720616866671627,24300,"{2: 12150.0, 3: 12150.0}",0,-24300.0,0,-655422.5,6
2020-10-01,2020-10,HOME,AWAY,1,"(2, 3)",0.46720616866671627,72900,"{2: 36450.0, 3: 36450.0}",0,-72900.0,0,-728322.5,7
2020-10-01,2020-10,HOME,AWAY,3,"(2, 3)",0.46720616866671627,218700,"{2: 109350.0, 3: 109350.0}",1,169492.5,0,-558830.0,0
2020-10-01,2020-10,HOME,AWAY,5,"(2, 3)",0.46720616866671627,100,"{2: 50.0, 3: 50.0}",0,-100.0,0,-558930.0,1
2020-10-01,2020-10,HOME,AWAY,1,"(2, 3)",0.46720616866671627,300,"{2: 150.0, 3: 150.0}",0,-300.0,0,-559230.0,2
2020-10-01,2020-10,HOME,AWAY,5,"(2, 3)",0.46720616866671627,900,"{2: 450.0, 3: 450.0}",0,-900.0,0,-560130.0,3
2020-10-01,2020-10,HOME,AWAY,1,"(2, 3)",0.46720616866671627,2700,"{2: 1350.0, 3: 1350.0}",0,-2700.0,0,-562830.0,4
2020-10-01,2020-10,HOME,AWAY,3,"(2, 3)",0.46720616866671627,8100,"{2: 4050.0, 3: 4050.0}",1,7492.5,0,-555337.5,0
2020-10-01,2020-10,HOME,AWAY,0,"(2, 3)",0.46720616866671627,100,"{2: 50.0, 3: 50.0}",0,-100.0,0,-555437.5,1
2020-10-01,2020-10,HOME,AWAY,2,"(2, 3)",0.46720616866671627,300,"{2: 150.0, 3: 150.0}",1,172.5,0,-555265.0,0
2020-10-01,2020-10,HOME,AWAY,3,"(2, 3)",0.46720616866671627,100,"{2: 50.0, 3: 50.0}",1,82.5,0,-555182.5,0
2020-10-01,2020-10,HOME,AWAY,3,"(2, 3)",0.46720616866671627,100,"{2: 50.0, 3: 50.0}",1,75.0,0,-555107.5,0
2020-10-06,2020-10,HOME,AWAY,3,"(2, 3)",0.46720616866671627,100,"{2: 50.0, 3: 50.0}",1,104.99999999999997,0,-555002.5,0
2020-11-01,2020-11,HOME,AWAY,7,"(2, 3)",0.4697279656095994,100,"{2: 50.0, 3: 50.0}",0,-100.0,0,-555102.5,1
2020-11-01,2020-11,HOME,AWAY,5,"(2, 3)",0.4697279656095994,300,"{2: 150.0, 3: 150.0}",0,-300.0,0,-555402.5,2
2020-11-01,2020-11,HOME,AWAY,3,"(2, 3)",0.4697279656095994,900,"{2: 450.0, 3: 450.0}",1,607.5,0,-554795.0,0
2020-11-01,2020-11,HOME,AWAY,3,"(2, 3)",0.4697279656095994,100,"{2: 50.0, 3: 50.0}",1,77.49999999999999,0,-554717.5,0
2020-11-01,2020-11,HOME,AWAY,4,"(2, 3)",0.4697279656095994,100,"{2: 50.0, 3: 50.0}",0,-100.0,0,-554817.5,1
2020-11-01,2020-11,HOME,AWAY,3,"(2, 3)",0.4697279656095994,300,"{2: 150.0, 3: 150.0}",1,225.0,0,-554592.5,0
2020-11-01,2020-11,HOME,AWAY,0,"(2, 3)",0.4697279656095994,100,"{2: 50.0, 3: 50.0}",0,-100.0,0,-554692.5,1
2020-11-01,2020-11,HOME,AWAY,5,"(2, 3)",0.4697279656095994,300,"{2: 150.0, 3: 150.0}",0,-300.0,0,-554992.5,2
2020-11-01,2020-11,HOME,AWAY,5,"(2, 3)",0.4697279656095994,900,"{2: 450.0, 3: 450.0}",0,-900.0,0,-555892.5,3
2020-11-01,2020-11,HOME,AWAY,5,"(2, 3)",0.4697279656095994,2700,"{2: 1350.0, 3: 1350.0}",0,-2700.0,0,-558592.5,4
2020-11-01,2020-11,HOME,AWAY,3,"(2, 3)",0.4697279656095994,8100,"{2: 4050.0, 3: 4050.0}",1,5872.5,0,-552720.0,0
2020-11-01,2020-11,HOME,AWAY,3,"(2, 3)",0.4697279656095994,100,"{2: 50.0, 3: 50.0}",1,92.5,0,-552627.5,0
2020-11-01,2020-11,HOME,AWAY,5,"(2, 3)",0.4697279656095994,100,"{2: 50.0, 3: 50.0}",0,-100.0,0,-552727.5,1
2020-11-01,2020-11,HOME,AWAY,2,"(2, 3)",0.4697279656095994,300,"{2: 150.0, 3: 150.0}",1,480.0,0,-552247.5,0
2020-11-01,2020-11,HOME,AWAY,3,"(2, 3)",0.4697279656095994,100,"{2: 50.0, 3: 50.0}",1,72.50000000000001,0,-552175.0,0
2020-11-01,2020-11,HOME,AWAY,2,"(2, 3)",0.4697279656095994,100,"{2: 50.0, 3: 50.0}",1,97.5,0,-552077.5,0
2020-12-01,2020-12,HOME,AWAY,3,"(2, 3)",0.47013179465875,100,"{2: 50.0, 3: 50.0}",1,80.0,0,-551997.5,0
2020-12-01,2020-12,HOME,AWAY,1,"(2, 3)",0.47013179465875,100,"{2: 50.0, 3: 50.0}",0,-100.0,0,-552097.5,1
2020-12-01,2020-12,HOME,AWAY,1,"(2, 3)",0.47013179465875,300,"{2: 150.0, 3: 150.0}",0,-300.0,0,-552397.5,2
2020-12-01,2020-12,HOME,AWAY,3,"(2, 3)",0.47013179465875,900,"{2: 450.0, 3: 450.0}",1,742.5,0,-551655.0,0
2020-12-01,2020-12,HOME,AWAY,3,"(2, 3)",0.47013179465875,100,"{2: 50.0, 3: 50.0}",1,80.0,0,-551575.0,0
2020-12-01,2020-12,HOME,AWAY,5,"(2, 3)",0.47013179465875,100,"{2: 50.0, 3: 50.0}",0,-100.0,0,-551675.0,1
2020-12-01,2020-12,HOME,AWAY,2,"(2, 3)",0.47013179465875,300,"{2: 150.0, 3: 150.0}",1,187.5,0,-551487.5,0
2020-12-01,2020-12,HOME,AWAY,5,"(2, 3)",0.47013179465875,100,"{2: 50.0, 3: 50.0}",0,-100.0,0,-551587.5,1
2020-12-01,2020-12,HOME,AWAY,2,"(2, 3)",0.47013179465875,300,"{2: 150.0, 3: 150.0}",1,330.0,0,-551257.5,0
2020-12-01,2020-12,HOME,AWAY,4,"(2, 3)",0.47013179465875,100,"{2: 50.0, 3: 50.0}",0,-100.0,0,-551357.5,1
2020-12-01,2020-12,HOME,AWAY,3,"(2, 3)",0.47013179465875,300,"{2: 150.0, 3: 150.0}",1,225.0,0,-551132.5,0
2020-12-02,2020-12,HOME,AWAY,1,"(2, 3)",0.47013179465875,100,"{2: 50.0, 3: 50.0}",0,-100.0,0,-551232.5,1
2020-12-02,2020-12,HOME,AWAY,4,"(2, 3)",0.47013179465875,300,"{2: 150.0, 3: 150.0}",0,-300.0,0,-551532.5,2
2020-12-02,2020-12,HOME,AWAY,2,"(2, 3)",0.47013179465875,900,"{2: 450.0, 3: 450.0}",1,1350.0,0,-550182.5,0
2020-12-02,2020-12,HOME,AWAY,0,"(2, 3)",0.47013179465875,100,"{2: 50.0, 3: 50.0}",0,-100.0,0,-550282.5,1
2020-12-02,2020-12,HOME,AWAY,1,"(2, 3)",0.47013179465875,300,"{2: 150.0, 3: 150.0}",0,-300.0,0,-550582.5,2
2021-01-01,2021-01,HOME,AWAY,1,"(2, 3)",0.46947189485813384,900,"{2: 450.0, 3: 450.0}",0,-900.0,0,-551482.5,3
2021-01-02,2021-01,HOME,AWAY,3,"(2, 3)",0.46947189485813384,2700,"{2: 1350.0, 3: 1350.0}",1,2160.0,0,-549322.5,0
2021-01-02,2021-01,HOME,AWAY,1,"(2, 3)",0.46947189485813384,100,"{2: 50.0, 3: 50.0}",0,-100.0,0,-549422.5,1
2021-01-02,2021-01,HOME,AWAY,1,"(2, 3)",0.46947189485813384,300,"{2: 150.0, 3: 150.0}",0,-300.0,0,-549722.5,2
2021-01-02,2021-01,HOME,AWAY,3,"(2, 3)",0.46947189485813384,900,"{2: 450.0, 3: 450.0}",1,675.0,0,-549047.5,0
2021-01-02,2021-01,HOME,AWAY,3,"(2, 3)",0.46947189485813384,100,"{2: 50.0, 3: 50.0}",1,75.0,0,-548972.5,0
2021-01-02,2021-01,HOME,AWAY,4,"(2, 3)",0.46947189485813384,100,"{2: 50.0, 3: 50.0}",0,-100.0,0,-549072.5,1
2021-01-02,2021-01,HOME,AWAY,2,"(2, 3)",0.46947189485813384,300,"{2: 150.0, 3: 150.0}",1,202.5,0,-548870.0,0
2021-01-02,2021-01,HOME,AWAY,3,"(2, 3)",0.46947189485813384,100,"{2: 50.0, 3: 50.0}",1,72.50000000000001,0,-548797.5,0
2021-01-02,2021-01,HOME,AWAY,3,"(2, 3)",0.46947189485813384,100,"{2: 50.0, 3: 50.0}",1,82.5,0,-548715.0,0
2021-01-02,2021-01,HOME,AWAY,1,"(2, 3)",0.46947189485813384,100,"{2: 50.0, 3: 50.0}",0,-100.0,0,-548815.0,1
2021-01-02,2021-01,HOME,AWAY,2,"(2, 3)",0.46947189485813384,300,"{2: 150.0, 3: 150.0}",1,202.5,0,-548612.5,0
2021-01-02,2021-01,HOME,AWAY,4,"(2, 3)",0.46947189485813384,100,"{2: 50.0, 3: 50.0}",0,-100.0,0,-548712.5,1
2021-01-02,2021-01,HOME,AWAY,2,"(2, 3)",0.46947189485813384,300,"{2: 150.0, 3: 150.0}",1,180.0,0,-548532.5,0
2021-01-02,2021-01,HOME,AWAY,1,"(2, 3)",0.46947189485813384,100,"{2: 50.0, 3: 50.0}",0,-100.0,0,-548632.5,1
2021-01-02,2021-01,HOME,AWAY,2,"(2, 3)",0.46947189485813384,300,"{2: 150.0, 3: 150.0}",1,180.0,0,-548452.5,0
2021-02-01,2021-02,HOME,AWAY,2,"(2, 3)",0.45951497838499755,100,"{2: 50.0, 3: 50.0}",1,55.0,0,-548397.5,0
2021-02-01,2021-02,HOME,AWAY,1,"(2, 3)",0.45951497838499755,100,"{2: 50.0, 3: 50.0}",0,-100.0,0,-548497.5,1
2021-02-01,2021-02,HOME,AWAY,4,"(2, 3)",0.45951497838499755,300,"{2: 150.0, 3: 150.0}",0,-300.0,0,-548797.5,2
2021-02-01,2021-02,HOME,AWAY,3,"(2, 3)",0.45951497838499755,900,"{2: 450.0, 3: 450.0}",1,697.5,0,-548100.0,0
2021-02-01,2021-02,HOME,AWAY,2,"(2, 3)",0.45951497838499755,100,"{2: 50.0, 3: 50.0}",1,110.0,0,-547990.0,0
2021-02-01,2021-02,HOME,AWAY,3,"(2, 3)",0.45951497838499755,100,"{2: 50.0, 3: 50.0}",1,92.5,0,-547897.5,0
2021-02-01,2021-02,HOME,AWAY,3,"(2, 3)",0.45951497838499755,100,"{2: 50.0, 3: 50.0}",1,75.0,0,-547822.5,0
2021-02-01,2021-02,HOME,AWAY,4,"(2, 3)",0.45951497838499755,100,"{2: 50.0, 3: 50.0}",0,-100.0,0,-547922.5,1
2021-02-01,2021-02,HOME,AWAY,3,"(2, 3)",0.45951497838499755,300,"{2: 150.0, 3: 150.0}",1,232.5,0,-547690.0,0
2021-02-01,2021-02,HOME,AWAY,2,"(2, 3)",0.45951497838499755,100,"{2: 50.0, 3: 50.0}",1,82.5,0,-547607.5,0
2021-02-01,2021-02,HOME,AWAY,3,"(2, 3)",0.45951497838499755,100,"{2: 50.0, 3: 50.0}",1,95.0,0,-547512.5,0
2021-02-01,2021-02,HOME,AWAY,2,"(2, 3)",0.45951497838499755,100,"{2: 50.0, 3: 50.0}",1,175.0,0,-547337.5,0
2021-02-01,2021-02,HOME,AWAY,1,"(2, 3)",0.45951497838499755,100,"{2: 50.0, 3: 50.0}",0,-100.0,0,-547437.5,1
2021-02-02,2021-02,HOME,AWAY,3,"(2, 3)",0.45951497838499755,300,"{2: 150.0, 3: 150.0}",1,255.0,0,-547182.5,0
2021-02-02,2021-02,HOME,AWAY,1,"(2, 3)",0.45951497838499755,100,"{2: 50.0, 3: 50.0}",0,-100.0,0,-547282.5,1
2021-02-02,2021-02,HOME,AWAY,1,"(2, 3)",0.45951497838499755,300,"{2: 150.0, 3: 150.0}",0,-300.0,0,-547582.5,2
2021-03-01,2021-03,HOME,AWAY,3,"(2, 3)",0.4689664628917714,900,"{2: 450.0, 3: 450.0}",1,630.0,0,-546952.5,0
2021-03-01,2021-03,HOME,AWAY,0,"(2, 3)",0.4689664628917714,100,"{2: 50.0, 3: 50.0}",0,-100.0,0,-547052.5,1
2021-03-01,2021-03,HOME,AWAY,3,"(2, 3)",0.4689664628917714,300,"{2: 150.0, 3: 150.0}",1,225.0,0,-546827.5,0
2021-03-01,2021-03,HOME,AWAY,2,"(2, 3)",0.4689664628917714,100,"{2: 50.0, 3: 50.0}",1,110.0,0,-546717.5,0
2021-03-01,2021-03,HOME,AWAY,2,"(2, 3)",0.4689664628917714,100,"{2: 50.0, 3: 50.0}",1,102.5,0,-546615.0,0
2021-03-01,2021-03,HOME,AWAY,2,"(2, 3)",0.4689664628917714,100,"{2: 50.0, 3: 50.0}",1,97.5,0,-546517.5,0
2021-03-01,2021-03,HOME,AWAY,2,"(2, 3)",0.4689664628917714,100,"{2: 50.0, 3: 50.0}",1,55.0,0,-546462.5,0
2021-03-01,2021-03,HOME,AWAY,3,"(2, 3)",0.4689664628917714,100,"{2: 50.0, 3: 50.0}",1,87.5,0,-546375.0,0
2021-03-01,2021-03,HOME,AWAY,5,"(2, 3)",0.4689664628917714,100,"{2: 50.0, 3: 50.0}",0,-100.0,0,-546475.0,1
2021-03-01,2021-03,HOME,AWAY,0,"(2, 3)",0.4689664628917714,300,"{2: 150.0, 3: 150.0}",0,-300.0,0,-546775.0,2
2021-03-01,2021-03,HOME,AWAY,1,"(2, 3)",0.4689664628917714,900,"{2: 450.0, 3: 450.0}",0,-900.0,0,-547675.0,3
2021-03-02,2021-03,HOME,AWAY,3,"(2, 3)",0.4689664628917714,2700,"{2: 1350.0, 3: 1350.0}",1,2160.0,0,-545515.0,0
2021-03-02,2021-03,HOME,AWAY,1,"(2, 3)",0.4689664628917714,100,"{2: 50.0, 3: 50.0}",0,-100.0,0,-545615.0,1
2021-03-02,2021-03,HOME,AWAY,2,"(2, 3)",0.4689664628917714,300,"{2: 150.0, 3: 150.0}",1,202.5,0,-545412.5,0
2021-03-02,2021-03,HOME,AWAY,2,"(2, 3)",0.4689664628917714,100,"{2: 50.0, 3: 50.0}",1,92.5,0,-545320.0,0
2021-03-02,2021-03,HOME,AWAY,1,"(2, 3)",0.4689664628917714,100,"{2: 50.0, 3: 50.0}",0,-100.0,0,-545420.0,1
2021-04-01,2021-04,HOME,AWAY,1,"(2, 3)",0.4689664628917714,300,"{2: 150.0, 3: 150.0}",0,-300.0,0,-545720.0,2
2021-04-01,2021-04,HOME,AWAY,1,"(2, 3)",0.4689664628917714,900,"{2: 450.0, 3: 450.0}",0,-900.0,0,-546620.0,3
2021-04-01,2021-04,HOME,AWAY,2,"(2, 3)",0.4689664628917714,2700,"{2: 1350.0, 3: 1350.0}",1,1552.5,0,-545067.5,0
2021-04-01,2021-04,HOME,AWAY,0,"(2, 3)",0.4689664628917714,100,"{2: 50.0, 3: 50.0}",0,-100.0,0,-545167.5,1
2021-04-01,2021-04,HOME,AWAY,3,"(2, 3)",0.4689664628917714,300,"{2: 150.0, 3: 150.0}",1,262.5,0,-544905.0,0
2021-04-01,2021-04,HOME,AWAY,4,"(2, 3)",0.4689664628917714,100,"{2: 50.0, 3: 50.0}",0,-100.0,0,-545005.0,1
2021-04-01,2021-04,HOME,AWAY,3,"(2, 3)",0.4689664628917714,300,"{2: 150.0, 3: 150.0}",1,232.5,0,-544772.5,0
2021-04-01,2021-04,HOME,AWAY,3,"(2, 3)",0.4689664628917714,100,"{2: 50.0, 3: 50.0}",1,80.0,0,-544692.5,0
2021-04-01,2021-04,HOME,AWAY,3,"(2, 3)",0.4689664628917714,100,"{2: 50.0, 3: 50.0}",1,77.49999999999999,0,-544615.0,0
2021-04-01,2021-04,HOME,AWAY,3,"(2, 3)",0.4689664628917714,100,"{2: 50.0, 3: 50.0}",1,77.49999999999999,0,-544537.5,0
2021-04-01,2021-04,HOME,AWAY,3,"(2, 3)",0.4689664628917714,100,"{2: 50.0, 3: 50.0}",1,82.5,0,-544455.0,0
2021-04-02,2021-04,HOME,AWAY,4,"(2, 3)",0.4689664628917714,100,"{2: 50.0, 3: 50.0}",0,-100.0,0,-544555.0,1
2021-04-02,2021-04,HOME,AWAY,2,"(2, 3)",0.4689664628917714,300,"{2: 150.0, 3: 150.0}",1,165.0,0,-544390.0,0
2021-04-02,2021-04,HOME,AWAY,1,"(2, 3)",0.4689664628917714,100,"{2: 50.0, 3: 50.0}",0,-100.0,0,-544490.0,1
2021-04-02,2021-04,HOME,AWAY,1,"(2, 3)",0.4689664628917714,300,"{2: 150.0, 3: 150.0}",0,-300.0,0,-544790.0,2
2021-04-02,2021-04,HOME,AWAY,1,"(2, 3)",0.4689664628917714,900,"{2: 450.0, 3: 450.0}",0,-900.0,0,-545690.0,3
2021-05-01,2021-05,HOME,AWAY,2,"(2, 3)",0.468492557941476,2700,"{2: 1350.0, 3: 1350.0}",1,2700.0,0,-542990.0,0
2021-05-01,2021-05,HOME,AWAY,3,"(2, 3)",0.468492557941476,100,"{2: 50.0, 3: 50.0}",1,97.5,0,-542892.5,0
2021-05-01,2021-05,HOME,AWAY,4,"(2, 3)",0.468492557941476,100,"{2: 50.0, 3: 50.0}",0,-100.0,0,-542992.5,1
2021-05-01,2021-05,HOME,AWAY,2,"(2, 3)",0.468492557941476,300,"{2: 150.0, 3: 150.0}",1,420.0,0,-542572.5,0
2021-05-01,2021-05,HOME,AWAY,2,"(2, 3)",0.468492557941476,100,"{2: 50.0, 3: 50.0}",1,104.99999999999997,0,-542467.5,0
2021-05-01,2021-05,HOME,AWAY,0,"(2, 3)",0.468492557941476,100,"{2: 50.0, 3: 50.0}",0,-100.0,0,-542567.5,1
2021-05-01,2021-05,HOME,AWAY,2,"(2, 3)",0.468492557941476,300,"{2: 150.0, 3: 150.0}",1,262.5,0,-542305.0,0
2021-05-01,2021-05,HOME,AWAY,5,"(2, 3)",0.468492557941476,100,"{2: 50.0, 3: 50.0}",0,-100.0,0,-542405.0,1
2021-05-01,2021-05,HOME,AWAY,2,"(2, 3)",0.468492557941476,300,"{2: 150.0, 3: 150.0}",1,240.0,0,-542165.0,0
2021-05-01,2021-05,HOME,AWAY,5,"(2, 3)",0.468492557941476,100,"{2: 50.0, 3: 50.0}",0,-100.0,0,-542265.0,1
2021-05-01,2021-05,HOME,AWAY,2,"(2, 3)",0.468492557941476,300,"{2: 150.0, 3: 150.0}",1,172.5,0,-542092.5,0
2021-05-01,2021-05,HOME,AWAY,3,"(2, 3)",0.468492557941476,100,"{2: 50.0, 3: 50.0}",1,64.99999999999999,0,-542027.5,0
2021-05-01,2021-05,HOME,AWAY,3,"(2, 3)",0.468492557941476,100,"{2: 50.0, 3: 50.0}",1,80.0,0,-541947.5,0
2021-05-01,2021-05,HOME,AWAY,2,"(2, 3)",0.468492557941476,100,"{2: 50.0, 3: 50.0}",1,90.0,0,-541857.5,0
2021-05-01,2021-05,HOME,AWAY,5,"(2, 3)",0.468492557941476,100,"{2: 50.0, 3: 50.0}",0,-100.0,0,-541957.5,1
2021-05-01,2021-05,HOME,AWAY,2,"(2, 3)",0.468492557941476,300,"{2: 150.0, 3: 150.0}",1,180.0,0,-541777.5,0
2021-06-01,2021-06,HOME,AWAY,3,"(2, 3)",0.46562510534362855,100,"{2: 50.0, 3: 50.0}",1,90.0,0,-541687.5,0
2021-06-01,2021-06,HOME,AWAY,2,"(2, 3)",0.46562510534362855,100,"{2: 50.0, 3: 50.0}",1,92.5,0,-541595.0,0
2021-06-01,2021-06,HOME,AWAY,2,"(2, 3)",0.46562510534362855,100,"{2: 50.0, 3: 50.0}",1,64.99999999999999,0,-541530.0,0
2021-06-01,2021-06,HOME,AWAY,6,"(2, 3)",0.46562510534362855,100,"{2: 50.0, 3: 50.0}",0,-100.0,0,-541630.0,1
2021-06-01,2021-06,HOME,AWAY,2,"(2, 3)",0.46562510534362855,300,"{2: 150.0, 3: 150.0}",1,195.0,0,-541435.0,0
2021-06-02,2021-06,HOME,AWAY,2,"(2, 3)",0.46562510534362855,100,"{2: 50.0, 3: 50.0}",1,57.5,0,-541377.5,0
2021-06-02,2021-06,HOME,AWAY,2,"(2, 3)",0.46562510534362855,100,"{2: 50.0, 3: 50.0}",1,60.000000000000014,0,-541317.5,0
2021-06-02,2021-06,HOME,AWAY,3,"(2, 3)",0.46562510534362855,100,"{2: 50.0, 3: 50.0}",1,70.0,0,-541247.5,0
2021-06-02,2021-06,HOME,AWAY,0,"(2, 3)",0.46562510534362855,100,"{2: 50.0, 3: 50.0}",0,-100.0,0,-541347.5,1
2021-06-02,2021-06,HOME,AWAY,2,"(2, 3)",0.46562510534362855,300,"{2: 150.0, 3: 150.0}",1,345.0,0,-541002.5,0
2021-06-03,2021-06,HOME,AWAY,4,"(2, 3)",0.46562510534362855,100,"{2: 50.0, 3: 50.0}",0,-100.0,0,-541102.5,1
2021-06-03,2021-06,HOME,AWAY,1,"(2, 3)",0.46562510534362855,300,"{2: 150.0, 3: 150.0}",0,-300.0,0,-541402.5,2
2021-06-03,2021-06,HOME,AWAY,2,"(2, 3)",0.46562510534362855,900,"{2: 450.0, 3: 450.0}",1,787.5,0,-540615.0,0
2021-06-03,2021-06,HOME,AWAY,3,"(2, 3)",0.46562510534362855,100,"{2: 50.0, 3: 50.0}",1,75.0,0,-540540.0,0
2021-06-03,2021-06,HOME,AWAY,4,"(2, 3)",0.46562510534362855,100,"{2: 50.0, 3: 50.0}",0,-100.0,0,-540640.0,1
2021-06-04,2021-06,HOME,AWAY,2,"(2, 3)",0.46562510534362855,300,"{2: 150.0, 3: 150.0}",1,247.5,0,-540392.5,0
2021-07-01,2021-07,HOME,AWAY,2,"(2, 3)",0.4695612181090995,100,"{2: 50.0, 3: 50.0}",1,82.5,0,-540310.0,0
2021-07-01,2021-07,HOME,AWAY,5,"(2, 3)",0.4695612181090995,100,"{2: 50.0, 3: 50.0}",0,-100.0,0,-540410.0,1
2021-07-01,2021-07,HOME,AWAY,0,"(2, 3)",0.4695612181090995,300,"{2: 150.0, 3: 150.0}",0,-300.0,0,-540710.0,2
2021-07-01,2021-07,HOME,AWAY,0,"(2, 3)",0.4695612181090995,900,"{2: 450.0, 3: 450.0}",0,-900.0,0,-541610.0,3
2021-07-01,2021-07,HOME,AWAY,6,"(2, 3)",0.4695612181090995,2700,"{2: 1350.0, 3: 1350.0}",0,-2700.0,0,-544310.0,4
2021-07-01,2021-07,HOME,AWAY,3,"(2, 3)",0.4695612181090995,8100,"{2: 4050.0, 3: 4050.0}",1,6075.0,0,-538235.0,0
2021-07-01,2021-07,HOME,AWAY,5,"(2, 3)",0.4695612181090995,100,"{2: 50.0, 3: 50.0}",0,-100.0,0,-538335.0,1
2021-07-01,2021-07,HOME,AWAY,7,"(2, 3)",0.4695612181090995,300,"{2: 150.0, 3: 150.0}",0,-300.0,0,-538635.0,2
2021-07-01,2021-07,HOME,AWAY,3,"(2, 3)",0.4695612181090995,900,"{2: 450.0, 3: 450.0}",1,787.5,0,-537847.5,0
2021-07-01,2021-07,HOME,AWAY,0,"(2, 3)",0.4695612181090995,100,"{2: 50.0, 3: 50.0}",0,-100.0,0,-537947.5,1
2021-07-01,2021-07,HOME,AWAY,2,"(2, 3)",0.4695612181090995,300,"{2: 150.0, 3: 150.0}",1,157.5,0,-537790.0,0
2021-07-01,2021-07,HOME,AWAY,0,"(2, 3)",0.4695612181090995,100,"{2: 50.0, 3: 50.0}",0,-100.0,0,-537890.0,1
2021-07-01,2021-07,HOME,AWAY,2,"(2, 3)",0.4695612181090995,300,"{2: 150.0, 3: 150.0}",1,172.5,0,-537717.5,0
2021-07-01,2021-07,HOME,AWAY,7,"(2, 3)",0.4695612181090995,100,"{2: 50.0, 3: 50.0}",0,-100.0,0,-537817.5,1
2021-07-01,2021-07,HOME,AWAY,1,"(2, 3)",0.4695612181090995,300,"{2: 150.0, 3: 150.0}",0,-300.0,0,-538117.5,2
2021-07-02,2021-07,HOME,AWAY,3,"(2, 3)",0.4695612181090995,900,"{2: 450.0, 3: 450.0}",1,697.5,0,-537420.0,0
2021-08-01,2021-08,HOME,AWAY,1,"(2, 3)",0.464413451819953,100,"{2: 50.0, 3: 50.0}",0,-100.0,0,-537520.0,1
2021-08-01,2021-08,HOME,AWAY,1,"(2, 3)",0.464413451819953,300,"{2: 150.0, 3: 150.0}",0,-300.0,0,-537820.0,2
2021-08-01,2021-08,HOME,AWAY,3,"(2, 3)",0.464413451819953,900,"{2: 450.0, 3: 450.0}",1,720.0,0,-537100.0,0
2021-08-01,2021-08,HOME,AWAY,0,"(2, 3)",0.464413451819953,100,"{2: 50.0, 3: 50.0}",0,-100.0,0,-537200.0,1
2021-08-01,2021-08,HOME,AWAY,1,"(2, 3)",0.464413451819953,300,"{2: 150.0, 3: 150.0}",0,-300.0,0,-537500.0,2
2021-08-01,2021-08,HOME,AWAY,5,"(2, 3)",0.464413451819953,900,"{2: 450.0, 3: 450.0}",0,-900.0,0,-538400.0,3
2021-08-01,2021-08,HOME,AWAY,2,"(2, 3)",0.464413451819953,2700,"{2: 1350.0, 3: 1350.0}",1,1485.0,0,-536915.0,0
2021-08-01,2021-08,HOME,AWAY,4,"(2, 3)",0.464413451819953,100,"{2: 50.0, 3: 50.0}",0,-100.0,0,-537015.0,1
2021-08-01,2021-08,HOME,AWAY,0,"(2, 3)",0.464413451819953,300,"{2: 150.0, 3: 150.0}",0,-300.0,0,-537315.0,2
2021-08-01,2021-08,HOME,AWAY,4,"(2, 3)",0.464413451819953,900,"{2: 450.0, 3: 450.0}",0,-900.0,0,-538215.0,3
2021-08-01,2021-08,HOME,AWAY,5,"(2, 3)",0.464413451819953,2700,"{2: 1350.0, 3: 1350.0}",0,-2700.0,0,-540915.0,4
2021-08-01,2021-08,HOME,AWAY,2,"(2, 3)",0.464413451819953,8100,"{2: 4050.0, 3: 4050.0}",1,4050.0,0,-536865.0,0
2021-08-01,2021-08,HOME,AWAY,0,"(2, 3)",0.464413451819953,100,"{2: 50.0, 3: 50.0}",0,-100.0,0,-536965.0,1
2021-08-01,2021-08,HOME,AWAY,2,"(2, 3)",0.464413451819953,300,"{2: 150.0, 3: 150.0}",1,330.0,0,-536635.0,0
2021-08-01,2021-08,HOME,AWAY,1,"(2, 3)",0.464413451819953,100,"{2: 50.0, 3: 50.0}",0,-100.0,0,-536735.0,1
2021-08-01,2021-08,HOME,AWAY,3,"(2, 3)",0.464413451819953,300,"{2: 150.0, 3: 150.0}",1,240.0,0,-536495.0,0
2021-09-01,2021-09,HOME,AWAY,3,"(2, 3)",0.46766831743850173,100,"{2: 50.0, 3: 50.0}",1,77.49999999999999,0,-536417.5,0
2021-09-01,2021-09,HOME,AWAY,1,"(2, 3)",0.46766831743850173,100,"{2: 50.0, 3: 50.0}",0,-100.0,0,-536517.5,1
2021-09-01,2021-09,HOME,AWAY,5,"(2, 3)",0.46766831743850173,300,"{2: 150.0, 3: 150.0}",0,-300.0,0,-536817.5,2
2021-09-02,2021-09,HOME,AWAY,3,"(2, 3)",0.46766831743850173,900,"{2: 450.0, 3: 450.0}",1,652.5,0,-536165.0,0
2021-09-02,2021-09,HOME,AWAY,2,"(2, 3)",0.46766831743850173,100,"{2: 50.0, 3: 50.0}",1,57.5,0,-536107.5,0
2021-09-02,2021-09,HOME,AWAY,2,"(2, 3)",0.46766831743850173,100,"{2: 50.0, 3: 50.0}",1,80.0,0,-536027.5,0
2021-09-02,2021-09,HOME,AWAY,0,"(2, 3)",0.46766831743850173,100,"{2: 50.0, 3: 50.0}",0,-100.0,0,-536127.5,1
2021-09-02,2021-09,HOME,AWAY,2,"(2, 3)",0.46766831743850173,300,"{2: 150.0, 3: 150.0}",1,157.5,0,-535970.0,0
2021-09-03,2021-09,HOME,AWAY,4,"(2, 3)",0.46766831743850173,100,"{2: 50.0, 3: 50.0}",0,-100.0,0,-536070.0,1
2021-09-03,2021-09,HOME,AWAY,1,"(2, 3)",0.46766831743850173,300,"{2: 150.0, 3: 150.0}",0,-300.0,0,-536370.0,2
2021-09-03,2021-09,HOME,AWAY,3,"(2, 3)",0.46766831743850173,900,"{2: 450.0, 3: 450.0}",1,832.5,0,-535537.5,0
2021-09-03,2021-09,HOME,AWAY,4,"(2, 3)",0.46766831743850173,100,"{2: 50.0, 3: 50.0}",0,-100.0,0,-535637.5,1
2021-09-03,2021-09,HOME,AWAY,3,"(2, 3)",0.46766831743850173,300,"{2: 150.0, 3: 150.0}",1,285.0,0,-535352.5,0
2021-09-03,2021-09,HOME,AWAY,1,"(2, 3)",0.46766831743850173,100,"{2: 50.0, 3: 50.0}",0,-100.0,0,-535452.5,1
2021-09-03,2021-09,HOME,AWAY,0,"(2, 3)",0.46766831743850173,300,"{2: 150.0, 3: 150.0}",0,-300.0,0,-535752.5,2
2021-09-03,2021-09,HOME,AWAY,2,"(2, 3)",0.46766831743850173,900,"{2: 450.0, 3: 450.0}",1,495.0,0,-535257.5,0
2021-10-01,2021-10,HOME,AWAY,4,"(2, 3)",0.45503285932981163,100,"{2: 50.0, 3: 50.0}",0,-100.0,0,-535357.5,1
2021-10-01,2021-10,HOME,AWAY,3,"(2, 3)",0.45503285932981163,300,"{2: 150.0, 3: 150.0}",1,262.5,0,-535095.0,0
2021-10-01,2021-10,HOME,AWAY,2,"(2, 3)",0.45503285932981163,100,"{2: 50.0, 3: 50.0}",1,110.0,0,-534985.0,0
2021-10-06,2021-10,HOME,AWAY,2,"(2, 3)",0.45503285932981163,100,"{2: 50.0, 3: 50.0}",1,80.0,0,-534905.0,0
2021-10-06,2021-10,HOME,AWAY,3,"(2, 3)",0.45503285932981163,100,"{2: 50.0, 3: 50.0}",1,75.0,0,-534830.0,0
2021-10-06,2021-10,HOME,AWAY,3,"(2, 3)",0.45503285932981163,100,"{2: 50.0, 3: 50.0}",1,72.50000000000001,0,-534757.5,0
2021-10-07,2021-10,HOME,AWAY,3,"(2, 3)",0.45503285932981163,100,"{2: 50.0, 3: 50.0}",1,102.5,0,-534655.0,0
2021-10-07,2021-10,HOME,AWAY,2,"(2, 3)",0.45503285932981163,100,"{2: 50.0, 3: 50.0}",1,50.0,0,-534605.0,0
2021-10-07,2021-10,HOME,AWAY,2,"(2, 3)",0.45503285932981163,100,"{2: 50.0, 3: 50.0}",1,64.99999999999999,0,-534540.0,0
2021-10-08,2021-10,HOME,AWAY,0,"(2, 3)",0.45503285932981163,100,"{2: 50.0, 3: 50.0}",0,-100.0,0,-534640.0,1
2021-10-08,2021-10,HOME,AWAY,0,"(2, 3)",0.45503285932981163,300,"{2: 150.0, 3: 150.0}",0,-300.0,0,-534940.0,2
2021-10-08,2021-10,HOME,AWAY,5,"(2, 3)",0.45503285932981163,900,"{2: 450.0, 3: 450.0}",0,-900.0,0,-535840.0,3
2021-10-09,2021-10,HOME,AWAY,1,"(2, 3)",0.45503285932981163,2700,"{2: 1350.0, 3: 1350.0}",0,-2700.0,0,-538540.0,4
2021-10-09,2021-10,HOME,AWAY,3,"(2, 3)",0.45503285932981163,8100,"{2: 4050.0, 3: 4050.0}",1,6885.0,0,-531655.0,0
2021-10-09,2021-10,HOME,AWAY,2,"(2, 3)",0.45503285932981163,100,"{2: 50.0, 3: 50.0}",1,64.99999999999999,0,-531590.0,0
2021-10-09,2021-10,HOME,AWAY,1,"(2, 3)",0.45503285932981163,100,"{2: 50.0, 3: 50.0}",0,-100.0,0,-531690.0,1
2021-11-01,2021-11,HOME,AWAY,1,"(2, 3)",0.4572064284016747,300,"{2: 150.0, 3: 150.0}",0,-300.0,0,-531990.0,2
2021-11-01,2021-11,HOME,AWAY,3,"(2, 3)",0.4572064284016747,900,"{2: 450.0, 3: 450.0}",1,990.0,0,-531000.0,0
2021-11-01,2021-11,HOME,AWAY,3,"(2, 3)",0.4572064284016747,100,"{2: 50.0, 3: 50.0}",1,67.5,0,-530932.5,0
2021-11-01,2021-11,HOME,AWAY,1,"(2, 3)",0.4572064284016747,100,"{2: 50.0, 3: 50.0}",0,-100.0,0,-531032.5,1
2021-11-01,2021-11,HOME,AWAY,3,"(2, 3)",0.4572064284016747,300,"{2: 150.0, 3: 150.0}",1,322.50000000000006,0,-530710.0,0
2021-11-01,2021-11,HOME,AWAY,3,"(2, 3)",0.4572064284016747,100,"{2: 50.0, 3: 50.0}",1,75.0,0,-530635.0,0
2021-11-01,2021-11,HOME,AWAY,5,"(2, 3)",0.4572064284016747,100,"{2: 50.0, 3: 50.0}",0,-100.0,0,-530735.0,1
2021-11-01,2021-11,HOME,AWAY,7,"(2, 3)",0.4572064284016747,300,"{2: 150.0, 3: 150.0}",0,-300.0,0,-531035.0,2
2021-11-01,2021-11,HOME,AWAY,3,"(2, 3)",0.4572064284016747,900,"{2: 450.0, 3: 450.0}",1,630.0,0,-530405.0,0
2021-11-01,2021-11,HOME,AWAY,1,"(2, 3)",0.4572064284016747,100,"{2: 50.0, 3: 50.0}",0,-100.0,0,-530505.0,1
2021-11-01,2021-11,HOME,AWAY,4,"(2, 3)",0.4572064284016747,300,"{2: 150.0, 3: 150.0}",0,-300.0,0,-530805.0,2
2021-11-01,2021-11,HOME,AWAY,1,"(2, 3)",0.4572064284016747,900,"{2: 450.0, 3: 450.0}",0,-900.0,0,-531705.0,3
2021-11-01,2021-11,HOME,AWAY,2,"(2, 3)",0.4572064284016747,2700,"{2: 1350.0, 3: 1350.0}",1,1485.0,0,-530220.0,0
2021-11-01,2021-11,HOME,AWAY,1,"(2, 3)",0.4572064284016747,100,"{2: 50.0, 3: 50.0}",0,-100.0,0,-530320.0,1
2021-11-01,2021-11,HOME,AWAY,2,"(2, 3)",0.4572064284016747,300,"{2: 150.0, 3: 150.0}",1,195.0,0,-530125.0,0
2021-11-02,2021-11,HOME,AWAY,2,"(2, 3)",0.4572064284016747,100,"{2: 50.0, 3: 50.0}",1,92.5,0,-530032.5,0
2021-12-01,2021-12,HOME,AWAY,5,"(2, 3)",0.47031931423755186,100,"{2: 50.0, 3: 50.0}",0,-100.0,0,-530132.5,1
2021-12-01,2021-12,HOME,AWAY,1,"(2, 3)",0.47031931423755186,300,"{2: 150.0, 3: 150.0}",0,-300.0,0,-530432.5,2
2021-12-01,2021-12,HOME,AWAY,4,"(2, 3)",0.47031931423755186,900,"{2: 450.0, 3: 450.0}",0,-900.0,0,-531332.5,3
2021-12-01,2021-12,HOME,AWAY,1,"(2, 3)",0.47031931423755186,2700,"{2: 1350.0, 3: 1350.0}",0,-2700.0,0,-534032.5,4
2021-12-01,2021-12,HOME,AWAY,2,"(2, 3)",0.47031931423755186,8100,"{2: 4050.0, 3: 4050.0}",1,7897.5,0,-526135.0,0
2021-12-02,2021-12,HOME,AWAY,3,"(2, 3)",0.47031931423755186,100,"{2: 50.0, 3: 50.0}",1,75.0,0,-526060.0,0
2021-12-02,2021-12,HOME,AWAY,2,"(2, 3)",0.47031931423755186,100,"{2: 50.0, 3: 50.0}",1,127.5,0,-525932.5,0
2021-12-02,2021-12,HOME,AWAY,1,"(2, 3)",0.47031931423755186,100,"{2: 50.0, 3: 50.0}",0,-100.0,0,-526032.5,1
2021-12-02,2021-12,HOME,AWAY,4,"(2, 3)",0.47031931423755186,300,"{2: 150.0, 3: 150.0}",0,-300.0,0,-526332.5,2
2021-12-02,2021-12,HOME,AWAY,4,"(2, 3)",0.47031931423755186,900,"{2: 450.0, 3: 450.0}",0,-900.0,0,-527232.5,3
2021-12-02,2021-12,HOME,AWAY,0,"(2, 3)",0.47031931423755186,2700,"{2: 1350.0, 3: 1350.0}",0,-2700.0,0,-529932.5,4
2021-12-02,2021-12,HOME,AWAY,4,"(2, 3)",0.47031931423755186,8100,"{2: 4050.0, 3: 4050.0}",0,-8100.0,0,-538032.5,5
2021-12-03,2021-12,HOME,AWAY,4,"(2, 3)",0.47031931423755186,24300,"{2: 12150.0, 3: 12150.0}",0,-24300.0,0,-562332.5,6
2021-12-03,2021-12,HOME,AWAY,3,"(2, 3)",0.47031931423755186,72900,"{2: 36450.0, 3: 36450.0}",1,56497.5,0,-505835.0,0
2021-12-03,2021-12,HOME,AWAY,5,"(2, 3)",0.47031931423755186,100,"{2: 50.0, 3: 50.0}",0,-100.0,0,-505935.0,1
2021-12-03,2021-12,HOME,AWAY,5,"(2, 3)",0.47031931423755186,300,"{2: 150.0, 3: 150.0}",0,-300.0,0,-506235.0,2
2022-01-01,2022-01,HOME,AWAY,4,"(2, 3)",0.4613750607425011,900,"{2: 450.0, 3: 450.0}",0,-900.0,0,-507135.0,3
2022-01-01,2022-01,HOME,AWAY,3,"(2, 3)",0.4613750607425011,2700,"{2: 1350.0, 3: 1350.0}",1,2025.0,0,-505110.0,0
2022-01-01,2022-01,HOME,AWAY,1,"(2, 3)",0.4613750607425011,100,"{2: 50.0, 3: 50.0}",0,-100.0,0,-505210.0,1
2022-01-02,2022-01,HOME,AWAY,1,"(2, 3)",0.4613750607425011,300,"{2: 150.0, 3: 150.0}",0,-300.0,0,-505510.0,2
2022-01-02,2022-01,HOME,AWAY,5,"(2, 3)",0.4613750607425011,900,"{2: 450.0, 3: 450.0}",0,-900.0,0,-506410.0,3
2022-01-02,2022-01,HOME,AWAY,2,"(2, 3)",0.4613750607425011,2700,"{2: 1350.0, 3: 1350.0}",1,1620.0000000000005,0,-504790.0,0
2022-01-02,2022-01,HOME,AWAY,2,"(2, 3)",0.4613750607425011,100,"{2: 50.0, 3: 50.0}",1,95.0,0,-504695.0,0
2022-01-02,2022-01,HOME,AWAY,1,"(2, 3)",0.4613750607425011,100,"{2: 50.0, 3: 50.0}",0,-100.0,0,-504795.0,1
2022-01-02,2022-01,HOME,AWAY,0,"(2, 3)",0.4613750607425011,300,"{2: 150.0, 3: 150.0}",0,-300.0,0,-505095.0,2
2022-01-02,2022-01,HOME,AWAY,5,"(2, 3)",0.4613750607425011,900,"{2: 450.0, 3: 450.0}",0,-900.0,0,-505995.0,3
2022-01-02,2022-01,HOME,AWAY,0,"(2, 3)",0.4613750607425011,2700,"{2: 1350.0, 3: 1350.0}",0,-2700.0,0,-508695.0,4
2022-01-02,2022-01,HOME,AWAY,2,"(2, 3)",0.4613750607425011,8100,"{2: 4050.0, 3: 4050.0}",1,5265.0,0,-503430.0,0
2022-01-02,2022-01,HOME,AWAY,3,"(2, 3)",0.4613750607425011,100,"{2: 50.0, 3: 50.0}",1,82.5,0,-503347.5,0
2022-01-03,2022-01,HOME,AWAY,4,"(2, 3)",0.4613750607425011,100,"{2: 50.0, 3: 50.0}",0,-100.0,0,-503447.5,1
2022-01-03,2022-01,HOME,AWAY,4,"(2, 3)",0.4613750607425011,300,"{2: 150.0, 3: 150.0}",0,-300.0,0,-503747.5,2
2022-01-03,2022-01,HOME,AWAY,2,"(2, 3)",0.4613750607425011,900,"{2: 450.0, 3: 450.0}",1,562.5,0,-503185.0,0
2022-02-09,2022-02,HOME,AWAY,3,"(2, 3)",0.46766831743850173,100,"{2: 50.0, 3: 50.0}",1,107.50000000000003,0,-503077.5,0
2022-02-09,2022-02,HOME,AWAY,2,"(2, 3)",0.46766831743850173,100,"{2: 50.0, 3: 50.0}",1,62.5,0,-503015.0,0
2022-02-09,2022-02,HOME,AWAY,1,"(2, 3)",0.46766831743850173,100,"{2: 50.0, 3: 50.0}",0,-100.0,0,-503115.0,1
2022-02-09,2022-02,HOME,AWAY,3,"(2, 3)",0.46766831743850173,300,"{2: 150.0, 3: 150.0}",1,210.0,0,-502905.0,0
2022-02-09,2022-02,HOME,AWAY,2,"(2, 3)",0.46766831743850173,100,"{2: 50.0, 3: 50.0}",1,85.0,0,-502820.0,0
2022-02-09,2022-02,HOME,AWAY,2,"(2, 3)",0.46766831743850173,100,"{2: 50.0, 3: 50.0}",1,100.0,0,-502720.0,0
2022-02-09,2022-02,HOME,AWAY,4,"(2, 3)",0.46766831743850173,100,"{2: 50.0, 3: 50.0}",0,-100.0,0,-502820.0,1
2022-02-10,2022-02,HOME,AWAY,2,"(2, 3)",0.46766831743850173,300,"{2: 150.0, 3: 150.0}",1,165.0,0,-502655.0,0
2022-02-10,2022-02,HOME,AWAY,1,"(2, 3)",0.46766831743850173,100,"{2: 50.0, 3: 50.0}",0,-100.0,0,-502755.0,1
2022-02-10,2022-02,HOME,AWAY,2,"(2, 3)",0.46766831743850173,300,"{2: 150.0, 3: 150.0}",1,187.5,0,-502567.5,0
2022-02-10,2022-02,HOME,AWAY,2,"(2, 3)",0.46766831743850173,100,"{2: 50.0, 3: 50.0}",1,165.0,0,-502402.5,0
2022-02-10,2022-02,HOME,AWAY,5,"(2, 3)",0.46766831743850173,100,"{2: 50.0, 3: 50.0}",0,-100.0,0,-502502.5,1
2022-02-10,2022-02,HOME,AWAY,2,"(2, 3)",0.46766831743850173,300,"{2: 150.0, 3: 150.0}",1,157.5,0,-502345.0,0
2022-02-10,2022-02,HOME,AWAY,6,"(2, 3)",0.46766831743850173,100,"{2: 50.0, 3: 50.0}",0,-100.0,0,-502445.0,1
2022-02-10,2022-02,HOME,AWAY,4,"(2, 3)",0.46766831743850173,300,"{2: 150.0, 3: 150.0}",0,-300.0,0,-502745.0,2
2022-02-10,2022-02,HOME,AWAY,3,"(2, 3)",0.46766831743850173,900,"{2: 450.0, 3: 450.0}",1,787.5,0,-501957.5,0
2022-03-01,2022-03,HOME,AWAY,4,"(2, 3)",0.46766831743850173,100,"{2: 50.0, 3: 50.0}",0,-100.0,0,-502057.5,1
2022-03-01,2022-03,HOME,AWAY,0,"(2, 3)",0.46766831743850173,300,"{2: 150.0, 3: 150.0}",0,-300.0,0,-502357.5,2
2022-03-01,2022-03,HOME,AWAY,0,"(2, 3)",0.46766831743850173,900,"{2: 450.0, 3: 450.0}",0,-900.0,0,-503257.5,3
2022-03-01,2022-03,HOME,AWAY,1,"(2, 3)",0.46766831743850173,2700,"{2: 1350.0, 3: 1350.0}",0,-2700.0,0,-505957.5,4
2022-03-01,2022-03,HOME,AWAY,0,"(2, 3)",0.46766831743850173,8100,"{2: 4050.0, 3: 4050.0}",0,-8100.0,0,-514057.5,5
2022-03-02,2022-03,HOME,AWAY,0,"(2, 3)",0.46766831743850173,24300,"{2: 12150.0, 3: 12150.0}",0,-24300.0,0,-538357.5,6
2022-03-02,2022-03,HOME,AWAY,2,"(2, 3)",0.46766831743850173,72900,"{2: 36450.0, 3: 36450.0}",1,145800.0,0,-392557.5,0
2022-03-02,2022-03,HOME,AWAY,2,"(2, 3)",0.46766831743850173,100,"{2: 50.0, 3: 50.0}",1,67.5,0,-392490.0,0
2022-03-02,2022-03,HOME,AWAY,0,"(2, 3)",0.46766831743850173,100,"{2: 50.0, 3: 50.0}",0,-100.0,0,-392590.0,1
2022-03-02,2022-03,HOME,AWAY,1,"(2, 3)",0.46766831743850173,300,"{2: 150.0, 3: 150.0}",0,-300.0,0,-392890.0,2
2022-03-02,2022-03,HOME,AWAY,2,"(2, 3)",0.46766831743850173,900,"{2: 450.0, 3: 450.0}",1,517.5,0,-392372.5,0
2022-03-02,2022-03,HOME,AWAY,1,"(2, 3)",0.46766831743850173,100,"{2: 50.0, 3: 50.0}",0,-100.0,0,-392472.5,1
2022-03-02,2022-03,HOME,AWAY,1,"(2, 3)",0.46766831743850173,300,"{2: 150.0, 3: 150.0}",0,-300.0,0,-392772.5,2
2022-03-02,2022-03,HOME,AWAY,1,"(2, 3)",0.46766831743850173,900,"{2: 450.0, 3: 450.0}",0,-900.0,0,-393672.5,3
2022-03-02,2022-03,HOME,AWAY,3,"(2, 3)",0.46766831743850173,2700,"{2: 1350.0, 3: 1350.0}",1,2025.0,0,-391647.5,0
2022-03-03,2022-03,HOME,AWAY,4,"(2, 3)",0.46766831743850173,100,"{2: 50.0, 3: 50.0}",0,-100.0,0,-391747.5,1
2022-04-02,2022-04,HOME,AWAY,3,"(2, 3)",0.4704865158391955,300,"{2: 150.0, 3: 150.0}",1,232.5,0,-391515.0,0
2022-04-02,2022-04,HOME,AWAY,3,"(2, 3)",0.4704865158391955,100,"{2: 50.0, 3: 50.0}",1,82.5,0,-391432.5,0
2022-04-02,2022-04,HOME,AWAY,6,"(2, 3)",0.4704865158391955,100,"{2: 50.0, 3: 50.0}",0,-100.0,0,-391532.5,1
2022-04-02,2022-04,HOME,AWAY,5,"(2, 3)",0.4704865158391955,300,"{2: 150.0, 3: 150.0}",0,-300.0,0,-391832.5,2
2022-04-02,2022-04,HOME,AWAY,1,"(2, 3)",0.4704865158391955,900,"{2: 450.0, 3: 450.0}",0,-900.0,0,-392732.5,3
2022-04-02,2022-04,HOME,AWAY,5,"(2, 3)",0.4704865158391955,2700,"{2: 1350.0, 3: 1350.0}",0,-2700.0,0,-395432.5,4
2022-04-02,2022-04,HOME,AWAY,5,"(2, 3)",0.4704865158391955,8100,"{2: 4050.0, 3: 4050.0}",0,-8100.0,0,-403532.5,5
2022-04-02,2022-04,HOME,AWAY,2,"(2, 3)",0.4704865158391955,24300,"{2: 12150.0, 3: 12150.0}",1,13972.5,0,-389560.0,0
2022-04-02,2022-04,HOME,AWAY,3,"(2, 3)",0.4704865158391955,100,"{2: 50.0, 3: 50.0}",1,67.5,0,-389492.5,0
2022-04-02,2022-04,HOME,AWAY,2,"(2, 3)",0.4704865158391955,100,"{2: 50.0, 3: 50.0}",1,154.99999999999997,0,-389337.5,0
2022-04-02,2022-04,HOME,AWAY,5,"(2, 3)",0.4704865158391955,100,"{2: 50.0, 3: 50.0}",0,-100.0,0,-389437.5,1
2022-04-02,2022-04,HOME,AWAY,3,"(2, 3)",0.4704865158391955,300,"{2: 150.0, 3: 150.0}",1,247.5,0,-389190.0,0
2022-04-02,2022-04,HOME,AWAY,5,"(2, 3)",0.4704865158391955,100,"{2: 50.0, 3: 50.0}",0,-100.0,0,-389290.0,1
2022-04-02,2022-04,HOME,AWAY,4,"(2, 3)",0.4704865158391955,300,"{2: 150.0, 3: 150.0}",0,-300.0,0,-389590.0,2
2022-04-02,2022-04,HOME,AWAY,3,"(2, 3)",0.4704865158391955,900,"{2: 450.0, 3: 450.0}",1,652.5,0,-388937.5,0
2022-04-02,2022-04,HOME,AWAY,6,"(2, 3)",0.4704865158391955,100,"{2: 50.0, 3: 50.0}",0,-100.0,0,-389037.5,1
2022-05-01,2022-05,HOME,AWAY,3,"(2, 3)",0.4667112786483182,300,"{2: 150.0, 3: 150.0}",1,262.5,0,-388775.0,0
2022-05-01,2022-05,HOME,AWAY,2,"(2, 3)",0.4667112786483182,100,"{2: 50.0, 3: 50.0}",1,57.5,0,-388717.5,0
2022-05-01,2022-05,HOME,AWAY,2,"(2, 3)",0.4667112786483182,100,"{2: 50.0, 3: 50.0}",1,62.5,0,-388655.0,0
2022-05-01,2022-05,HOME,AWAY,1,"(2, 3)",0.4667112786483182,100,"{2: 50.0, 3: 50.0}",0,-100.0,0,-388755.0,1
2022-05-01,2022-05,HOME,AWAY,4,"(2, 3)",0.4667112786483182,300,"{2: 150.0, 3: 150.0}",0,-300.0,0,-389055.0,2
2022-05-01,2022-05,HOME,AWAY,4,"(2, 3)",0.4667112786483182,900,"{2: 450.0, 3: 450.0}",0,-900.0,0,-389955.0,3
2022-05-01,2022-05,HOME,AWAY,2,"(2, 3)",0.4667112786483182,2700,"{2: 1350.0, 3: 1350.0}",1,1485.0,0,-388470.0,0
2022-05-01,2022-05,HOME,AWAY,3,"(2, 3)",0.4667112786483182,100,"{2: 50.0, 3: 50.0}",1,95.0,0,-388375.0,0
2022-05-01,2022-05,HOME,AWAY,3,"(2, 3)",0.4667112786483182,100,"{2: 50.0, 3: 50.0}",1,70.0,0,-388305.0,0
2022-05-01,2022-05,HOME,AWAY,4,"(2, 3)",0.4667112786483182,100,"{2: 50.0, 3: 50.0}",0,-100.0,0,-388405.0,1
2022-05-01,2022-05,HOME,AWAY,3,"(2, 3)",0.4667112786483182,300,"{2: 150.0, 3: 150.0}",1,270.0,0,-388135.0,0
2022-05-01,2022-05,HOME,AWAY,3,"(2, 3)",0.4667112786483182,100,"{2: 50.0, 3: 50.0}",1,75.0,0,-388060.0,0
2022-05-01,2022-05,HOME,AWAY,6,"(2, 3)",0.4667112786483182,100,"{2: 50.0, 3: 50.0}",0,-100.0,0,-388160.0,1
2022-05-01,2022-05,HOME,AWAY,2,"(2, 3)",0.4667112786483182,300,"{2: 150.0, 3: 150.0}",1,187.5,0,-387972.5,0
2022-05-01,2022-05,HOME,AWAY,2,"(2, 3)",0.4667112786483182,100,"{2: 50.0, 3: 50.0}",1,64.99999999999999,0,-387907.5,0
2022-05-01,2022-05,HOME,AWAY,3,"(2, 3)",0.4667112786483182,100,"{2: 50.0, 3: 50.0}",1,70.0,0,-387837.5,0
2022-06-01,2022-06,HOME,AWAY,5,"(2, 3)",0.4592369158468991,100,"{2: 50.0, 3: 50.0}",0,-100.0,0,-387937.5,1
2022-06-01,2022-06,HOME,AWAY,1,"(2, 3)",0.4592369158468991,300,"{2: 150.0, 3: 150.0}",0,-300.0,0,-388237.5,2
2022-06-01,2022-06,HOME,AWAY,4,"(2, 3)",0.4592369158468991,900,"{2: 450.0, 3: 450.0}",0,-900.0,0,-389137.5,3
2022-06-01,2022-06,HOME,AWAY,3,"(2, 3)",0.4592369158468991,2700,"{2: 1350.0, 3: 1350.0}",1,2767.5,0,-386370.0,0
2022-06-01,2022-06,HOME,AWAY,2,"(2, 3)",0.4592369158468991,100,"{2: 50.0, 3: 50.0}",1,62.5,0,-386307.5,0
2022-06-01,2022-06,HOME,AWAY,4,"(2, 3)",0.4592369158468991,100,"{2: 50.0, 3: 50.0}",0,-100.0,0,-386407.5,1
2022-06-01,2022-06,HOME,AWAY,3,"(2, 3)",0.4592369158468991,300,"{2: 150.0, 3: 150.0}",1,217.5,0,-386190.0,0
2022-06-01,2022-06,HOME,AWAY,2,"(2, 3)",0.4592369158468991,100,"{2: 50.0, 3: 50.0}",1,52.499999999999986,0,-386137.5,0
2022-06-01,2022-06,HOME,AWAY,1,"(2, 3)",0.4592369158468991,100,"{2: 50.0, 3: 50.0}",0,-100.0,0,-386237.5,1
2022-06-02,2022-06,HOME,AWAY,3,"(2, 3)",0.4592369158468991,300,"{2: 150.0, 3: 150.0}",1,277.5,0,-385960.0,0
2022-06-02,2022-06,HOME,AWAY,2,"(2, 3)",0.4592369158468991,100,"{2: 50.0, 3: 50.0}",1,52.499999999999986,0,-385907.5,0
2022-06-02,2022-06,HOME,AWAY,1,"(2, 3)",0.4592369158468991,100,"{2: 50.0, 3: 50.0}",0,-100.0,0,-386007.5,1
2022-06-02,2022-06,HOME,AWAY,5,"(2, 3)",0.4592369158468991,300,"{2: 150.0, 3: 150.0}",0,-300.0,0,-386307.5,2
2022-06-02,2022-06,HOME,AWAY,4,"(2, 3)",0.4592369158468991,900,"{2: 450.0, 3: 450.0}",0,-900.0,0,-387207.5,3
2022-06-03,2022-06,HOME,AWAY,2,"(2, 3)",0.4592369158468991,2700,"{2: 1350.0, 3: 1350.0}",1,1350.0,0,-385857.5,0
2022-06-03,2022-06,HOME,AWAY,1,"(2, 3)",0.4592369158468991,100,"{2: 50.0, 3: 50.0}",0,-100.0,0,-385957.5,1
2022-07-01,2022-07,HOME,AWAY,3,"(2, 3)",0.4652349829692284,300,"{2: 150.0, 3: 150.0}",1,314.99999999999994,0,-385642.5,0
2022-07-01,2022-07,HOME,AWAY,3,"(2, 3)",0.4652349829692284,100,"{2: 50.0, 3: 50.0}",1,70.0,0,-385572.5,0
2022-07-01,2022-07,HOME,AWAY,2,"(2, 3)",0.4652349829692284,100,"{2: 50.0, 3: 50.0}",1,42.5,0,-385530.0,0
2022-07-02,2022-07,HOME,AWAY,1,"(2, 3)",0.4652349829692284,100,"{2: 50.0, 3: 50.0}",0,-100.0,0,-385630.0,1
2022-07-02,2022-07,HOME,AWAY,2,"(2, 3)",0.4652349829692284,300,"{2: 150.0, 3: 150.0}",1,180.0,0,-385450.0,0
2022-07-02,2022-07,HOME,AWAY,1,"(2, 3)",0.4652349829692284,100,"{2: 50.0, 3: 50.0}",0,-100.0,0,-385550.0,1
2022-07-02,2022-07,HOME,AWAY,5,"(2, 3)",0.4652349829692284,300,"{2: 150.0, 3: 150.0}",0,-300.0,0,-385850.0,2
2022-07-02,2022-07,HOME,AWAY,3,"(2, 3)",0.4652349829692284,900,"{2: 450.0, 3: 450.0}",1,742.5,0,-385107.5,0
2022-07-02,2022-07,HOME,AWAY,3,"(2, 3)",0.4652349829692284,100,"{2: 50.0, 3: 50.0}",1,72.50000000000001,0,-385035.0,0
2022-07-02,2022-07,HOME,AWAY,4,"(2, 3)",0.4652349829692284,100,"{2: 50.0, 3: 50.0}",0,-100.0,0,-385135.0,1
2022-07-02,2022-07,HOME,AWAY,3,"(2, 3)",0.4652349829692284,300,"{2: 150.0, 3: 150.0}",1,225.0,0,-384910.0,0
2022-07-02,2022-07,HOME,AWAY,3,"(2, 3)",0.4652349829692284,100,"{2: 50.0, 3: 50.0}",1,77.49999999999999,0,-384832.5,0
2022-07-02,2022-07,HOME,AWAY,3,"(2, 3)",0.4652349829692284,100,"{2: 50.0, 3: 50.0}",1,75.0,0,-384757.5,0
2022-07-02,2022-07,HOME,AWAY,1,"(2, 3)",0.4652349829692284,100,"{2: 50.0, 3: 50.0}",0,-100.0,0,-384857.5,1
2022-07-02,2022-07,HOME,AWAY,4,"(2, 3)",0.4652349829692284,300,"{2: 150.0, 3: 150.0}",0,-300.0,0,-385157.5,2
2022-07-02,2022-07,HOME,AWAY,3,"(2, 3)",0.4652349829692284,900,"{2: 450.0, 3: 450.0}",1,720.0,0,-384437.5,0
2022-08-01,2022-08,HOME,AWAY,3,"(2, 3)",0.464831053504909,100,"{2: 50.0, 3: 50.0}",1,72.50000000000001,0,-384365.0,0
2022-08-01,2022-08,HOME,AWAY,4,"(2, 3)",0.464831053504909,100,"{2: 50.0, 3: 50.0}",0,-100.0,0,-384465.0,1
2022-08-01,2022-08,HOME,AWAY,1,"(2, 3)",0.464831053504909,300,"{2: 150.0, 3: 150.0}",0,-300.0,0,-384765.0,2
2022-08-01,2022-08,HOME,AWAY,3,"(2, 3)",0.464831053504909,900,"{2: 450.0, 3: 450.0}",1,585.0,0,-384180.0,0
2022-08-01,2022-08,HOME,AWAY,4,"(2, 3)",0.464831053504909,100,"{2: 50.0, 3: 50.0}",0,-100.0,0,-384280.0,1
2022-08-02,2022-08,HOME,AWAY,2,"(2, 3)",0.464831053504909,300,"{2: 150.0, 3: 150.0}",1,187.5,0,-384092.5,0
2022-08-02,2022-08,HOME,AWAY,4,"(2, 3)",0.464831053504909,100,"{2: 50.0, 3: 50.0}",0,-100.0,0,-384192.5,1
2022-08-02,2022-08,HOME,AWAY,0,"(2, 3)",0.464831053504909,300,"{2: 150.0, 3: 150.0}",0,-300.0,0,-384492.5,2
2022-08-02,2022-08,HOME,AWAY,1,"(2, 3)",0.464831053504909,900,"{2: 450.0, 3: 450.0}",0,-900.0,0,-385392.5,3
2022-08-02,2022-08,HOME,AWAY,1,"(2, 3)",0.464831053504909,2700,"{2: 1350.0, 3: 1350.0}",0,-2700.0,0,-388092.5,4
2022-08-02,2022-08,HOME,AWAY,3,"(2, 3)",0.464831053504909,8100,"{2: 4050.0, 3: 4050.0}",1,6480.0,0,-381612.5,0
2022-08-02,2022-08,HOME,AWAY,2,"(2, 3)",0.464831053504909,100,"{2: 50.0, 3: 50.0}",1,75.0,0,-381537.5,0
2022-08-03,2022-08,HOME,AWAY,2,"(2, 3)",0.464831053504909,100,"{2: 50.0, 3: 50.0}",1,62.5,0,-381475.0,0
2022-08-03,2022-08,HOME,AWAY,3,"(2, 3)",0.464831053504909,100,"{2: 50.0, 3: 50.0}",1,100.0,0,-381375.0,0
2022-08-03,2022-08,HOME,AWAY,5,"(2, 3)",0.464831053504909,100,"{2: 50.0, 3: 50.0}",0,-100.0,0,-381475.0,1
2022-08-03,2022-08,HOME,AWAY,1,"(2, 3)",0.464831053504909,300,"{2: 150.0, 3: 150.0}",0,-300.0,0,-381775.0,2
2022-09-01,2022-09,HOME,AWAY,2,"(2, 3)",0.462846119670143,900,"{2: 450.0, 3: 450.0}",1,585.0,0,-381190.0,0
2022-09-01,2022-09,HOME,AWAY,6,"(2, 3)",0.462846119670143,100,"{2: 50.0, 3: 50.0}",0,-100.0,0,-381290.0,1
2022-09-01,2022-09,HOME,AWAY,3,"(2, 3)",0.462846119670143,300,"{2: 150.0, 3: 150.0}",1,210.0,0,-381080.0,0
2022-09-01,2022-09,HOME,AWAY,2,"(2, 3)",0.462846119670143,100,"{2: 50.0, 3: 50.0}",1,104.99999999999997,0,-380975.0,0
2022-09-01,2022-09,HOME,AWAY,3,"(2, 3)",0.462846119670143,100,"{2: 50.0, 3: 50.0}",1,75.0,0,-380900.0,0
2022-09-01,2022-09,HOME,AWAY,3,"(2, 3)",0.462846119670143,100,"{2: 50.0, 3: 50.0}",1,87.5,0,-380812.5,0
2022-09-01,2022-09,HOME,AWAY,0,"(2, 3)",0.462846119670143,100,"{2: 50.0, 3: 50.0}",0,-100.0,0,-380912.5,1
2022-09-02,2022-09,HOME,AWAY,2,"(2, 3)",0.462846119670143,300,"{2: 150.0, 3: 150.0}",1,300.0,0,-380612.5,0
2022-09-02,2022-09,HOME,AWAY,1,"(2, 3)",0.462846119670143,100,"{2: 50.0, 3: 50.0}",0,-100.0,0,-380712.5,1
2022-09-02,2022-09,HOME,AWAY,4,"(2, 3)",0.462846119670143,300,"{2: 150.0, 3: 150.0}",0,-300.0,0,-381012.5,2
2022-09-02,2022-09,HOME,AWAY,2,"(2, 3)",0.462846119670143,900,"{2: 450.0, 3: 450.0}",1,742.5,0,-380270.0,0
2022-09-02,2022-09,HOME,AWAY,1,"(2, 3)",0.462846119670143,100,"{2: 50.0, 3: 50.0}",0,-100.0,0,-380370.0,1
2022-09-02,2022-09,HOME,AWAY,3,"(2, 3)",0.462846119670143,300,"{2: 150.0, 3: 150.0}",1,195.0,0,-380175.0,0
2022-09-02,2022-09,HOME,AWAY,1,"(2, 3)",0.462846119670143,100,"{2: 50.0, 3: 50.0}",0,-100.0,0,-380275.0,1
2022-09-03,2022-09,HOME,AWAY,0,"(2, 3)",0.462846119670143,300,"{2: 150.0, 3: 150.0}",0,-300.0,0,-380575.0,2
2022-09-03,2022-09,HOME,AWAY,4,"(2, 3)",0.462846119670143,900,"{2: 450.0, 3: 450.0}",0,-900.0,0,-381475.0,3
2022-10-01,2022-10,HOME,AWAY,3,"(2, 3)",0.4572064284016747,2700,"{2: 1350.0, 3: 1350.0}",1,2160.0,0,-379315.0,0
2022-10-01,2022-10,HOME,AWAY,2,"(2, 3)",0.4572064284016747,100,"{2: 50.0, 3: 50.0}",1,55.0,0,-379260.0,0
2022-10-01,2022-10,HOME,AWAY,4,"(2, 3)",0.4572064284016747,100,"{2: 50.0, 3: 50.0}",0,-100.0,0,-379360.0,1
2022-10-06,2022-10,HOME,AWAY,5,"(2, 3)",0.4572064284016747,300,"{2: 150.0, 3: 150.0}",0,-300.0,0,-379660.0,2
2022-10-06,2022-10,HOME,AWAY,3,"(2, 3)",0.4572064284016747,900,"{2: 450.0, 3: 450.0}",1,765.0,0,-378895.0,0
2022-10-06,2022-10,HOME,AWAY,2,"(2, 3)",0.4572064284016747,100,"{2: 50.0, 3: 50.0}",1,110.0,0,-378785.0,0
2022-10-06,2022-10,HOME,AWAY,3,"(2, 3)",0.4572064284016747,100,"{2: 50.0, 3: 50.0}",1,75.0,0,-378710.0,0
2022-10-06,2022-10,HOME,AWAY,2,"(2, 3)",0.4572064284016747,100,"{2: 50.0, 3: 50.0}",1,60.000000000000014,0,-378650.0,0
2022-10-06,2022-10,HOME,AWAY,3,"(2, 3)",0.4572064284016747,100,"{2: 50.0, 3: 50.0}",1,80.0,0,-378570.0,0
2022-10-07,2022-10,HOME,AWAY,1,"(2, 3)",0.4572064284016747,100,"{2: 50.0, 3: 50.0}",0,-100.0,0,-378670.0,1
2022-10-07,2022-10,HOME,AWAY,5,"(2, 3)",0.4572064284016747,300,"{2: 150.0, 3: 150.0}",0,-300.0,0,-378970.0,2
2022-10-07,2022-10,HOME,AWAY,3,"(2, 3)",0.4572064284016747,900,"{2: 450.0, 3: 450.0}",1,697.5,0,-378272.5,0
2022-10-07,2022-10,HOME,AWAY,3,"(2, 3)",0.4572064284016747,100,"{2: 50.0, 3: 50.0}",1,72.50000000000001,0,-378200.0,0
2022-10-07,2022-10,HOME,AWAY,3,"(2, 3)",0.4572064284016747,100,"{2: 50.0, 3: 50.0}",1,75.0,0,-378125.0,0
2022-10-08,2022-10,HOME,AWAY,0,"(2, 3)",0.4572064284016747,100,"{2: 50.0, 3: 50.0}",0,-100.0,0,-378225.0,1
2022-10-08,2022-10,HOME,AWAY,5,"(2, 3)",0.4572064284016747,300,"{2: 150.0, 3: 150.0}",0,-300.0,0,-378525.0,2
2022-11-01,2022-11,HOME,AWAY,4,"(2, 3)",0.45098984720255086,900,"{2: 450.0, 3: 450.0}",0,-900.0,0,-379425.0,3
2022-11-01,2022-11,HOME,AWAY,3,"(2, 3)",0.45098984720255086,2700,"{2: 1350.0, 3: 1350.0}",1,2295.0000000000005,0,-377130.0,0
2022-11-01,2022-11,HOME,AWAY,5,"(2, 3)",0.45098984720255086,100,"{2: 50.0, 3: 50.0}",0,-100.0,0,-377230.0,1
2022-11-02,2022-11,HOME,AWAY,4,"(2, 3)",0.45098984720255086,300,"{2: 150.0, 3: 150.0}",0,-300.0,0,-377530.0,2
2022-11-02,2022-11,HOME,AWAY,3,"(2, 3)",0.45098984720255086,900,"{2: 450.0, 3: 450.0}",1,787.5,0,-376742.5,0
2022-11-02,2022-11,HOME,AWAY,1,"(2, 3)",0.45098984720255086,100,"{2: 50.0, 3: 50.0}",0,-100.0,0,-376842.5,1
2022-11-02,2022-11,HOME,AWAY,4,"(2, 3)",0.45098984720255086,300,"{2: 150.0, 3: 150.0}",0,-300.0,0,-377142.5,2
2022-11-02,2022-11,HOME,AWAY,0,"(2, 3)",0.45098984720255086,900,"{2: 450.0, 3: 450.0}",0,-900.0,0,-378042.5,3
2022-11-02,2022-11,HOME,AWAY,1,"(2, 3)",0.45098984720255086,2700,"{2: 1350.0, 3: 1350.0}",0,-2700.0,0,-380742.5,4
2022-11-02,2022-11,HOME,AWAY,0,"(2, 3)",0.45098984720255086,8100,"{2: 4050.0, 3: 4050.0}",0,-8100.0,0,-388842.5,5
2022-11-02,2022-11,HOME,AWAY,3,"(2, 3)",0.45098984720255086,24300,"{2: 12150.0, 3: 12150.0}",1,18832.499999999996,0,-370010.0,0
2022-11-02,2022-11,HOME,AWAY,6,"(2, 3)",0.45098984720255086,100,"{2: 50.0, 3: 50.0}",0,-100.0,0,-370110.0,1
2022-11-02,2022-11,HOME,AWAY,3,"(2, 3)",0.45098984720255086,300,"{2: 150.0, 3: 150.0}",1,240.0,0,-369870.0,0
2022-11-02,2022-11,HOME,AWAY,2,"(2, 3)",0.45098984720255086,100,"{2: 50.0, 3: 50.0}",1,135.0,0,-369735.0,0
2022-11-02,2022-11,HOME,AWAY,1,"(2, 3)",0.45098984720255086,100,"{2: 50.0, 3: 50.0}",0,-100.0,0,-369835.0,1
2022-11-02,2022-11,HOME,AWAY,2,"(2, 3)",0.45098984720255086,300,"{2: 150.0, 3: 150.0}",1,345.0,0,-369490.0,0
2022-12-01,2022-12,HOME,AWAY,3,"(2, 3)",0.4608591946156517,100,"{2: 50.0, 3: 50.0}",1,62.5,0,-369427.5,0
2022-12-01,2022-12,HOME,AWAY,2,"(2, 3)",0.4608591946156517,100,"{2: 50.0, 3: 50.0}",1,62.5,0,-369365.0,0
2022-12-01,2022-12,HOME,AWAY,3,"(2, 3)",0.4608591946156517,100,"{2: 50.0, 3: 50.0}",1,82.5,0,-369282.5,0
2022-12-01,2022-12,HOME,AWAY,0,"(2, 3)",0.4608591946156517,100,"{2: 50.0, 3: 50.0}",0,-100.0,0,-369382.5,1
2022-12-02,2022-12,HOME,AWAY,3,"(2, 3)",0.4608591946156517,300,"{2: 150.0, 3: 150.0}",1,217.5,0,-369165.0,0
2022-12-02,2022-12,HOME,AWAY,6,"(2, 3)",0.4608591946156517,100,"{2: 50.0, 3: 50.0}",0,-100.0,0,-369265.0,1
2022-12-02,2022-12,HOME,AWAY,2,"(2, 3)",0.4608591946156517,300,"{2: 150.0, 3: 150.0}",1,180.0,0,-369085.0,0
2022-12-02,2022-12,HOME,AWAY,3,"(2, 3)",0.4608591946156517,100,"{2: 50.0, 3: 50.0}",1,70.0,0,-369015.0,0
2022-12-03,2022-12,HOME,AWAY,5,"(2, 3)",0.4608591946156517,100,"{2: 50.0, 3: 50.0}",0,-100.0,0,-369115.0,1
2022-12-03,2022-12,HOME,AWAY,1,"(2, 3)",0.4608591946156517,300,"{2: 150.0, 3: 150.0}",0,-300.0,0,-369415.0,2
2022-12-03,2022-12,HOME,AWAY,4,"(2, 3)",0.4608591946156517,900,"{2: 450.0, 3: 450.0}",0,-900.0,0,-370315.0,3
2022-12-04,2022-12,HOME,AWAY,3,"(2, 3)",0.4608591946156517,2700,"{2: 1350.0, 3: 1350.0}",1,1890.0,0,-368425.0,0
2022-12-04,2022-12,HOME,AWAY,4,"(2, 3)",0.4608591946156517,100,"{2: 50.0, 3: 50.0}",0,-100.0,0,-368525.0,1
2022-12-05,2022-12,HOME,AWAY,3,"(2, 3)",0.4608591946156517,300,"{2: 150.0, 3: 150.0}",1,255.0,0,-368270.0,0
2022-12-05,2022-12,HOME,AWAY,2,"(2, 3)",0.4608591946156517,100,"{2: 50.0, 3: 50.0}",1,52.499999999999986,0,-368217.5,0
2022-12-06,2022-12,HOME,AWAY,5,"(2, 3)",0.4608591946156517,100,"{2: 50.0, 3: 50.0}",0,-100.0,0,-368317.5,1
2023-01-01,2023-01,HOME,AWAY,2,"(2, 3)",0.4683645623063804,300,"{2: 150.0, 3: 150.0}",1,314.99999999999994,0,-368002.5,0
2023-01-01,2023-01,HOME,AWAY,4,"(2, 3)",0.4683645623063804,100,"{2: 50.0, 3: 50.0}",0,-100.0,0,-368102.5,1
2023-01-01,2023-01,HOME,AWAY,1,"(2, 3)",0.4683645623063804,300,"{2: 150.0, 3: 150.0}",0,-300.0,0,-368402.5,2
2023-01-01,2023-01,HOME,AWAY,2,"(2, 3)",0.4683645623063804,900,"{2: 450.0, 3: 450.0}",1,540.0000000000001,0,-367862.5,0
2023-01-01,2023-01,HOME,AWAY,2,"(2, 3)",0.4683645623063804,100,"{2: 50.0, 3: 50.0}",1,95.0,0,-367767.5,0
2023-01-01,2023-01,HOME,AWAY,1,"(2, 3)",0.4683645623063804,100,"{2: 50.0, 3: 50.0}",0,-100.0,0,-367867.5,1
2023-01-01,2023-01,HOME,AWAY,1,"(2, 3)",0.4683645623063804,300,"{2: 150.0, 3: 150.0}",0,-300.0,0,-368167.5,2
2023-01-01,2023-01,HOME,AWAY,2,"(2, 3)",0.4683645623063804,900,"{2: 450.0, 3: 450.0}",1,562.5,0,-367605.0,0
2023-01-01,2023-01,HOME,AWAY,2,"(2, 3)",0.4683645623063804,100,"{2: 50.0, 3: 50.0}",1,62.5,0,-367542.5,0
2023-01-01,2023-01,HOME,AWAY,6,"(2, 3)",0.4683645623063804,100,"{2: 50.0, 3: 50.0}",0,-100.0,0,-367642.5,1
2023-01-01,2023-01,HOME,AWAY,3,"(2, 3)",0.4683645623063804,300,"{2: 150.0, 3: 150.0}",1,247.5,0,-367395.0,0
2023-01-01,2023-01,HOME,AWAY,3,"(2, 3)",0.4683645623063804,100,"{2: 50.0, 3: 50.0}",1,87.5,0,-367307.5,0
2023-01-01,2023-01,HOME,AWAY,3,"(2, 3)",0.4683645623063804,100,"{2: 50.0, 3: 50.0}",1,75.0,0,-367232.5,0
2023-01-02,2023-01,HOME,AWAY,3,"(2, 3)",0.4683645623063804,100,"{2: 50.0, 3: 50.0}",1,80.0,0,-367152.5,0
2023-01-02,2023-01,HOME,AWAY,2,"(2, 3)",0.4683645623063804,100,"{2: 50.0, 3: 50.0}",1,77.49999999999999,0,-367075.0,0
2023-01-02,2023-01,HOME,AWAY,2,"(2, 3)",0.4683645623063804,100,"{2: 50.0, 3: 50.0}",1,85.0,0,-366990.0,0
2023-02-01,2023-02,HOME,AWAY,1,"(2, 3)",0.4697279656095994,100,"{2: 50.0, 3: 50.0}",0,-100.0,0,-367090.0,1
2023-02-01,2023-02,HOME,AWAY,3,"(2, 3)",0.4697279656095994,300,"{2: 150.0, 3: 150.0}",1,232.5,0,-366857.5,0
2023-02-01,2023-02,HOME,AWAY,1,"(2, 3)",0.4697279656095994,100,"{2: 50.0, 3: 50.0}",0,-100.0,0,-366957.5,1
2023-02-01,2023-02,HOME,AWAY,3,"(2, 3)",0.4697279656095994,300,"{2: 150.0, 3: 150.0}",1,262.5,0,-366695.0,0
2023-02-01,2023-02,HOME,AWAY,2,"(2, 3)",0.4697279656095994,100,"{2: 50.0, 3: 50.0}",1,50.0,0,-366645.0,0
2023-02-01,2023-02,HOME,AWAY,2,"(2, 3)",0.4697279656095994,100,"{2: 50.0, 3: 50.0}",1,50.0,0,-366595.0,0
2023-02-01,2023-02,HOME,AWAY,3,"(2, 3)",0.4697279656095994,100,"{2: 50.0, 3: 50.0}",1,72.50000000000001,0,-366522.5,0
2023-02-01,2023-02,HOME,AWAY,1,"(2, 3)",0.4697279656095994,100,"{2: 50.0, 3: 50.0}",0,-100.0,0,-366622.5,1
2023-02-01,2023-02,HOME,AWAY,3,"(2, 3)",0.4697279656095994,300,"{2: 150.0, 3: 150.0}",1,210.0,0,-366412.5,0
2023-02-01,2023-02,HOME,AWAY,2,"(2, 3)",0.4697279656095994,100,"{2: 50.0, 3: 50.0}",1,47.500000000000014,0,-366365.0,0
2023-02-02,2023-02,HOME,AWAY,2,"(2, 3)",0.4697279656095994,100,"{2: 50.0, 3: 50.0}",1,97.5,0,-366267.5,0
2023-02-02,2023-02,HOME,AWAY,2,"(2, 3)",0.4697279656095994,100,"{2: 50.0, 3: 50.0}",1,92.5,0,-366175.0,0
2023-02-02,2023-02,HOME,AWAY,4,"(2, 3)",0.4697279656095994,100,"{2: 50.0, 3: 50.0}",0,-100.0,0,-366275.0,1
2023-02-02,2023-02,HOME,AWAY,3,"(2, 3)",0.4697279656095994,300,"{2: 150.0, 3: 150.0}",1,210.0,0,-366065.0,0
2023-02-02,2023-02,HOME,AWAY,4,"(2, 3)",0.4697279656095994,100,"{2: 50.0, 3: 50.0}",0,-100.0,0,-366165.0,1
2023-02-02,2023-02,HOME,AWAY,5,"(2, 3)",0.4697279656095994,300,"{2: 150.0, 3: 150.0}",0,-300.0,0,-366465.0,2
2023-03-01,2023-03,HOME,AWAY,1,"(2, 3)",0.46653911861236785,900,"{2: 450.0, 3: 450.0}",0,-900.0,0,-367365.0,3
2023-03-01,2023-03,HOME,AWAY,2,"(2, 3)",0.46653911861236785,2700,"{2: 1350.0, 3: 1350.0}",1,1687.5,0,-365677.5,0
2023-03-01,2023-03,HOME,AWAY,3,"(2, 3)",0.46653911861236785,100,"{2: 50.0, 3: 50.0}",1,100.0,0,-365577.5,0
2023-03-01,2023-03,HOME,AWAY,3,"(2, 3)",0.46653911861236785,100,"{2: 50.0, 3: 50.0}",1,82.5,0,-365495.0,0
2023-03-01,2023-03,HOME,AWAY,6,"(2, 3)",0.46653911861236785,100,"{2: 50.0, 3: 50.0}",0,-100.0,0,-365595.0,1
2023-03-01,2023-03,HOME,AWAY,3,"(2, 3)",0.46653911861236785,300,"{2: 150.0, 3: 150.0}",1,270.0,0,-365325.0,0
2023-03-01,2023-03,HOME,AWAY,3,"(2, 3)",0.46653911861236785,100,"{2: 50.0, 3: 50.0}",1,87.5,0,-365237.5,0
2023-03-01,2023-03,HOME,AWAY,4,"(2, 3)",0.46653911861236785,100,"{2: 50.0, 3: 50.0}",0,-100.0,0,-365337.5,1
2023-03-01,2023-03,HOME,AWAY,0,"(2, 3)",0.46653911861236785,300,"{2: 150.0, 3: 150.0}",0,-300.0,0,-365637.5,2
2023-03-02,2023-03,HOME,AWAY,2,"(2, 3)",0.46653911861236785,900,"{2: 450.0, 3: 450.0}",1,765.0,0,-364872.5,0
2023-03-02,2023-03,HOME,AWAY,1,"(2, 3)",0.46653911861236785,100,"{2: 50.0, 3: 50.0}",0,-100.0,0,-364972.5,1
2023-03-02,2023-03,HOME,AWAY,3,"(2, 3)",0.46653911861236785,300,"{2: 150.0, 3: 150.0}",1,292.5,0,-364680.0,0
2023-03-02,2023-03,HOME,AWAY,7,"(2, 3)",0.46653911861236785,100,"{2: 50.0, 3: 50.0}",0,-100.0,0,-364780.0,1
2023-03-02,2023-03,HOME,AWAY,3,"(2, 3)",0.46653911861236785,300,"{2: 150.0, 3: 150.0}",1,255.0,0,-364525.0,0
2023-03-02,2023-03,HOME,AWAY,1,"(2, 3)",0.46653911861236785,100,"{2: 50.0, 3: 50.0}",0,-100.0,0,-364625.0,1
2023-03-02,2023-03,HOME,AWAY,4,"(2, 3)",0.46653911861236785,300,"{2: 150.0, 3: 150.0}",0,-300.0,0,-364925.0,2
2023-04-01,2023-04,HOME,AWAY,3,"(2, 3)",0.45629209331441,900,"{2: 450.0, 3: 450.0}",1,742.5,0,-364182.5,0
2023-04-01,2023-04,HOME,AWAY,4,"(2, 3)",0.45629209331441,100,"{2: 50.0, 3: 50.0}",0,-100.0,0,-364282.5,1
2023-04-01,2023-04,HOME,AWAY,6,"(2, 3)",0.45629209331441,300,"{2: 150.0, 3: 150.0}",0,-300.0,0,-364582.5,2
2023-04-01,2023-04,HOME,AWAY,2,"(2, 3)",0.45629209331441,900,"{2: 450.0, 3: 450.0}",1,944.9999999999998,0,-363637.5,0
2023-04-01,2023-04,HOME,AWAY,0,"(2, 3)",0.45629209331441,100,"{2: 50.0, 3: 50.0}",0,-100.0,0,-363737.5,1
2023-04-01,2023-04,HOME,AWAY,1,"(2, 3)",0.45629209331441,300,"{2: 150.0, 3: 150.0}",0,-300.0,0,-364037.5,2
2023-04-01,2023-04,HOME,AWAY,5,"(2, 3)",0.45629209331441,900,"{2: 450.0, 3: 450.0}",0,-900.0,0,-364937.5,3
2023-04-01,2023-04,HOME,AWAY,5,"(2, 3)",0.45629209331441,2700,"{2: 1350.0, 3: 1350.0}",0,-2700.0,0,-367637.5,4
2023-04-01,2023-04,HOME,AWAY,4,"(2, 3)",0.45629209331441,8100,"{2: 4050.0, 3: 4050.0}",0,-8100.0,0,-375737.5,5
2023-04-01,2023-04,HOME,AWAY,2,"(2, 3)",0.45629209331441,24300,"{2: 12150.0, 3: 12150.0}",1,23692.5,0,-352045.0,0
2023-04-01,2023-04,HOME,AWAY,0,"(2, 3)",0.45629209331441,100,"{2: 50.0, 3: 50.0}",0,-100.0,0,-352145.0,1
2023-04-01,2023-04,HOME,AWAY,1,"(2, 3)",0.45629209331441,300,"{2: 150.0, 3: 150.0}",0,-300.0,0,-352445.0,2
2023-04-01,2023-04,HOME,AWAY,6,"(2, 3)",0.45629209331441,900,"{2: 450.0, 3: 450.0}",0,-900.0,0,-353345.0,3
2023-04-01,2023-04,HOME,AWAY,5,"(2, 3)",0.45629209331441,2700,"{2: 1350.0, 3: 1350.0}",0,-2700.0,0,-356045.0,4
2023-04-01,2023-04,HOME,AWAY,2,"(2, 3)",0.45629209331441,8100,"{2: 4050.0, 3: 4050.0}",1,4657.5,0,-351387.5,0
2023-04-01,2023-04,HOME,AWAY,4,"(2, 3)",0.45629209331441,100,"{2: 50.0, 3: 50.0}",0,-100.0,0,-351487.5,1
2023-05-01,2023-05,HOME,AWAY,6,"(2, 3)",0.45098984720255086,300,"{2: 150.0, 3: 150.0}",0,-300.0,0,-351787.5,2
2023-05-01,2023-05,HOME,AWAY,3,"(2, 3)",0.45098984720255086,900,"{2: 450.0, 3: 450.0}",1,787.5,0,-351000.0,0
2023-05-01,2023-05,HOME,AWAY,1,"(2, 3)",0.45098984720255086,100,"{2: 50.0, 3: 50.0}",0,-100.0,0,-351100.0,1
2023-05-01,2023-05,HOME,AWAY,2,"(2, 3)",0.45098984720255086,300,"{2: 150.0, 3: 150.0}",1,180.0,0,-350920.0,0
2023-05-01,2023-05,HOME,AWAY,0,"(2, 3)",0.45098984720255086,100,"{2: 50.0, 3: 50.0}",0,-100.0,0,-351020.0,1
2023-05-02,2023-05,HOME,AWAY,7,"(2, 3)",0.45098984720255086,300,"{2: 150.0, 3: 150.0}",0,-300.0,0,-351320.0,2
2023-05-02,2023-05,HOME,AWAY,2,"(2, 3)",0.45098984720255086,900,"{2: 450.0, 3: 450.0}",1,562.5,0,-350757.5,0
2023-05-02,2023-05,HOME,AWAY,4,"(2, 3)",0.45098984720255086,100,"{2: 50.0, 3: 50.0}",0,-100.0,0,-350857.5,1
2023-05-03,2023-05,HOME,AWAY,1,"(2, 3)",0.45098984720255086,300,"{2: 150.0, 3: 150.0}",0,-300.0,0,-351157.5,2
2023-05-03,2023-05,HOME,AWAY,6,"(2, 3)",0.45098984720255086,900,"{2: 450.0, 3: 450.0}",0,-900.0,0,-352057.5,3
2023-05-03,2023-05,HOME,AWAY,4,"(2, 3)",0.45098984720255086,2700,"{2: 1350.0, 3: 1350.0}",0,-2700.0,0,-354757.5,4
2023-05-03,2023-05,HOME,AWAY,2,"(2, 3)",0.45098984720255086,8100,"{2: 4050.0, 3: 4050.0}",1,5670.0,0,-349087.5,0
2023-05-03,2023-05,HOME,AWAY,6,"(2, 3)",0.45098984720255086,100,"{2: 50.0, 3: 50.0}",0,-100.0,0,-349187.5,1
2023-05-03,2023-05,HOME,AWAY,4,"(2, 3)",0.45098984720255086,300,"{2: 150.0, 3: 150.0}",0,-300.0,0,-349487.5,2
2023-05-03,2023-05,HOME,AWAY,4,"(2, 3)",0.45098984720255086,900,"{2: 450.0, 3: 450.0}",0,-900.0,0,-350387.5,3
2023-05-04,2023-05,HOME,AWAY,5,"(2, 3)",0.45098984720255086,2700,"{2: 1350.0, 3: 1350.0}",0,-2700.0,0,-353087.5,4
2023-06-01,2023-06,HOME,AWAY,4,"(2, 3)",0.4592369158468991,8100,"{2: 4050.0, 3: 4050.0}",0,-8100.0,0,-361187.5,5
2023-06-01,2023-06,HOME,AWAY,6,"(2, 3)",0.4592369158468991,24300,"{2: 12150.0, 3: 12150.0}",0,-24300.0,0,-385487.5,6
2023-06-01,2023-06,HOME,AWAY,1,"(2, 3)",0.4592369158468991,72900,"{2: 36450.0, 3: 36450.0}",0,-72900.0,0,-458387.5,7
2023-06-01,2023-06,HOME,AWAY,2,"(2, 3)",0.4592369158468991,218700,"{2: 109350.0, 3: 109350.0}",1,136687.5,0,-321700.0,0
2023-06-01,2023-06,HOME,AWAY,4,"(2, 3)",0.4592369158468991,100,"{2: 50.0, 3: 50.0}",0,-100.0,0,-321800.0,1
2023-06-01,2023-06,HOME,AWAY,5,"(2, 3)",0.4592369158468991,300,"{2: 150.0, 3: 150.0}",0,-300.0,0,-322100.0,2
2023-06-01,2023-06,HOME,AWAY,3,"(2, 3)",0.4592369158468991,900,"{2: 450.0, 3: 450.0}",1,877.5,0,-321222.5,0
2023-06-01,2023-06,HOME,AWAY,5,"(2, 3)",0.4592369158468991,100,"{2: 50.0, 3: 50.0}",0,-100.0,0,-321322.5,1
2023-06-02,2023-06,HOME,AWAY,3,"(2, 3)",0.4592369158468991,300,"{2: 150.0, 3: 150.0}",1,240.0,0,-321082.5,0
2023-06-02,2023-06,HOME,AWAY,2,"(2, 3)",0.4592369158468991,100,"{2: 50.0, 3: 50.0}",1,70.0,0,-321012.5,0
2023-06-02,2023-06,HOME,AWAY,3,"(2, 3)",0.4592369158468991,100,"{2: 50.0, 3: 50.0}",1,80.0,0,-320932.5,0
2023-06-03,2023-06,HOME,AWAY,3,"(2, 3)",0.4592369158468991,100,"{2: 50.0, 3: 50.0}",1,80.0,0,-320852.5,0
2023-06-03,2023-06,HOME,AWAY,5,"(2, 3)",0.4592369158468991,100,"{2: 50.0, 3: 50.0}",0,-100.0,0,-320952.5,1
2023-06-03,2023-06,HOME,AWAY,1,"(2, 3)",0.4592369158468991,300,"{2: 150.0, 3: 150.0}",0,-300.0,0,-321252.5,2
2023-06-03,2023-06,HOME,AWAY,2,"(2, 3)",0.4592369158468991,900,"{2: 450.0, 3: 450.0}",1,765.0,0,-320487.5,0
2023-06-03,2023-06,HOME,AWAY,3,"(2, 3)",0.4592369158468991,100,"{2: 50.0, 3: 50.0}",1,85.0,0,-320402.5,0
2023-07-01,2023-07,HOME,AWAY,2,"(2, 3)",0.462846119670143,100,"{2: 50.0, 3: 50.0}",1,125.0,0,-320277.5,0
2023-07-01,2023-07,HOME,AWAY,2,"(2, 3)",0.462846119670143,100,"{2: 50.0, 3: 50.0}",1,67.5,0,-320210.0,0
2023-07-01,2023-07,HOME,AWAY,0,"(2, 3)",0.462846119670143,100,"{2: 50.0, 3: 50.0}",0,-100.0,0,-320310.0,1
2023-07-01,2023-07,HOME,AWAY,2,"(2, 3)",0.462846119670143,300,"{2: 150.0, 3: 150.0}",1,262.5,0,-320047.5,0
2023-07-01,2023-07,HOME,AWAY,3,"(2, 3)",0.462846119670143,100,"{2: 50.0, 3: 50.0}",1,85.0,0,-319962.5,0
2023-07-01,2023-07,HOME,AWAY,2,"(2, 3)",0.462846119670143,100,"{2: 50.0, 3: 50.0}",1,72.50000000000001,0,-319890.0,0
2023-07-02,2023-07,HOME,AWAY,2,"(2, 3)",0.462846119670143,100,"{2: 50.0, 3: 50.0}",1,77.49999999999999,0,-319812.5,0
2023-07-02,2023-07,HOME,AWAY,5,"(2, 3)",0.462846119670143,100,"{2: 50.0, 3: 50.0}",0,-100.0,0,-319912.5,1
2023-07-02,2023-07,HOME,AWAY,2,"(2, 3)",0.462846119670143,300,"{2: 150.0, 3: 150.0}",1,225.0,0,-319687.5,0
2023-07-02,2023-07,HOME,AWAY,4,"(2, 3)",0.462846119670143,100,"{2: 50.0, 3: 50.0}",0,-100.0,0,-319787.5,1
2023-07-02,2023-07,HOME,AWAY,1,"(2, 3)",0.462846119670143,300,"{2: 150.0, 3: 150.0}",0,-300.0,0,-320087.5,2
2023-07-02,2023-07,HOME,AWAY,2,"(2, 3)",0.462846119670143,900,"{2: 450.0, 3: 450.0}",1,742.5,0,-319345.0,0
2023-07-02,2023-07,HOME,AWAY,0,"(2, 3)",0.462846119670143,100,"{2: 50.0, 3: 50.0}",0,-100.0,0,-319445.0,1
2023-07-02,2023-07,HOME,AWAY,4,"(2, 3)",0.462846119670143,300,"{2: 150.0, 3: 150.0}",0,-300.0,0,-319745.0,2
2023-07-02,2023-07,HOME,AWAY,1,"(2, 3)",0.462846119670143,900,"{2: 450.0, 3: 450.0}",0,-900.0,0,-320645.0,3
2023-07-02,2023-07,HOME,AWAY,2,"(2, 3)",0.462846119670143,2700,"{2: 1350.0, 3: 1350.0}",1,2295.0000000000005,0,-318350.0,0
2023-08-01,2023-08,HOME,AWAY,4,"(2, 3)",0.4611187028476388,100,"{2: 50.0, 3: 50.0}",0,-100.0,0,-318450.0,1
2023-08-01,2023-08,HOME,AWAY,1,"(2, 3)",0.4611187028476388,300,"{2: 150.0, 3: 150.0}",0,-300.0,0,-318750.0,2
2023-08-01,2023-08,HOME,AWAY,7,"(2, 3)",0.4611187028476388,900,"{2: 450.0, 3: 450.0}",0,-900.0,0,-319650.0,3
2023-08-01,2023-08,HOME,AWAY,0,"(2, 3)",0.4611187028476388,2700,"{2: 1350.0, 3: 1350.0}",0,-2700.0,0,-322350.0,4
2023-08-02,2023-08,HOME,AWAY,4,"(2, 3)",0.4611187028476388,8100,"{2: 4050.0, 3: 4050.0}",0,-8100.0,0,-330450.0,5
2023-08-02,2023-08,HOME,AWAY,3,"(2, 3)",0.4611187028476388,24300,"{2: 12150.0, 3: 12150.0}",1,23085.0,0,-307365.0,0
2023-08-02,2023-08,HOME,AWAY,5,"(2, 3)",0.4611187028476388,100,"{2: 50.0, 3: 50.0}",0,-100.0,0,-307465.0,1
2023-08-02,2023-08,HOME,AWAY,2,"(2, 3)",0.4611187028476388,300,"{2: 150.0, 3: 150.0}",1,210.0,0,-307255.0,0
2023-08-02,2023-08,HOME,AWAY,0,"(2, 3)",0.4611187028476388,100,"{2: 50.0, 3: 50.0}",0,-100.0,0,-307355.0,1
2023-08-02,2023-08,HOME,AWAY,3,"(2, 3)",0.4611187028476388,300,"{2: 150.0, 3: 150.0}",1,277.5,0,-307077.5,0
2023-08-02,2023-08,HOME,AWAY,2,"(2, 3)",0.4611187028476388,100,"{2: 50.0, 3: 50.0}",1,75.0,0,-307002.5,0
2023-08-03,2023-08,HOME,AWAY,4,"(2, 3)",0.4611187028476388,100,"{2: 50.0, 3: 50.0}",0,-100.0,0,-307102.5,1
2023-08-03,2023-08,HOME,AWAY,2,"(2, 3)",0.4611187028476388,300,"{2: 150.0, 3: 150.0}",1,375.0,0,-306727.5,0
2023-08-03,2023-08,HOME,AWAY,4,"(2, 3)",0.4611187028476388,100,"{2: 50.0, 3: 50.0}",0,-100.0,0,-306827.5,1
2023-08-03,2023-08,HOME,AWAY,3,"(2, 3)",0.4611187028476388,300,"{2: 150.0, 3: 150.0}",1,262.5,0,-306565.0,0
2023-08-03,2023-08,HOME,AWAY,2,"(2, 3)",0.4611187028476388,100,"{2: 50.0, 3: 50.0}",1,82.5,0,-306482.5,0
2023-09-01,2023-09,HOME,AWAY,2,"(2, 3)",0.4499191885180898,100,"{2: 50.0, 3: 50.0}",1,72.50000000000001,0,-306410.0,0
2023-09-01,2023-09,HOME,AWAY,5,"(2, 3)",0.4499191885180898,100,"{2: 50.0, 3: 50.0}",0,-100.0,0,-306510.0,1
2023-09-01,2023-09,HOME,AWAY,1,"(2, 3)",0.4499191885180898,300,"{2: 150.0, 3: 150.0}",0,-300.0,0,-306810.0,2
2023-09-01,2023-09,HOME,AWAY,2,"(2, 3)",0.4499191885180898,900,"{2: 450.0, 3: 450.0}",1,1125.0,0,-305685.0,0
2023-09-01,2023-09,HOME,AWAY,4,"(2, 3)",0.4499191885180898,100,"{2: 50.0, 3: 50.0}",0,-100.0,0,-305785.0,1
2023-09-02,2023-09,HOME,AWAY,1,"(2, 3)",0.4499191885180898,300,"{2: 150.0, 3: 150.0}",0,-300.0,0,-306085.0,2
2023-09-02,2023-09,HOME,AWAY,4,"(2, 3)",0.4499191885180898,900,"{2: 450.0, 3: 450.0}",0,-900.0,0,-306985.0,3
2023-09-02,2023-09,HOME,AWAY,4,"(2, 3)",0.4499191885180898,2700,"{2: 1350.0, 3: 1350.0}",0,-2700.0,0,-309685.0,4
2023-09-02,2023-09,HOME,AWAY,4,"(2, 3)",0.4499191885180898,8100,"{2: 4050.0, 3: 4050.0}",0,-8100.0,0,-317785.0,5
2023-09-02,2023-09,HOME,AWAY,4,"(2, 3)",0.4499191885180898,24300,"{2: 12150.0, 3: 12150.0}",0,-24300.0,0,-342085.0,6
2023-09-02,2023-09,HOME,AWAY,3,"(2, 3)",0.4499191885180898,72900,"{2: 36450.0, 3: 36450.0}",1,69255.0,0,-272830.0,0
2023-09-02,2023-09,HOME,AWAY,2,"(2, 3)",0.4499191885180898,100,"{2: 50.0, 3: 50.0}",1,115.0,0,-272715.0,0
2023-09-02,2023-09,HOME,AWAY,2,"(2, 3)",0.4499191885180898,100,"{2: 50.0, 3: 50.0}",1,90.0,0,-272625.0,0
2023-09-02,2023-09,HOME,AWAY,6,"(2, 3)",0.4499191885180898,100,"{2: 50.0, 3: 50.0}",0,-100.0,0,-272725.0,1
2023-09-02,2023-09,HOME,AWAY,3,"(2, 3)",0.4499191885180898,300,"{2: 150.0, 3: 150.0}",1,240.0,0,-272485.0,0
2023-09-02,2023-09,HOME,AWAY,6,"(2, 3)",0.4499191885180898,100,"{2: 50.0, 3: 50.0}",0,-100.0,0,-272585.0,1
2023-10-01,2023-10,HOME,AWAY,2,"(2, 3)",0.44618580664746377,300,"{2: 150.0, 3: 150.0}",1,217.5,0,-272367.5,0
2023-10-01,2023-10,HOME,AWAY,3,"(2, 3)",0.44618580664746377,100,"{2: 50.0, 3: 50.0}",1,92.5,0,-272275.0,0
2023-10-01,2023-10,HOME,AWAY,4,"(2, 3)",0.44618580664746377,100,"{2: 50.0, 3: 50.0}",0,-100.0,0,-272375.0,1
2023-10-01,2023-10,HOME,AWAY,3,"(2, 3)",0.44618580664746377,300,"{2: 150.0, 3: 150.0}",1,240.0,0,-272135.0,0
2023-10-01,2023-10,HOME,AWAY,4,"(2, 3)",0.44618580664746377,100,"{2: 50.0, 3: 50.0}",0,-100.0,0,-272235.0,1
2023-10-01,2023-10,HOME,AWAY,2,"(2, 3)",0.44618580664746377,300,"{2: 150.0, 3: 150.0}",1,240.0,0,-271995.0,0
2023-10-06,2023-10,HOME,AWAY,3,"(2, 3)",0.44618580664746377,100,"{2: 50.0, 3: 50.0}",1,87.5,0,-271907.5,0
2023-10-06,2023-10,HOME,AWAY,4,"(2, 3)",0.44618580664746377,100,"{2: 50.0, 3: 50.0}",0,-100.0,0,-272007.5,1
2023-10-06,2023-10,HOME,AWAY,2,"(2, 3)",0.44618580664746377,300,"{2: 150.0, 3: 150.0}",1,412.5,0,-271595.0,0
2023-10-06,2023-10,HOME,AWAY,3,"(2, 3)",0.44618580664746377,100,"{2: 50.0, 3: 50.0}",1,97.5,0,-271497.5,0
2023-10-06,2023-10,HOME,AWAY,4,"(2, 3)",0.44618580664746377,100,"{2: 50.0, 3: 50.0}",0,-100.0,0,-271597.5,1
2023-10-06,2023-10,HOME,AWAY,7,"(2, 3)",0.44618580664746377,300,"{2: 150.0, 3: 150.0}",0,-300.0,0,-271897.5,2
2023-10-07,2023-10,HOME,AWAY,6,"(2, 3)",0.44618580664746377,900,"{2: 450.0, 3: 450.0}",0,-900.0,0,-272797.5,3
2023-10-07,2023-10,HOME,AWAY,1,"(2, 3)",0.44618580664746377,2700,"{2: 1350.0, 3: 1350.0}",0,-2700.0,0,-275497.5,4
2023-10-07,2023-10,HOME,AWAY,3,"(2, 3)",0.44618580664746377,8100,"{2: 4050.0, 3: 4050.0}",1,6885.0,0,-268612.5,0
2023-10-07,2023-10,HOME,AWAY,2,"(2, 3)",0.44618580664746377,100,"{2: 50.0, 3: 50.0}",1,92.5,0,-268520.0,0
2023-11-01,2023-11,HOME,AWAY,1,"(2, 3)",0.44221120242735557,100,"{2: 50.0, 3: 50.0}",0,-100.0,0,-268620.0,1
2023-11-01,2023-11,HOME,AWAY,1,"(2, 3)",0.44221120242735557,300,"{2: 150.0, 3: 150.0}",0,-300.0,0,-268920.0,2
2023-11-01,2023-11,HOME,AWAY,5,"(2, 3)",0.44221120242735557,900,"{2: 450.0, 3: 450.0}",0,-900.0,0,-269820.0,3
2023-11-01,2023-11,HOME,AWAY,4,"(2, 3)",0.44221120242735557,2700,"{2: 1350.0, 3: 1350.0}",0,-2700.0,0,-272520.0,4
2023-11-01,2023-11,HOME,AWAY,2,"(2, 3)",0.44221120242735557,8100,"{2: 4050.0, 3: 4050.0}",1,5670.0,0,-266850.0,0
2023-11-02,2023-11,HOME,AWAY,3,"(2, 3)",0.44221120242735557,100,"{2: 50.0, 3: 50.0}",1,85.0,0,-266765.0,0
2023-11-02,2023-11,HOME,AWAY,1,"(2, 3)",0.44221120242735557,100,"{2: 50.0, 3: 50.0}",0,-100.0,0,-266865.0,1
2023-11-02,2023-11,HOME,AWAY,4,"(2, 3)",0.44221120242735557,300,"{2: 150.0, 3: 150.0}",0,-300.0,0,-267165.0,2
2023-11-02,2023-11,HOME,AWAY,4,"(2, 3)",0.44221120242735557,900,"{2: 450.0, 3: 450.0}",0,-900.0,0,-268065.0,3
2023-11-02,2023-11,HOME,AWAY,3,"(2, 3)",0.44221120242735557,2700,"{2: 1350.0, 3: 1350.0}",1,2295.0000000000005,0,-265770.0,0
2023-11-02,2023-11,HOME,AWAY,3,"(2, 3)",0.44221120242735557,100,"{2: 50.0, 3: 50.0}",1,85.0,0,-265685.0,0
2023-11-02,2023-11,HOME,AWAY,2,"(2, 3)",0.44221120242735557,100,"{2: 50.0, 3: 50.0}",1,64.99999999999999,0,-265620.0,0
2023-11-02,2023-11,HOME,AWAY,3,"(2, 3)",0.44221120242735557,100,"{2: 50.0, 3: 50.0}",1,82.5,0,-265537.5,0
2023-11-02,2023-11,HOME,AWAY,2,"(2, 3)",0.44221120242735557,100,"{2: 50.0, 3: 50.0}",1,125.0,0,-265412.5,0
2023-11-03,2023-11,HOME,AWAY,2,"(2, 3)",0.44221120242735557,100,"{2: 50.0, 3: 50.0}",1,60.000000000000014,0,-265352.5,0
2023-11-04,2023-11,HOME,AWAY,2,"(2, 3)",0.44221120242735557,100,"{2: 50.0, 3: 50.0}",1,117.49999999999997,0,-265235.0,0
2023-12-01,2023-12,HOME,AWAY,5,"(2, 3)",0.445409691342774,100,"{2: 50.0, 3: 50.0}",0,-100.0,0,-265335.0,1
2023-12-01,2023-12,HOME,AWAY,4,"(2, 3)",0.445409691342774,300,"{2: 150.0, 3: 150.0}",0,-300.0,0,-265635.0,2
2023-12-01,2023-12,HOME,AWAY,2,"(2, 3)",0.445409691342774,900,"{2: 450.0, 3: 450.0}",1,765.0,0,-264870.0,0
2023-12-01,2023-12,HOME,AWAY,5,"(2, 3)",0.445409691342774,100,"{2: 50.0, 3: 50.0}",0,-100.0,0,-264970.0,1
2023-12-01,2023-12,HOME,AWAY,4,"(2, 3)",0.445409691342774,300,"{2: 150.0, 3: 150.0}",0,-300.0,0,-265270.0,2
2023-12-01,2023-12,HOME,AWAY,2,"(2, 3)",0.445409691342774,900,"{2: 450.0, 3: 450.0}",1,1260.0,0,-264010.0,0
2023-12-02,2023-12,HOME,AWAY,5,"(2, 3)",0.445409691342774,100,"{2: 50.0, 3: 50.0}",0,-100.0,0,-264110.0,1
2023-12-02,2023-12,HOME,AWAY,1,"(2, 3)",0.445409691342774,300,"{2: 150.0, 3: 150.0}",0,-300.0,0,-264410.0,2
2023-12-02,2023-12,HOME,AWAY,3,"(2, 3)",0.445409691342774,900,"{2: 450.0, 3: 450.0}",1,810.0,0,-263600.0,0
2023-12-02,2023-12,HOME,AWAY,4,"(2, 3)",0.445409691342774,100,"{2: 50.0, 3: 50.0}",0,-100.0,0,-263700.0,1
2023-12-02,2023-12,HOME,AWAY,1,"(2, 3)",0.445409691342774,300,"{2: 150.0, 3: 150.0}",0,-300.0,0,-264000.0,2
2023-12-02,2023-12,HOME,AWAY,5,"(2, 3)",0.445409691342774,900,"{2: 450.0, 3: 450.0}",0,-900.0,0,-264900.0,3
2023-12-02,2023-12,HOME,AWAY,1,"(2, 3)",0.445409691342774,2700,"{2: 1350.0, 3: 1350.0}",0,-2700.0,0,-267600.0,4
2023-12-02,2023-12,HOME,AWAY,3,"(2, 3)",0.445409691342774,8100,"{2: 4050.0, 3: 4050.0}",1,7290.0,0,-260310.0,0
2023-12-02,2023-12,HOME,AWAY,3,"(2, 3)",0.445409691342774,100,"{2: 50.0, 3: 50.0}",1,95.0,0,-260215.0,0
2023-12-02,2023-12,HOME,AWAY,3,"(2, 3)",0.445409691342774,100,"{2: 50.0, 3: 50.0}",1,104.99999999999997,0,-260110.0,0
2024-01-01,2024-01,HOME,AWAY,2,"(2, 3)",0.46376170842729514,100,"{2: 50.0, 3: 50.0}",1,67.5,0,-260042.5,0
2024-01-01,2024-01,HOME,AWAY,5,"(2, 3)",0.46376170842729514,100,"{2: 50.0, 3: 50.0}",0,-100.0,0,-260142.5,1
2024-01-01,2024-01,HOME,AWAY,1,"(2, 3)",0.46376170842729514,300,"{2: 150.0, 3: 150.0}",0,-300.0,0,-260442.5,2
2024-01-01,2024-01,HOME,AWAY,2,"(2, 3)",0.46376170842729514,900,"{2: 450.0, 3: 450.0}",1,900.0,0,-259542.5,0
2024-01-01,2024-01,HOME,AWAY,3,"(2, 3)",0.46376170842729514,100,"{2: 50.0, 3: 50.0}",1,85.0,0,-259457.5,0
2024-01-01,2024-01,HOME,AWAY,6,"(2, 3)",0.46376170842729514,100,"{2: 50.0, 3: 50.0}",0,-100.0,0,-259557.5,1
2024-01-02,2024-01,HOME,AWAY,6,"(2, 3)",0.46376170842729514,300,"{2: 150.0, 3: 150.0}",0,-300.0,0,-259857.5,2
2024-01-03,2024-01,HOME,AWAY,2,"(2, 3)",0.46376170842729514,900,"{2: 450.0, 3: 450.0}",1,517.5,0,-259340.0,0
2024-01-03,2024-01,HOME,AWAY,4,"(2, 3)",0.46376170842729514,100,"{2: 50.0, 3: 50.0}",0,-100.0,0,-259440.0,1
2024-01-03,2024-01,HOME,AWAY,2,"(2, 3)",0.46376170842729514,300,"{2: 150.0, 3: 150.0}",1,187.5,0,-259252.5,0
2024-01-03,2024-01,HOME,AWAY,5,"(2, 3)",0.46376170842729514,100,"{2: 50.0, 3: 50.0}",0,-100.0,0,-259352.5,1
2024-01-03,2024-01,HOME,AWAY,0,"(2, 3)",0.46376170842729514,300,"{2: 150.0, 3: 150.0}",0,-300.0,0,-259652.5,2
2024-01-04,2024-01,HOME,AWAY,2,"(2, 3)",0.46376170842729514,900,"{2: 450.0, 3: 450.0}",1,517.5,0,-259135.0,0
2024-01-04,2024-01,HOME,AWAY,4,"(2, 3)",0.46376170842729514,100,"{2: 50.0, 3: 50.0}",0,-100.0,0,-259235.0,1
2024-01-04,2024-01,HOME,AWAY,1,"(2, 3)",0.46376170842729514,300,"{2: 150.0, 3: 150.0}",0,-300.0,0,-259535.0,2
2024-01-04,2024-01,HOME,AWAY,3,"(2, 3)",0.46376170842729514,900,"{2: 450.0, 3: 450.0}",1,765.0,0,-258770.0,0
2024-02-01,2024-02,HOME,AWAY,1,"(2, 3)",0.4611187028476388,100,"{2: 50.0, 3: 50.0}",0,-100.0,0,-258870.0,1
2024-02-01,2024-02,HOME,AWAY,2,"(2, 3)",0.4611187028476388,300,"{2: 150.0, 3: 150.0}",1,210.0,0,-258660.0,0
2024-02-01,2024-02,HOME,AWAY,5,"(2, 3)",0.4611187028476388,100,"{2: 50.0, 3: 50.0}",0,-100.0,0,-258760.0,1
2024-02-01,2024-02,HOME,AWAY,4,"(2, 3)",0.4611187028476388,300,"{2: 150.0, 3: 150.0}",0,-300.0,0,-259060.0,2
2024-02-01,2024-02,HOME,AWAY,0,"(2, 3)",0.4611187028476388,900,"{2: 450.0, 3: 450.0}",0,-900.0,0,-259960.0,3
2024-02-01,2024-02,HOME,AWAY,4,"(2, 3)",0.4611187028476388,2700,"{2: 1350.0, 3: 1350.0}",0,-2700.0,0,-262660.0,4
2024-02-01,2024-02,HOME,AWAY,3,"(2, 3)",0.4611187028476388,8100,"{2: 4050.0, 3: 4050.0}",1,6480.0,0,-256180.0,0
2024-02-01,2024-02,HOME,AWAY,5,"(2, 3)",0.4611187028476388,100,"{2: 50.0, 3: 50.0}",0,-100.0,0,-256280.0,1
2024-02-01,2024-02,HOME,AWAY,2,"(2, 3)",0.4611187028476388,300,"{2: 150.0, 3: 150.0}",1,300.0,0,-255980.0,0
2024-02-01,2024-02,HOME,AWAY,2,"(2, 3)",0.4611187028476388,100,"{2: 50.0, 3: 50.0}",1,70.0,0,-255910.0,0
2024-02-02,2024-02,HOME,AWAY,7,"(2, 3)",0.4611187028476388,100,"{2: 50.0, 3: 50.0}",0,-100.0,0,-256010.0,1
2024-02-02,2024-02,HOME,AWAY,2,"(2, 3)",0.4611187028476388,300,"{2: 150.0, 3: 150.0}",1,314.99999999999994,0,-255695.0,0
2024-02-02,2024-02,HOME,AWAY,2,"(2, 3)",0.4611187028476388,100,"{2: 50.0, 3: 50.0}",1,80.0,0,-255615.0,0
2024-02-02,2024-02,HOME,AWAY,1,"(2, 3)",0.4611187028476388,100,"{2: 50.0, 3: 50.0}",0,-100.0,0,-255715.0,1
2024-02-02,2024-02,HOME,AWAY,2,"(2, 3)",0.4611187028476388,300,"{2: 150.0, 3: 150.0}",1,172.5,0,-255542.5,0
2024-02-02,2024-02,HOME,AWAY,6,"(2, 3)",0.4611187028476388,100,"{2: 50.0, 3: 50.0}",0,-100.0,0,-255642.5,1
2024-03-01,2024-03,HOME,AWAY,3,"(2, 3)",0.4543863391837075,300,"{2: 150.0, 3: 150.0}",1,307.5,0,-255335.0,0
2024-03-01,2024-03,HOME,AWAY,3,"(2, 3)",0.4543863391837075,100,"{2: 50.0, 3: 50.0}",1,97.5,0,-255237.5,0
2024-03-01,2024-03,HOME,AWAY,3,"(2, 3)",0.4543863391837075,100,"{2: 50.0, 3: 50.0}",1,87.5,0,-255150.0,0
2024-03-01,2024-03,HOME,AWAY,2,"(2, 3)",0.4543863391837075,100,"{2: 50.0, 3: 50.0}",1,75.0,0,-255075.0,0
2024-03-01,2024-03,HOME,AWAY,2,"(2, 3)",0.4543863391837075,100,"{2: 50.0, 3: 50.0}",1,129.99999999999997,0,-254945.0,0
2024-03-01,2024-03,HOME,AWAY,1,"(2, 3)",0.4543863391837075,100,"{2: 50.0, 3: 50.0}",0,-100.0,0,-255045.0,1
2024-03-02,2024-03,HOME,AWAY,4,"(2, 3)",0.4543863391837075,300,"{2: 150.0, 3: 150.0}",0,-300.0,0,-255345.0,2
2024-03-02,2024-03,HOME,AWAY,4,"(2, 3)",0.4543863391837075,900,"{2: 450.0, 3: 450.0}",0,-900.0,0,-256245.0,3
2024-03-02,2024-03,HOME,AWAY,1,"(2, 3)",0.4543863391837075,2700,"{2: 1350.0, 3: 1350.0}",0,-2700.0,0,-258945.0,4
2024-03-02,2024-03,HOME,AWAY,0,"(2, 3)",0.4543863391837075,8100,"{2: 4050.0, 3: 4050.0}",0,-8100.0,0,-267045.0,5
2024-03-02,2024-03,HOME,AWAY,1,"(2, 3)",0.4543863391837075,24300,"{2: 12150.0, 3: 12150.0}",0,-24300.0,0,-291345.0,6
2024-03-02,2024-03,HOME,AWAY,2,"(2, 3)",0.4543863391837075,72900,"{2: 36450.0, 3: 36450.0}",1,51030.0,0,-240315.0,0
2024-03-02,2024-03,HOME,AWAY,5,"(2, 3)",0.4543863391837075,100,"{2: 50.0, 3: 50.0}",0,-100.0,0,-240415.0,1
2024-03-02,2024-03,HOME,AWAY,2,"(2, 3)",0.4543863391837075,300,"{2: 150.0, 3: 150.0}",1,172.5,0,-240242.5,0
2024-03-02,2024-03,HOME,AWAY,4,"(2, 3)",0.4543863391837075,100,"{2: 50.0, 3: 50.0}",0,-100.0,0,-240342.5,1
2024-03-02,2024-03,HOME,AWAY,2,"(2, 3)",0.4543863391837075,300,"{2: 150.0, 3: 150.0}",1,240.0,0,-240102.5,0
2024-04-01,2024-04,HOME,AWAY,2,"(2, 3)",0.4623686564989344,100,"{2: 50.0, 3: 50.0}",1,87.5,0,-240015.0,0
2024-04-01,2024-04,HOME,AWAY,1,"(2, 3)",0.4623686564989344,100,"{2: 50.0, 3: 50.0}",0,-100.0,0,-240115.0,1
2024-04-01,2024-04,HOME,AWAY,4,"(2, 3)",0.4623686564989344,300,"{2: 150.0, 3: 150.0}",0,-300.0,0,-240415.0,2
2024-04-01,2024-04,HOME,AWAY,3,"(2, 3)",0.4623686564989344,900,"{2: 450.0, 3: 450.0}",1,787.5,0,-239627.5,0
2024-04-01,2024-04,HOME,AWAY,2,"(2, 3)",0.4623686564989344,100,"{2: 50.0, 3: 50.0}",1,67.5,0,-239560.0,0
2024-04-01,2024-04,HOME,AWAY,2,"(2, 3)",0.4623686564989344,100,"{2: 50.0, 3: 50.0}",1,104.99999999999997,0,-239455.0,0
2024-04-01,2024-04,HOME,AWAY,4,"(2, 3)",0.4623686564989344,100,"{2: 50.0, 3: 50.0}",0,-100.0,0,-239555.0,1
2024-04-01,2024-04,HOME,AWAY,2,"(2, 3)",0.4623686564989344,300,"{2: 150.0, 3: 150.0}",1,195.0,0,-239360.0,0
2024-04-01,2024-04,HOME,AWAY,2,"(2, 3)",0.4623686564989344,100,"{2: 50.0, 3: 50.0}",1,107.50000000000003,0,-239252.5,0
2024-04-02,2024-04,HOME,AWAY,0,"(2, 3)",0.4623686564989344,100,"{2: 50.0, 3: 50.0}",0,-100.0,0,-239352.5,1
2024-04-02,2024-04,HOME,AWAY,2,"(2, 3)",0.4623686564989344,300,"{2: 150.0, 3: 150.0}",1,322.50000000000006,0,-239030.0,0
2024-04-02,2024-04,HOME,AWAY,3,"(2, 3)",0.4623686564989344,100,"{2: 50.0, 3: 50.0}",1,77.49999999999999,0,-238952.5,0
2024-04-02,2024-04,HOME,AWAY,2,"(2, 3)",0.4623686564989344,100,"{2: 50.0, 3: 50.0}",1,72.50000000000001,0,-238880.0,0
2024-04-03,2024-04,HOME,AWAY,2,"(2, 3)",0.4623686564989344,100,"{2: 50.0, 3: 50.0}",1,165.0,0,-238715.0,0
2024-04-03,2024-04,HOME,AWAY,4,"(2, 3)",0.4623686564989344,100,"{2: 50.0, 3: 50.0}",0,-100.0,0,-238815.0,1
2024-04-03,2024-04,HOME,AWAY,2,"(2, 3)",0.4623686564989344,300,"{2: 150.0, 3: 150.0}",1,330.0,0,-238485.0,0
2024-05-01,2024-05,HOME,AWAY,3,"(2, 3)",0.43971700436360583,100,"{2: 50.0, 3: 50.0}",1,87.5,0,-238397.5,0
2024-05-01,2024-05,HOME,AWAY,4,"(2, 3)",0.43971700436360583,100,"{2: 50.0, 3: 50.0}",0,-100.0,0,-238497.5,1
2024-05-01,2024-05,HOME,AWAY,3,"(2, 3)",0.43971700436360583,300,"{2: 150.0, 3: 150.0}",1,247.5,0,-238250.0,0
2024-05-01,2024-05,HOME,AWAY,3,"(2, 3)",0.43971700436360583,100,"{2: 50.0, 3: 50.0}",1,85.0,0,-238165.0,0
2024-05-01,2024-05,HOME,AWAY,2,"(2, 3)",0.43971700436360583,100,"{2: 50.0, 3: 50.0}",1,80.0,0,-238085.0,0
2024-05-01,2024-05,HOME,AWAY,3,"(2, 3)",0.43971700436360583,100,"{2: 50.0, 3: 50.0}",1,87.5,0,-237997.5,0
2024-05-02,2024-05,HOME,AWAY,1,"(2, 3)",0.43971700436360583,100,"{2: 50.0, 3: 50.0}",0,-100.0,0,-238097.5,1
2024-05-02,2024-05,HOME,AWAY,4,"(2, 3)",0.43971700436360583,300,"{2: 150.0, 3: 150.0}",0,-300.0,0,-238397.5,2
2024-05-02,2024-05,HOME,AWAY,2,"(2, 3)",0.43971700436360583,900,"{2: 450.0, 3: 450.0}",1,562.5,0,-237835.0,0
2024-05-03,2024-05,HOME,AWAY,3,"(2, 3)",0.43971700436360583,100,"{2: 50.0, 3: 50.0}",1,90.0,0,-237745.0,0
2024-05-03,2024-05,HOME,AWAY,2,"(2, 3)",0.43971700436360583,100,"{2: 50.0, 3: 50.0}",1,162.5,0,-237582.5,0
2024-05-03,2024-05,HOME,AWAY,2,"(2, 3)",0.43971700436360583,100,"{2: 50.0, 3: 50.0}",1,77.49999999999999,0,-237505.0,0
2024-05-03,2024-05,HOME,AWAY,5,"(2, 3)",0.43971700436360583,100,"{2: 50.0, 3: 50.0}",0,-100.0,0,-237605.0,1
2024-05-03,2024-05,HOME,AWAY,6,"(2, 3)",0.43971700436360583,300,"{2: 150.0, 3: 150.0}",0,-300.0,0,-237905.0,2
2024-05-03,2024-05,HOME,AWAY,2,"(2, 3)",0.43971700436360583,900,"{2: 450.0, 3: 450.0}",1,944.9999999999998,0,-236960.0,0
2024-05-03,2024-05,HOME,AWAY,4,"(2, 3)",0.43971700436360583,100,"{2: 50.0, 3: 50.0}",0,-100.0,0,-237060.0,1
2024-06-01,2024-06,HOME,AWAY,5,"(2, 3)",0.4506355547363161,300,"{2: 150.0, 3: 150.0}",0,-300.0,0,-237360.0,2
2024-06-01,2024-06,HOME,AWAY,6,"(2, 3)",0.4506355547363161,900,"{2: 450.0, 3: 450.0}",0,-900.0,0,-238260.0,3
2024-06-01,2024-06,HOME,AWAY,2,"(2, 3)",0.4506355547363161,2700,"{2: 1350.0, 3: 1350.0}",1,2429.9999999999995,0,-235830.0,0
2024-06-01,2024-06,HOME,AWAY,2,"(2, 3)",0.4506355547363161,100,"{2: 50.0, 3: 50.0}",1,67.5,0,-235762.5,0
2024-06-01,2024-06,HOME,AWAY,4,"(2, 3)",0.4506355547363161,100,"{2: 50.0, 3: 50.0}",0,-100.0,0,-235862.5,1
2024-06-01,2024-06,HOME,AWAY,3,"(2, 3)",0.4506355547363161,300,"{2: 150.0, 3: 150.0}",1,285.0,0,-235577.5,0
2024-06-01,2024-06,HOME,AWAY,4,"(2, 3)",0.4506355547363161,100,"{2: 50.0, 3: 50.0}",0,-100.0,0,-235677.5,1
2024-06-01,2024-06,HOME,AWAY,1,"(2, 3)",0.4506355547363161,300,"{2: 150.0, 3: 150.0}",0,-300.0,0,-235977.5,2
2024-06-01,2024-06,HOME,AWAY,6,"(2, 3)",0.4506355547363161,900,"{2: 450.0, 3: 450.0}",0,-900.0,0,-236877.5,3
2024-06-01,2024-06,HOME,AWAY,3,"(2, 3)",0.4506355547363161,2700,"{2: 1350.0, 3: 1350.0}",1,2295.0000000000005,0,-234582.5,0
2024-06-01,2024-06,HOME,AWAY,1,"(2, 3)",0.4506355547363161,100,"{2: 50.0, 3: 50.0}",0,-100.0,0,-234682.5,1
2024-06-02,2024-06,HOME,AWAY,3,"(2, 3)",0.4506355547363161,300,"{2: 150.0, 3: 150.0}",1,285.0,0,-234397.5,0
2024-06-02,2024-06,HOME,AWAY,4,"(2, 3)",0.4506355547363161,100,"{2: 50.0, 3: 50.0}",0,-100.0,0,-234497.5,1
2024-06-02,2024-06,HOME,AWAY,1,"(2, 3)",0.4506355547363161,300,"{2: 150.0, 3: 150.0}",0,-300.0,0,-234797.5,2
2024-06-02,2024-06,HOME,AWAY,3,"(2, 3)",0.4506355547363161,900,"{2: 450.0, 3: 450.0}",1,832.5,0,-233965.0,0
2024-06-02,2024-06,HOME,AWAY,3,"(2, 3)",0.4506355547363161,100,"{2: 50.0, 3: 50.0}",1,80.0,0,-233885.0,0
2024-07-01,2024-07,HOME,AWAY,2,"(2, 3)",0.4682327929031832,100,"{2: 50.0, 3: 50.0}",1,67.5,0,-233817.5,0
2024-07-01,2024-07,HOME,AWAY,5,"(2, 3)",0.4682327929031832,100,"{2: 50.0, 3: 50.0}",0,-100.0,0,-233917.5,1
2024-07-01,2024-07,HOME,AWAY,3,"(2, 3)",0.4682327929031832,300,"{2: 150.0, 3: 150.0}",1,300.0,0,-233617.5,0
2024-07-01,2024-07,HOME,AWAY,0,"(2, 3)",0.4682327929031832,100,"{2: 50.0, 3: 50.0}",0,-100.0,0,-233717.5,1
2024-07-02,2024-07,HOME,AWAY,0,"(2, 3)",0.4682327929031832,300,"{2: 150.0, 3: 150.0}",0,-300.0,0,-234017.5,2
2024-07-02,2024-07,HOME,AWAY,1,"(2, 3)",0.4682327929031832,900,"{2: 450.0, 3: 450.0}",0,-900.0,0,-234917.5,3
2024-07-02,2024-07,HOME,AWAY,4,"(2, 3)",0.4682327929031832,2700,"{2: 1350.0, 3: 1350.0}",0,-2700.0,0,-237617.5,4
2024-07-02,2024-07,HOME,AWAY,1,"(2, 3)",0.4682327929031832,8100,"{2: 4050.0, 3: 4050.0}",0,-8100.0,0,-245717.5,5
2024-07-03,2024-07,HOME,AWAY,3,"(2, 3)",0.4682327929031832,24300,"{2: 12150.0, 3: 12150.0}",1,21262.5,0,-224455.0,0
2024-07-03,2024-07,HOME,AWAY,3,"(2, 3)",0.4682327929031832,100,"{2: 50.0, 3: 50.0}",1,87.5,0,-224367.5,0
2024-07-03,2024-07,HOME,AWAY,2,"(2, 3)",0.4682327929031832,100,"{2: 50.0, 3: 50.0}",1,60.000000000000014,0,-224307.5,0
2024-07-03,2024-07,HOME,AWAY,3,"(2, 3)",0.4682327929031832,100,"{2: 50.0, 3: 50.0}",1,92.5,0,-224215.0,0
2024-07-03,2024-07,HOME,AWAY,1,"(2, 3)",0.4682327929031832,100,"{2: 50.0, 3: 50.0}",0,-100.0,0,-224315.0,1
2024-07-04,2024-07,HOME,AWAY,3,"(2, 3)",0.4682327929031832,300,"{2: 150.0, 3: 150.0}",1,232.5,0,-224082.5,0
2024-07-04,2024-07,HOME,AWAY,7,"(2, 3)",0.4682327929031832,100,"{2: 50.0, 3: 50.0}",0,-100.0,0,-224182.5,1
2024-07-04,2024-07,HOME,AWAY,3,"(2, 3)",0.4682327929031832,300,"{2: 150.0, 3: 150.0}",1,240.0,0,-223942.5,0
2024-08-01,2024-08,HOME,AWAY,4,"(2, 3)",0.45659976447995315,100,"{2: 50.0, 3: 50.0}",0,-100.0,0,-224042.5,1
2024-08-01,2024-08,HOME,AWAY,5,"(2, 3)",0.45659976447995315,300,"{2: 150.0, 3: 150.0}",0,-300.0,0,-224342.5,2
2024-08-01,2024-08,HOME,AWAY,1,"(2, 3)",0.45659976447995315,900,"{2: 450.0, 3: 450.0}",0,-900.0,0,-225242.5,3
2024-08-01,2024-08,HOME,AWAY,3,"(2, 3)",0.45659976447995315,2700,"{2: 1350.0, 3: 1350.0}",1,2227.5,0,-223015.0,0
2024-08-01,2024-08,HOME,AWAY,3,"(2, 3)",0.45659976447995315,100,"{2: 50.0, 3: 50.0}",1,87.5,0,-222927.5,0
2024-08-01,2024-08,HOME,AWAY,1,"(2, 3)",0.45659976447995315,100,"{2: 50.0, 3: 50.0}",0,-100.0,0,-223027.5,1
2024-08-01,2024-08,HOME,AWAY,3,"(2, 3)",0.45659976447995315,300,"{2: 150.0, 3: 150.0}",1,225.0,0,-222802.5,0
2024-08-02,2024-08,HOME,AWAY,2,"(2, 3)",0.45659976447995315,100,"{2: 50.0, 3: 50.0}",1,95.0,0,-222707.5,0
2024-08-02,2024-08,HOME,AWAY,5,"(2, 3)",0.45659976447995315,100,"{2: 50.0, 3: 50.0}",0,-100.0,0,-222807.5,1
2024-08-02,2024-08,HOME,AWAY,1,"(2, 3)",0.45659976447995315,300,"{2: 150.0, 3: 150.0}",0,-300.0,0,-223107.5,2
2024-08-02,2024-08,HOME,AWAY,4,"(2, 3)",0.45659976447995315,900,"{2: 450.0, 3: 450.0}",0,-900.0,0,-224007.5,3
2024-08-02,2024-08,HOME,AWAY,4,"(2, 3)",0.45659976447995315,2700,"{2: 1350.0, 3: 1350.0}",0,-2700.0,0,-226707.5,4
2024-08-02,2024-08,HOME,AWAY,3,"(2, 3)",0.45659976447995315,8100,"{2: 4050.0, 3: 4050.0}",1,7492.5,0,-219215.0,0
2024-08-03,2024-08,HOME,AWAY,2,"(2, 3)",0.45659976447995315,100,"{2: 50.0, 3: 50.0}",1,85.0,0,-219130.0,0
2024-08-03,2024-08,HOME,AWAY,2,"(2, 3)",0.45659976447995315,100,"{2: 50.0, 3: 50.0}",1,64.99999999999999,0,-219065.0,0
2024-08-03,2024-08,HOME,AWAY,3,"(2, 3)",0.45659976447995315,100,"{2: 50.0, 3: 50.0}",1,85.0,0,-218980.0,0
2024-09-01,2024-09,HOME,AWAY,7,"(2, 3)",0.464413451819953,100,"{2: 50.0, 3: 50.0}",0,-100.0,0,-219080.0,1
2024-09-01,2024-09,HOME,AWAY,5,"(2, 3)",0.464413451819953,300,"{2: 150.0, 3: 150.0}",0,-300.0,0,-219380.0,2
2024-09-01,2024-09,HOME,AWAY,1,"(2, 3)",0.464413451819953,900,"{2: 450.0, 3: 450.0}",0,-900.0,0,-220280.0,3
2024-09-01,2024-09,HOME,AWAY,1,"(2, 3)",0.464413451819953,2700,"{2: 1350.0, 3: 1350.0}",0,-2700.0,0,-222980.0,4
2024-09-01,2024-09,HOME,AWAY,3,"(2, 3)",0.464413451819953,8100,"{2: 4050.0, 3: 4050.0}",1,10327.5,0,-212652.5,0
2024-09-01,2024-09,HOME,AWAY,3,"(2, 3)",0.464413451819953,100,"{2: 50.0, 3: 50.0}",1,85.0,0,-212567.5,0
2024-09-01,2024-09,HOME,AWAY,1,"(2, 3)",0.464413451819953,100,"{2: 50.0, 3: 50.0}",0,-100.0,0,-212667.5,1
2024-09-01,2024-09,HOME,AWAY,4,"(2, 3)",0.464413451819953,300,"{2: 150.0, 3: 150.0}",0,-300.0,0,-212967.5,2
2024-09-01,2024-09,HOME,AWAY,2,"(2, 3)",0.464413451819953,900,"{2: 450.0, 3: 450.0}",1,720.0,0,-212247.5,0
2024-09-01,2024-09,HOME,AWAY,2,"(2, 3)",0.464413451819953,100,"{2: 50.0, 3: 50.0}",1,100.0,0,-212147.5,0
2024-09-01,2024-09,HOME,AWAY,1,"(2, 3)",0.464413451819953,100,"{2: 50.0, 3: 50.0}",0,-100.0,0,-212247.5,1
2024-09-01,2024-09,HOME,AWAY,2,"(2, 3)",0.464413451819953,300,"{2: 150.0, 3: 150.0}",1,382.5,0,-211865.0,0
2024-09-01,2024-09,HOME,AWAY,1,"(2, 3)",0.464413451819953,100,"{2: 50.0, 3: 50.0}",0,-100.0,0,-211965.0,1
2024-09-01,2024-09,HOME,AWAY,4,"(2, 3)",0.464413451819953,300,"{2: 150.0, 3: 150.0}",0,-300.0,0,-212265.0,2
2024-09-01,2024-09,HOME,AWAY,0,"(2, 3)",0.464413451819953,900,"{2: 450.0, 3: 450.0}",0,-900.0,0,-213165.0,3
2024-09-01,2024-09,HOME,AWAY,2,"(2, 3)",0.464413451819953,2700,"{2: 1350.0, 3: 1350.0}",1,2429.9999999999995,0,-210735.0,0
2024-10-01,2024-10,HOME,AWAY,2,"(2, 3)",0.44261908107732156,100,"{2: 50.0, 3: 50.0}",1,82.5,0,-210652.5,0
2024-10-01,2024-10,HOME,AWAY,2,"(2, 3)",0.44261908107732156,100,"{2: 50.0, 3: 50.0}",1,80.0,0,-210572.5,0
2024-10-01,2024-10,HOME,AWAY,3,"(2, 3)",0.44261908107732156,100,"{2: 50.0, 3: 50.0}",1,102.5,0,-210470.0,0
2024-10-01,2024-10,HOME,AWAY,5,"(2, 3)",0.44261908107732156,100,"{2: 50.0, 3: 50.0}",0,-100.0,0,-210570.0,1
2024-10-01,2024-10,HOME,AWAY,4,"(2, 3)",0.44261908107732156,300,"{2: 150.0, 3: 150.0}",0,-300.0,0,-210870.0,2
2024-10-01,2024-10,HOME,AWAY,4,"(2, 3)",0.44261908107732156,900,"{2: 450.0, 3: 450.0}",0,-900.0,0,-211770.0,3
2024-10-01,2024-10,HOME,AWAY,4,"(2, 3)",0.44261908107732156,2700,"{2: 1350.0, 3: 1350.0}",0,-2700.0,0,-214470.0,4
2024-10-05,2024-10,HOME,AWAY,4,"(2, 3)",0.44261908107732156,8100,"{2: 4050.0, 3: 4050.0}",0,-8100.0,0,-222570.0,5
2024-10-05,2024-10,HOME,AWAY,1,"(2, 3)",0.44261908107732156,24300,"{2: 12150.0, 3: 12150.0}",0,-24300.0,0,-246870.0,6
2024-10-05,2024-10,HOME,AWAY,4,"(2, 3)",0.44261908107732156,72900,"{2: 36450.0, 3: 36450.0}",0,-72900.0,0,-319770.0,7
2024-10-05,2024-10,HOME,AWAY,1,"(2, 3)",0.44261908107732156,218700,"{2: 109350.0, 3: 109350.0}",0,-218700.0,1,-538470.0,0
2024-10-05,2024-10,HOME,AWAY,1,"(2, 3)",0.44261908107732156,100,"{2: 50.0, 3: 50.0}",0,-100.0,0,-538570.0,1
2024-10-05,2024-10,HOME,AWAY,3,"(2, 3)",0.44261908107732156,300,"{2: 150.0, 3: 150.0}",1,232.5,0,-538337.5,0
2024-10-05,2024-10,HOME,AWAY,4,"(2, 3)",0.44261908107732156,100,"{2: 50.0, 3: 50.0}",0,-100.0,0,-538437.5,1
2024-10-05,2024-10,HOME,AWAY,5,"(2, 3)",0.44261908107732156,300,"{2: 150.0, 3: 150.0}",0,-300.0,0,-538737.5,2
2024-10-05,2024-10,HOME,AWAY,5,"(2, 3)",0.44261908107732156,900,"{2: 450.0, 3: 450.0}",0,-900.0,0,-539637.5,3
2024-11-01,2024-11,HOME,AWAY,6,"(2, 3)",0.45629209331441,2700,"{2: 1350.0, 3: 1350.0}",0,-2700.0,0,-542337.5,4
2024-11-01,2024-11,HOME,AWAY,1,"(2, 3)",0.45629209331441,8100,"{2: 4050.0, 3: 4050.0}",0,-8100.0,0,-550437.5,5
2024-11-01,2024-11,HOME,AWAY,2,"(2, 3)",0.45629209331441,24300,"{2: 12150.0, 3: 12150.0}",1,21262.5,0,-529175.0,0
2024-11-01,2024-11,HOME,AWAY,5,"(2, 3)",0.45629209331441,100,"{2: 50.0, 3: 50.0}",0,-100.0,0,-529275.0,1
2024-11-01,2024-11,HOME,AWAY,1,"(2, 3)",0.45629209331441,300,"{2: 150.0, 3: 150.0}",0,-300.0,0,-529575.0,2
2024-11-02,2024-11,HOME,AWAY,1,"(2, 3)",0.45629209331441,900,"{2: 450.0, 3: 450.0}",0,-900.0,0,-530475.0,3
2024-11-02,2024-11,HOME,AWAY,2,"(2, 3)",0.45629209331441,2700,"{2: 1350.0, 3: 1350.0}",1,1822.5,0,-528652.5,0
2024-11-02,2024-11,HOME,AWAY,0,"(2, 3)",0.45629209331441,100,"{2: 50.0, 3: 50.0}",0,-100.0,0,-528752.5,1
2024-11-02,2024-11,HOME,AWAY,4,"(2, 3)",0.45629209331441,300,"{2: 150.0, 3: 150.0}",0,-300.0,0,-529052.5,2
2024-11-02,2024-11,HOME,AWAY,2,"(2, 3)",0.45629209331441,900,"{2: 450.0, 3: 450.0}",1,607.5,0,-528445.0,0
2024-11-02,2024-11,HOME,AWAY,3,"(2, 3)",0.45629209331441,100,"{2: 50.0, 3: 50.0}",1,80.0,0,-528365.0,0
2024-11-02,2024-11,HOME,AWAY,1,"(2, 3)",0.45629209331441,100,"{2: 50.0, 3: 50.0}",0,-100.0,0,-528465.0,1
2024-11-02,2024-11,HOME,AWAY,1,"(2, 3)",0.45629209331441,300,"{2: 150.0, 3: 150.0}",0,-300.0,0,-528765.0,2
2024-11-02,2024-11,HOME,AWAY,2,"(2, 3)",0.45629209331441,900,"{2: 450.0, 3: 450.0}",1,855.0,0,-527910.0,0
2024-11-02,2024-11,HOME,AWAY,2,"(2, 3)",0.45629209331441,100,"{2: 50.0, 3: 50.0}",1,95.0,0,-527815.0,0
2024-11-02,2024-11,HOME,AWAY,2,"(2, 3)",0.45629209331441,100,"{2: 50.0, 3: 50.0}",1,95.0,0,-527720.0,0
2024-12-01,2024-12,HOME,AWAY,2,"(2, 3)",0.45134152486997803,100,"{2: 50.0, 3: 50.0}",1,104.99999999999997,0,-527615.0,0
2024-12-01,2024-12,HOME,AWAY,3,"(2, 3)",0.45134152486997803,100,"{2: 50.0, 3: 50.0}",1,87.5,0,-527527.5,0
2024-12-01,2024-12,HOME,AWAY,4,"(2, 3)",0.45134152486997803,100,"{2: 50.0, 3: 50.0}",0,-100.0,0,-527627.5,1
2024-12-01,2024-12,HOME,AWAY,5,"(2, 3)",0.45134152486997803,300,"{2: 150.0, 3: 150.0}",0,-300.0,0,-527927.5,2
2024-12-01,2024-12,HOME,AWAY,3,"(2, 3)",0.45134152486997803,900,"{2: 450.0, 3: 450.0}",1,787.5,0,-527140.0,0
2024-12-01,2024-12,HOME,AWAY,3,"(2, 3)",0.45134152486997803,100,"{2: 50.0, 3: 50.0}",1,92.5,0,-527047.5,0
2024-12-01,2024-12,HOME,AWAY,4,"(2, 3)",0.45134152486997803,100,"{2: 50.0, 3: 50.0}",0,-100.0,0,-527147.5,1
2024-12-01,2024-12,HOME,AWAY,7,"(2, 3)",0.45134152486997803,300,"{2: 150.0, 3: 150.0}",0,-300.0,0,-527447.5,2
2024-12-01,2024-12,HOME,AWAY,2,"(2, 3)",0.45134152486997803,900,"{2: 450.0, 3: 450.0}",1,1125.0,0,-526322.5,0
2024-12-01,2024-12,HOME,AWAY,1,"(2, 3)",0.45134152486997803,100,"{2: 50.0, 3: 50.0}",0,-100.0,0,-526422.5,1
2024-12-01,2024-12,HOME,AWAY,1,"(2, 3)",0.45134152486997803,300,"{2: 150.0, 3: 150.0}",0,-300.0,0,-526722.5,2
2024-12-01,2024-12,HOME,AWAY,5,"(2, 3)",0.45134152486997803,900,"{2: 450.0, 3: 450.0}",0,-900.0,0,-527622.5,3
2024-12-01,2024-12,HOME,AWAY,4,"(2, 3)",0.45134152486997803,2700,"{2: 1350.0, 3: 1350.0}",0,-2700.0,0,-530322.5,4
2024-12-01,2024-12,HOME,AWAY,5,"(2, 3)",0.45134152486997803,8100,"{2: 4050.0, 3: 4050.0}",0,-8100.0,0,-538422.5,5
2024-12-01,2024-12,HOME,AWAY,3,"(2, 3)",0.45134152486997803,24300,"{2: 12150.0, 3: 12150.0}",1,24907.5,0,-513515.0,0
2024-12-01,2024-12,HOME,AWAY,6,"(2, 3)",0.45134152486997803,100,"{2: 50.0, 3: 50.0}",0,-100.0,0,-513615.0,1
